{
  "title": "FS200 Alle Fuzzies freuen sich",
  "subtitle": "WWDC — PDF Tools — Elektromobilität",
  "summary": "Nun haben wir tatsächlich zweihundert Sendungen dieses Formats aufgenommen. Neun Jahre haben wir dafür gebraucht. Es ist schon ein wenig faszinierend zu sehen, wie sich die Show über die Zeit entwickelt hat und wir sind dankbar für das andauernde Interesse an unserem Projekt durch tausende Hörerinnen und Hörer. In dieser Sendung reden wir natürlich über die letzte WWDC und die zahlreichen Ankündigungen und technischen Neuigkeiten.",
  "publicationDate": "2017-06-15T00:56:31.000Z",
  "link": "http://freakshow.fm/fs200-alle-fuzzies-freuen-sich",
  "show": {
    "title": "Freak Show",
    "subtitle": "Menschen! Technik! Sensationen!",
    "summary": "Die muntere Talk Show um Leben mit Technik, das Netz und Technikkultur. Bisweilen Apple-lastig aber selten einseitig. Wir leben und lieben Technologie und reden darüber. Mit Tim, hukl, roddi, Clemens und Denis. Freak Show hieß irgendwann mal mobileMacs.",
    "poster": "http://freakshow.fm/wp-content/cache/podlove/04/662a9d4edcf77ea2abe3c74681f509/freak-show_original.jpg",
    "link": "http://freakshow.fm"
  },
  "duration": "03:46:48",
  "chapters": [
    {
      "start": "00:00:00.000",
      "title": "Intro"
    },
    {
      "start": "00:01:24.010",
      "title": "Dieses und nächstes"
    },
    {
      "start": "00:08:19.712",
      "title": "Zweihundert"
    },
    {
      "start": "00:15:19.210",
      "title": "Geschenke und Kontributionen"
    },
    {
      "start": "00:17:54.898",
      "title": "USB-C Adapter und Keyboards"
    },
    {
      "start": "00:25:55.632",
      "title": "Keine Schoki für die Freak Show"
    },
    {
      "start": "00:29:26.623",
      "title": "FreeBSD"
    },
    {
      "start": "00:32:08.564",
      "title": "WWDC"
    },
    {
      "start": "00:42:22.133",
      "title": "APFS"
    },
    {
      "start": "01:00:28.277",
      "title": "Apple Pay"
    },
    {
      "start": "01:14:51.727",
      "title": "macOS: Neue Audio und Video Codecs"
    },
    {
      "start": "01:26:42.133",
      "title": "Podcasting Extension"
    },
    {
      "start": "01:37:21.374",
      "title": "CoreNFC"
    },
    {
      "start": "01:38:55.526",
      "title": "Machine Learning"
    },
    {
      "start": "01:51:11.489",
      "title": "iPad UI"
    },
    {
      "start": "02:03:57.967",
      "title": "64 Bit Transition"
    },
    {
      "start": "02:12:39.194",
      "title": "HomeKit"
    },
    {
      "start": "02:18:04.682",
      "title": "OS Networking Changes"
    },
    {
      "start": "02:31:55.511",
      "title": "iOS Video Player und Volume Control"
    },
    {
      "start": "02:32:53.408",
      "title": "Apple Maps und Berlin"
    },
    {
      "start": "02:35:50.832",
      "title": "PDFOutliner"
    },
    {
      "start": "02:39:06.109",
      "title": "FreeBSD Foundation"
    },
    {
      "start": "02:42:30.912",
      "title": "Roaming in Europe"
    },
    {
      "start": "02:43:57.792",
      "title": "Neue iMacs"
    },
    {
      "start": "02:48:33.344",
      "title": "iMac Pro"
    },
    {
      "start": "02:53:58.778",
      "title": "Computer Name Spaces"
    },
    {
      "start": "03:02:32.097",
      "title": "Rechner zählen"
    },
    {
      "start": "03:10:28.148",
      "title": "Externe GPUs und Mac Pro"
    },
    {
      "start": "03:12:12.857",
      "title": "HomePod"
    },
    {
      "start": "03:31:18.986",
      "title": "Ladeinfrastruktur für E-Autos"
    },
    {
      "start": "03:45:06.544",
      "title": "Ausklang"
    }
  ],
  "audio": [
    {
      "url": "https://tracking.feedpress.it/link/13453/6025850/fs200-alle-fuzzies-freuen-sich.m4a",
      "mimeType": "audio/mp4",
      "size": 86907916,
      "title": "Audio MP4"
    }
  ],
  "reference": {
    "share": "//podlove-player.surge.sh/share",
    "config": "//podlove-player.surge.sh/fixtures/1055f434.json",
    "origin": "http://freakshow.fm/fs200-alle-fuzzies-freuen-sich"
  },
  "theme": {
    "main": "rgb(251,237,186)"
  }
}
