{
  "title": "CRE178 Jugendmedienarbeit",
  "subtitle": "Von der schwierigen Aufgabe, Kinder und Jugendliche mit Technologie und Kommunikation vertraut zu machen",
  "summary": "Kinder und Jugendliche an Computer, Medien und Internet heranzuführen ist nicht immer einfach, besonders in den bildungsfernen Bereichen der Gesellschaft und in einer Jugendkultur, die Technik unreflektiert als blosses Gebrauchswerkzeug betrachtet. In speziellen Jugendeinrichtungen wird versucht, diesen Jugendlichen Interesse an Technik und ein Verständnis für die Implikationen der offenen Kommunikation im Netz entgegenzubringen.\n\nIm Gespräch mit Tim Pritlove berichtet Sozialpädagoge und Leiter eines Berliner Medienkomptenzzentrums Bernd Dörr von der Arbeit mit Kindern und Jugendlichen und von den Erfordernissen in Hinblick auf Erziehung und politischer Gestaltung der Thematik in der Gesellschaft.\n\nThemen: Medienkompetenzzentren in Berlin; Sozialpädagogie; wer geht in Medienkompetenzzentren; Interesse für Technik vs. Kommunikation; wie man Grundkenntnisse vermittelt; Computerführerschein; Motivation und Frust von Betreuern; die Entwicklung des Verstehens bei Kindern und Jugendlichen; Problemfeld Fernsehen; Lernen am Computer; wie Kinder lernen und wann sie lernen wollen; Lern- und Unterhaltungsspiele; Lernsoftware; Serious Games; Netzsperren, Filter und jugendgefährdende Inhalte; der Jugendmedienschutz-Staatsvertrag; angemessener Jugendschutz im Internet; Soziale Netzwerke; digitale Hilfsmittel beim Lernen und in der Schule.",
  "publicationDate": "2011-04-09T01:30:00.000Z",
  "poster": "http://cre.fm/wp-content/cache/podlove/54/cd2dbade284e06b63179924ecb4c51/cre178-jugendmedienarbeit_original.jpg",
  "link": "http://cre.fm/cre178-jugendmedienarbeit",
  "show": {
    "title": "CRE: Technik, Kultur, Gesellschaft",
    "subtitle": "Der Interview-Podcast mit Tim Pritlove",
    "summary": "Intensive und ausführliche Gespräche über Themen aus Technik, Kultur und Gesellschaft, das ist CRE. Interessante Gesprächspartner stehen Rede und Antwort zu Fragen, die man normalerweise selten gestellt bekommt. CRE möchte  aufklären, weiterbilden und unterhalten.",
    "poster": "http://cre.fm/wp-content/cache/podlove/6b/8074d85b886d8dedb4945715694ba7/cre-technik-kultur-gesellschaft_original.jpg",
    "link": "http://cre.fm"
  },
  "duration": "02:17:48",
  "chapters": [],
  "audio": [
    {
      "url": "https://tracking.feedpress.it/link/13440/1885516/cre178-jugendmedienarbeit.m4a",
      "mimeType": "audio/mp4",
      "size": 51755839,
      "title": "Audio MP4"
    }
  ],
  "reference": {
    "share": "//podlove-player.surge.sh/share",
    "config": "//podlove-player.surge.sh/fixtures/1161a95f.json",
    "origin": "http://cre.fm/cre178-jugendmedienarbeit"
  }
}
