{
  "title": "CRE156 Das Sonnensystem",
  "subtitle": "Eine Reise durch das System Sol und die Erkenntnisse der Astronomen",
  "summary": "Die Erkenntnisse über unser Sonnensystem haben sich in den letzten Jahren und Jahrzehnten in großer Geschwindigkeit vervielfältigt, vertieft und erweitert. Trotzdem bleibt auch vieles unbeantwortet und mysteriös. Im Gespräch mit Tim Pritlove bietet der Astronom Florian Freistetter einen Einblick in den Stand der Dinge und leitet eine kleine Rundreise durch unser Sonnensystem.\n\nThemen: Wissenschaftsblogging; Pseudowissenschaften; Kepler, Newton, Einstein und die Planetenbewegungen; Entstehung von Planeten; Entstehung von Ringen; der Lebenszyklus der Sonne; die Planeten unseres Sonnensystems; der Ärger mit den Zwergplaneten und die Degradierung des Pluto; das Rätsel über die mögliche Gesetzmäßigkeit der Planetenabstände; warum Pluto in Idaho doch ein Planet ist; Sonden auf dem Weg durch das Sonnensystem; warum der Mars so interessant ist; Wasser auf dem Mars; Planetenbeobachtung und extrasolare Planeten; die Bedrohung der Erde durch Asteroiden und was man dagegen tun kann; das Wesen von Kometen; wie man mit Teleskopen das Weltall beobachtet.",
  "publicationDate": "2010-06-25T23:00:00.000Z",
  "poster": "http://cre.fm/wp-content/cache/podlove/fa/a9518dd14c5c9fc84fdf58d6c0bf04/cre156-das-sonnensystem_original.jpg",
  "link": "http://cre.fm/cre156-das-sonnensystem",
  "show": {
    "title": "CRE: Technik, Kultur, Gesellschaft",
    "subtitle": "Der Interview-Podcast mit Tim Pritlove",
    "summary": "Intensive und ausführliche Gespräche über Themen aus Technik, Kultur und Gesellschaft, das ist CRE. Interessante Gesprächspartner stehen Rede und Antwort zu Fragen, die man normalerweise selten gestellt bekommt. CRE möchte  aufklären, weiterbilden und unterhalten.",
    "poster": "http://cre.fm/wp-content/cache/podlove/6b/8074d85b886d8dedb4945715694ba7/cre-technik-kultur-gesellschaft_original.jpg",
    "link": "http://cre.fm"
  },
  "duration": "02:30:23",
  "chapters": [],
  "audio": [
    {
      "url": "https://tracking.feedpress.it/link/13440/1885680/cre156-das-sonnensystem.m4a",
      "mimeType": "audio/mp4",
      "size": 56437174,
      "title": "Audio MP4"
    }
  ],
  "reference": {
    "share": "//podlove-player.surge.sh/share",
    "config": "//podlove-player.surge.sh/fixtures/12139b47.json",
    "origin": "http://cre.fm/cre156-das-sonnensystem"
  }
}
