{
  "title": "FS186 Kastratur",
  "subtitle": "Die neuen MacBook Pros und die Zukunft der Mac-Plattform",
  "summary": "Wir begrüßen Pavel Mayer in unserer Runde und reden heute ausgiebig über die Vorstellung der neuen MacBook Pros von Apple in der Woche zuvor. Andere Themen gibt es nicht, aber dafür rollen wir das alles mal schön breit aus.",
  "publicationDate": "2016-11-03T00:53:44.000Z",
  "link": "http://freakshow.fm/fs186-kastratur",
  "show": {
    "title": "Freak Show",
    "subtitle": "Menschen! Technik! Sensationen!",
    "summary": "Die muntere Talk Show um Leben mit Technik, das Netz und Technikkultur. Bisweilen Apple-lastig aber selten einseitig. Wir leben und lieben Technologie und reden darüber. Mit Tim, hukl, roddi, Clemens und Denis. Freak Show hieß irgendwann mal mobileMacs.",
    "poster": "http://freakshow.fm/wp-content/cache/podlove/04/662a9d4edcf77ea2abe3c74681f509/freak-show_original.jpg",
    "link": "http://freakshow.fm"
  },
  "duration": "03:57:34",
  "chapters": [
    {
      "start": "00:00:00.000",
      "title": "Intro"
    },
    {
      "start": "00:00:43.677",
      "title": "Begrüßung"
    },
    {
      "start": "00:03:55.531",
      "title": "Pavels Zeit als Abgeordneter"
    },
    {
      "start": "00:07:00.317",
      "title": "Aktuelle Entwicklung bei Grafikkarten"
    },
    {
      "start": "00:22:02.331",
      "title": "hello again"
    },
    {
      "start": "00:29:53.137",
      "title": "Neue MacBook Pros"
    },
    {
      "start": "00:31:01.408",
      "title": "Leuchtapfel no more"
    },
    {
      "start": "00:37:34.653",
      "title": "Startup Sound"
    },
    {
      "start": "00:46:00.061",
      "title": "Laden mit Magsafe und USB-C"
    },
    {
      "start": "01:09:44.980",
      "title": "HDMI Port ist weg"
    },
    {
      "start": "01:30:19.446",
      "title": "Neue Butterfly Tastatur"
    },
    {
      "start": "01:53:49.222",
      "title": "Thunderbolt 3"
    },
    {
      "start": "01:58:41.247",
      "title": "Neue Lautsprecher"
    },
    {
      "start": "01:59:57.112",
      "title": "RAM und CPUs"
    },
    {
      "start": "02:09:13.123",
      "title": "SSD und Stromverbrauch"
    },
    {
      "start": "02:17:43.420",
      "title": "Trackpad"
    },
    {
      "start": "02:20:00.266",
      "title": "Bildschirm"
    },
    {
      "start": "02:24:47.037",
      "title": "TouchBar"
    },
    {
      "start": "02:53:18.044",
      "title": "Wer kauft was?"
    },
    {
      "start": "03:13:02.497",
      "title": "Zukunft der Mac-Plattform"
    },
    {
      "start": "03:28:13.950",
      "title": "PC schrauben"
    },
    {
      "start": "03:43:09.105",
      "title": "Tesla Model X"
    },
    {
      "start": "03:48:23.540",
      "title": "Touch ID"
    },
    {
      "start": "03:55:22.919",
      "title": "Ausklang"
    }
  ],
  "audio": [
    {
      "url": "https://tracking.feedpress.it/link/13453/4732097/fs186-kastratur.m4a",
      "mimeType": "audio/mp4",
      "size": 91280798,
      "title": "Audio MP4"
    }
  ],
  "reference": {
    "share": "//podlove-player.surge.sh/share",
    "config": "//podlove-player.surge.sh/fixtures/14622062.json",
    "origin": "http://freakshow.fm/fs186-kastratur"
  },
  "theme": {
    "main": "rgb(251,237,186)"
  }
}
