{
  "title": "CRE165 Privatsphäre",
  "subtitle": "Über die Auswirkungen des Privaten auf die Öffentlichkeit, Politik und Gesellschaft",
  "summary": "Privatsphäre und Datenschutz sind die zwei dominanten Begriffe der netzpolitischen Bewegung in Deutschland und auch zwei heilige Kühe, die selten hinterfragt werden, wie sie in der aktuellen Zeit zu bewerten und gegenbenenfalls neu zu definieren sind. Im Gespräch mit Tim Pritlove versuchen sich Michael Seemann und Christian Heller an der Interpretation der kreisenden Begriffe und diskutieren Möglichkeiten mit dem Umgang mit den Realitäten in der digitalen Welt.\n\nThemen: was die Privatsphäre umfasst; Intimsphäre; die Sozialsphäre; die Öffentlichkeit; Bedrohungspotential von Staaten; das Private und das Politische und die Öffentlichkeit; die Problematik der Trennung privater und öffentlicher Momente; Transparenzgebot des Staates und die Umkehr der Überwachungspyramide; Maschinenlesbare Regierung; die gezielte Selbstentblößung im Netz; die Debatte um LiquidFeedback und die Frage nach der Privatheit im politischen Raum; die digitale Parallelgesellschaft; Datenschutz vs. Machtmißbrauch; Mögliche Auswirkungen eines laxeren Umgangs mit Privatsphäre für das Individuum und die Gesellschaft; die Vision des Weltgehirns und die Chancen einer kommunikationsoffeneren Gesellschaft.",
  "publicationDate": "2010-10-06T13:00:00.000Z",
  "link": "http://cre.fm/cre165-privatsphaere",
  "show": {
    "title": "CRE: Technik, Kultur, Gesellschaft",
    "subtitle": "Der Interview-Podcast mit Tim Pritlove",
    "summary": "Intensive und ausführliche Gespräche über Themen aus Technik, Kultur und Gesellschaft, das ist CRE. Interessante Gesprächspartner stehen Rede und Antwort zu Fragen, die man normalerweise selten gestellt bekommt. CRE möchte  aufklären, weiterbilden und unterhalten.",
    "poster": "http://cre.fm/wp-content/cache/podlove/6b/8074d85b886d8dedb4945715694ba7/cre-technik-kultur-gesellschaft_original.jpg",
    "link": "http://cre.fm"
  },
  "duration": "02:17:56",
  "chapters": [],
  "audio": [
    {
      "url": "https://tracking.feedpress.it/link/13440/1885671/cre165-privatsphaere.m4a",
      "mimeType": "audio/mp4",
      "size": 51626051,
      "title": "Audio MP4"
    }
  ],
  "reference": {
    "share": "//podlove-player.surge.sh/share",
    "config": "//podlove-player.surge.sh/fixtures/155e4eb3.json",
    "origin": "http://cre.fm/cre165-privatsphaere"
  },
  "theme": {
    "main": "rgb(212,188,147)"
  }
}
