{
  "title": "CRE180 Passivhäuser",
  "subtitle": "Wie ein Haus vom Energieverbraucher zum Energieerzeuger wird",
  "summary": "Die Energiespar-Anforderungen an Häuser steigen und bald sollen und können Häuser unter dem Strich gar keine Energie mehr verbrauchen, sondern wandeln sich langsam zu kleinen, dezentralen Kraftwerken. Im Gespräch mit Tim Pritlove erläutert Marc Großklos vom Institut Wohnen und Umwelt in Darmstadt die Technik von Passivhäusern und die Anforderungen an den Wohnungsbau heutzutage.\n\nThemen: Energiesparen in der Antike und im Mittelalter; grundlegende Techniken der Wandisolierung; Mehrfachverglasung; Lüftungsbedarf; Frischluftzufuhr und Wärmetauscher; Luftfilter; automatische Verschattung im Sommer; Heizungen; der Mensch und Elektrogeräte als Heizung; Heizungskonzepte; Warmwasserbereitung; Lufterwärmung durch das Erdreich; Denial of Service Attacken auf Passivhäuser; Strom sparen; Stromverbraucher-Monitoring; der Schritt vom Energieverbraucher zum Energieerzeuger; Verordnungen und gesetztliche Vorgaben für den Passivhausbau.",
  "publicationDate": "2011-06-08T10:30:00.000Z",
  "poster": "http://cre.fm/wp-content/cache/podlove/38/c79aa9aeccfbd2f2718e080c4726c7/cre180-passivhaeuser_original.jpg",
  "link": "http://cre.fm/cre180-passivhaeuser",
  "show": {
    "title": "CRE: Technik, Kultur, Gesellschaft",
    "subtitle": "Der Interview-Podcast mit Tim Pritlove",
    "summary": "Intensive und ausführliche Gespräche über Themen aus Technik, Kultur und Gesellschaft, das ist CRE. Interessante Gesprächspartner stehen Rede und Antwort zu Fragen, die man normalerweise selten gestellt bekommt. CRE möchte  aufklären, weiterbilden und unterhalten.",
    "poster": "http://cre.fm/wp-content/cache/podlove/6b/8074d85b886d8dedb4945715694ba7/cre-technik-kultur-gesellschaft_original.jpg",
    "link": "http://cre.fm"
  },
  "duration": "01:48:19",
  "chapters": [],
  "audio": [
    {
      "url": "https://tracking.feedpress.it/link/13440/1885514/cre180-passivhaeuser.m4a",
      "mimeType": "audio/mp4",
      "size": 40672644,
      "title": "Audio MP4"
    }
  ],
  "reference": {
    "share": "//podlove-player.surge.sh/share",
    "config": "//podlove-player.surge.sh/fixtures/16cb7d7b.json",
    "origin": "http://cre.fm/cre180-passivhaeuser"
  }
}
