{
  "title": "CRE195 Das Gehirn",
  "subtitle": "Über den Stand der Hirnforschung und ihre ethischen Implikationen",
  "summary": "Das Gehirn ist Zentrum unseres Seins und Bewusstseins und eine Vielzahl von wissenschaftlichen Disziplinen setzt sich mit unterschiedlichen Aspekten der Hirnaktivität auseinander. Der technische Fortschritt der letzten 20 Jahre hat dabei die Hirnforschung signifikant vorangebracht und viele grundsätzliche Fragen geklärt. Trotzdem bleiben viele Fragen offen und jeder Fortschritt wirft für sich auch neue ethische Fragestellungen auf.\n\nIm Gespräch mit Tim Pritlove bietet Hirnforscher John-Dylan Haynes einen Einblick in Aufbau und Funktionsweise des Hirns und welche Erkenntnisse über die weiträumigen Zusammenhänge unseres Nervenzentrums bisher gewonnen werden konnten.\n\nThemen: Geschichte der Hirnforschung; Theorien der Funktionsweise; Das Hirn beim Menschen und Affen; Evolution des Gehirns; von der Materie zur Person; die Erfindung des EEG und die Alpha-Wellen; Aufbau und strukurelle Anordnung der Nervenzellen im Gehirn; Magnetresonanztomographie in der Hirnforschung; Wie das Gehirn arbeitet; Kognitive Neurowissenschaft; wie man eine Katze denkt; chemische Prozesse und Botenstoffe; Hirn-Computer-Analogie; Lebensdauer der Nervenzellen; Erinnern, Vergessen und Verdrängen; Wo Erinnerungen gespeichert werden; Planen, Denken und Gefühle; Bauch- und Körpergefühl; Bewusstsein und Unterbewusstsein; Hypnose und Bühnenzauberei; Schlaf, Träume und Schlafwandler; Intelligenz und der Intelligenzquotient; welche Teile des Hirns aktiv sind; Gedankenlesen und das Steuern von Geräten mit dem Hirn; Lügendetektoren und die ethischen Implikationen der Hirnforschung; Weihnachten im Scanner; Grenzen der Hirnforschung.",
  "publicationDate": "2012-09-01T15:24:51.000Z",
  "poster": "http://cre.fm/wp-content/cache/podlove/10/5a9ad24505eb79404ff7e6d86076e0/cre195-das-gehirn_original.jpg",
  "link": "http://cre.fm/cre195-das-gehirn",
  "show": {
    "title": "CRE: Technik, Kultur, Gesellschaft",
    "subtitle": "Der Interview-Podcast mit Tim Pritlove",
    "summary": "Intensive und ausführliche Gespräche über Themen aus Technik, Kultur und Gesellschaft, das ist CRE. Interessante Gesprächspartner stehen Rede und Antwort zu Fragen, die man normalerweise selten gestellt bekommt. CRE möchte  aufklären, weiterbilden und unterhalten.",
    "poster": "http://cre.fm/wp-content/cache/podlove/6b/8074d85b886d8dedb4945715694ba7/cre-technik-kultur-gesellschaft_original.jpg",
    "link": "http://cre.fm"
  },
  "duration": "02:50:39",
  "chapters": [],
  "audio": [
    {
      "url": "https://tracking.feedpress.it/link/13440/1885499/cre195-das-gehirn.m4a",
      "mimeType": "audio/mp4",
      "size": 63901945,
      "title": "Audio MP4"
    }
  ],
  "reference": {
    "share": "//podlove-player.surge.sh/share",
    "config": "//podlove-player.surge.sh/fixtures/181d9aa5.json",
    "origin": "http://cre.fm/cre195-das-gehirn"
  }
}
