{
  "title": "NSFW049 Flauschsandstrahler",
  "subtitle": "Piratenkram — Ponys — Pitcairn Island — Neue Deutsche Welle Motorräder — Wissenschaft",
  "summary": "Heute mangels Material und Motivation eine eher kürzere Sendung. Die Sonne des Wochenendes hat unsere Hirne schon ausreichend in Anspruch genommen.",
  "publicationDate": "2012-04-30T16:47:15.000Z",
  "link": "http://not-safe-for-work.de/nsfw049-flauschsandstrahler/",
  "show": {
    "title": "Not Safe For Work",
    "subtitle": "Die Internationale Unterhaltungsgala mit Tim Pritlove und Holger Klein",
    "summary": "NSFW ist unkonventionell, unregelmäßig, unsinnig und ungemein unanständig. Garantiert mindestens zwei Worte pro Sendung, die man nicht auf der Arbeit sagen sollte. NSFW sollte nicht zu ernst genommen werden und selbstverständlich als Richtlinie aller Eurer künftigen Handlungen gelten.",
    "poster": "http://not-safe-for-work.de/wp-content/cache/podlove/0f/63751ecd7feba0789d91d4f9a45191/not-safe-for-work_original.jpg",
    "link": "http://not-safe-for-work.de"
  },
  "duration": "02:49:49",
  "chapters": [],
  "audio": [
    {
      "url": "https://tracking.feedpress.it/link/13444/1886726/nsfw049-flauschsandstrahler.m4a",
      "mimeType": "audio/mp4",
      "size": 63591816,
      "title": "Audio MP4"
    }
  ],
  "reference": {
    "share": "//podlove-player.surge.sh/share",
    "config": "//podlove-player.surge.sh/fixtures/1a477d4d.json",
    "origin": "http://not-safe-for-work.de/nsfw049-flauschsandstrahler/"
  },
  "theme": {
    "main": "rgb(242,156,148)"
  }
}
