{
  "title": "NSFW086 Fäkalreduktor 3000",
  "subtitle": "Podlove — re:publica 14 — Varieté — Conchita Wurst — Letterboxd — Schokowein — Filme — Europawahl",
  "summary": "Nach drei Wochen sind wir rechtzeitig wach geworden um Euch abermals einen Strauß von Wiederholungen zu bieten - wir stehen dem Fernsehen in nichts nach! Podlove, Trinkflaschen und Politikdiskussion: alles schon mal dagewesen und das natürlich im bewährter Struktur und Formulierung. Warum also noch zuhören? Tatsächlich gelingt es auch dieser Ausgabe von NSFW trotzdem unterhaltsam und informativ zu sein. Denken wir. Hoffen wir.",
  "publicationDate": "2014-05-19T16:50:43.000Z",
  "link": "http://not-safe-for-work.de/nsfw086-faekalreduktor-3000/",
  "show": {
    "title": "Not Safe For Work",
    "subtitle": "Die Internationale Unterhaltungsgala mit Tim Pritlove und Holger Klein",
    "summary": "NSFW ist unkonventionell, unregelmäßig, unsinnig und ungemein unanständig. Garantiert mindestens zwei Worte pro Sendung, die man nicht auf der Arbeit sagen sollte. NSFW sollte nicht zu ernst genommen werden und selbstverständlich als Richtlinie aller Eurer künftigen Handlungen gelten.",
    "poster": "http://not-safe-for-work.de/wp-content/cache/podlove/0f/63751ecd7feba0789d91d4f9a45191/not-safe-for-work_original.jpg",
    "link": "http://not-safe-for-work.de"
  },
  "duration": "03:40:15",
  "chapters": [
    {
      "start": "00:00:00.000",
      "title": "Intro"
    },
    {
      "start": "00:06:00.000",
      "title": "Workshop, Barcamp, Kongress, Camp"
    },
    {
      "start": "00:33:41.000",
      "title": "re:publica"
    },
    {
      "start": "00:45:00.000",
      "title": "Theater"
    },
    {
      "start": "00:56:13.000",
      "title": "ESC 2014"
    },
    {
      "start": "01:28:42.000",
      "title": "Trinkflasche"
    },
    {
      "start": "01:35:47.000",
      "title": "Hörerinnentreffen in Hamburg"
    },
    {
      "start": "01:39:04.000",
      "title": "Geschenke"
    },
    {
      "start": "01:49:38.000",
      "title": "Fotografie"
    },
    {
      "start": "01:59:17.000",
      "title": "Apps, Schokolade, Filme"
    },
    {
      "start": "02:32:35.000",
      "title": "Regenkleidung und Technik"
    },
    {
      "start": "03:04:26.000",
      "title": "Akira, Schotenguss und Schnellsprecher"
    },
    {
      "start": "03:18:46.000",
      "title": "Wahlen"
    },
    {
      "start": "03:34:43.000",
      "title": "Outro"
    }
  ],
  "audio": [
    {
      "url": "https://tracking.feedpress.it/link/13444/1886689/nsfw086-faekalreduktor-3000.m4a",
      "mimeType": "audio/mp4",
      "size": 82469038,
      "title": "Audio MP4"
    }
  ],
  "reference": {
    "share": "//podlove-player.surge.sh/share",
    "config": "//podlove-player.surge.sh/fixtures/1a724414.json",
    "origin": "http://not-safe-for-work.de/nsfw086-faekalreduktor-3000/"
  },
  "theme": {
    "main": "rgb(242,156,148)"
  }
}
