{
  "title": "LNP220 Street Clickability",
  "subtitle": "Feedback — Terror-Soldat — Polizisten schubsen — Cybernotwehr — Streaming illegal — Juvenal — eID-Gesetz — Termine",
  "summary": "Wir begrüßen Euch zu einer neuen Sendung, in der wir weniger am Nachrichtenstrom hängen als sonst und die Gedanken mehr auf allgemeinen Fragen richten, über die man mal diskutiert haben sollte. Am Ende gibt es wieder viele Termine.",
  "publicationDate": "2017-05-02T11:43:19.000Z",
  "link": "http://logbuch-netzpolitik.de/lnp220-street-clickability",
  "show": {
    "title": "Logbuch:Netzpolitik",
    "subtitle": "Einblicke und Ausblicke in das netzpolitische Geschehen",
    "summary": "Logbuch:Netzpolitik ist ein in der Regel wöchentlich erscheinender Podcast, der im Dialog zwischen Linus Neumann und Tim Pritlove die wichtigsten Themen und Ereignisse mit netzpolitischem Bezug aufgreift und diskutiert.",
    "poster": "http://logbuch-netzpolitik.de/wp-content/cache/podlove/92/de7e775cef6431203e4666e628294b/logbuchnetzpolitik_original.jpg",
    "link": "http://logbuch-netzpolitik.de"
  },
  "duration": "01:24:40",
  "chapters": [
    {
      "start": "00:00:00.000",
      "title": "Intro"
    },
    {
      "start": "00:00:58.986",
      "title": "Prolog"
    },
    {
      "start": "00:03:38.403",
      "title": "Feedback: Data Science Stories"
    },
    {
      "start": "00:12:43.488",
      "title": "Terror-Soldat mit ZPS auf der Todesliste"
    },
    {
      "start": "00:19:27.095",
      "title": "Gesetz zur Änderung des Strafgesetzbuches"
    },
    {
      "start": "00:38:31.637",
      "title": "Hacking back?"
    },
    {
      "start": "00:59:11.596",
      "title": "Streaming jetzt illegal"
    },
    {
      "start": "01:06:58.955",
      "title": "Juvenal.org"
    },
    {
      "start": "01:15:27.347",
      "title": "eID Gesetz verschoben"
    },
    {
      "start": "01:17:05.435",
      "title": "Termine"
    },
    {
      "start": "01:23:42.843",
      "title": "Epilog"
    }
  ],
  "audio": [
    {
      "url": "https://tracking.feedpress.it/link/13476/5770622/lnp220-street-clickability.m4a",
      "mimeType": "audio/mp4",
      "size": 31802259,
      "title": "Audio MP4"
    }
  ],
  "reference": {
    "share": "//podlove-player.surge.sh/share",
    "config": "//podlove-player.surge.sh/fixtures/1b78630a.json",
    "origin": "http://logbuch-netzpolitik.de/lnp220-street-clickability"
  },
  "theme": {
    "main": "rgb(218,207,164)"
  }
}
