{
  "title": "FS194 Cloudschmerzen",
  "subtitle": "Pimp My Mac — AirPods — Reden mit dem Computer — Probleme in der Cloud — SHA-1 — Spiele — Stative — Ultraschall — FreeBSD — WebAssembly — Satelliteninternet",
  "summary": "In kleiner Runde geht es diese Woche weiter mit der Freak Show. Wir zweifeln am Potential der Sprachsteuerung von Geräten und blicken etwas genauer auf die letzten Horrormeldungen aus den Wolkenkuckucksheimen des Netzes. Dazu ein paar Spieletips, Generde über Stative und ein erster Blick auf die neue Version von Ultraschall.",
  "publicationDate": "2017-03-09T01:20:05.000Z",
  "link": "http://freakshow.fm/fs194-cloudschmerzen",
  "show": {
    "title": "Freak Show",
    "subtitle": "Menschen! Technik! Sensationen!",
    "summary": "Die muntere Talk Show um Leben mit Technik, das Netz und Technikkultur. Bisweilen Apple-lastig aber selten einseitig. Wir leben und lieben Technologie und reden darüber. Mit Tim, hukl, roddi, Clemens und Denis. Freak Show hieß irgendwann mal mobileMacs.",
    "poster": "http://freakshow.fm/wp-content/cache/podlove/04/662a9d4edcf77ea2abe3c74681f509/freak-show_original.jpg",
    "link": "http://freakshow.fm"
  },
  "duration": "03:32:21",
  "chapters": [
    {
      "start": "00:00:00.000",
      "title": "Intro"
    },
    {
      "start": "00:00:57.734",
      "title": "Begrüßung"
    },
    {
      "start": "00:03:49.534",
      "title": "Pimp My Mac"
    },
    {
      "start": "00:19:47.838",
      "title": "AirPods"
    },
    {
      "start": "00:38:18.985",
      "title": "Reden mit dem Computer"
    },
    {
      "start": "00:51:39.956",
      "title": "Brian May"
    },
    {
      "start": "00:52:19.561",
      "title": "Amazon S3 Downtime"
    },
    {
      "start": "01:01:48.905",
      "title": "Cloudbleed"
    },
    {
      "start": "01:10:22.281",
      "title": "SHA-1 Collision"
    },
    {
      "start": "01:34:17.281",
      "title": "Neue Akkutechnologien"
    },
    {
      "start": "01:40:32.318",
      "title": "Oxygen Not Included"
    },
    {
      "start": "01:49:02.659",
      "title": "The Sequence"
    },
    {
      "start": "01:57:55.080",
      "title": "Stative"
    },
    {
      "start": "02:16:35.220",
      "title": "Ultraschall 3"
    },
    {
      "start": "02:33:33.690",
      "title": "Diskordische Bibelstunde"
    },
    {
      "start": "02:36:58.705",
      "title": "Anti-Rant Captcha"
    },
    {
      "start": "02:41:10.519",
      "title": "FreeBSD auf Servern"
    },
    {
      "start": "03:13:56.190",
      "title": "WebAssembly"
    },
    {
      "start": "03:19:06.881",
      "title": "Space X Internetsatelliten"
    },
    {
      "start": "03:26:01.621",
      "title": "Ausklang"
    },
    {
      "start": "03:28:45.572",
      "title": "Bonus Track"
    }
  ],
  "audio": [
    {
      "url": "https://tracking.feedpress.it/link/13453/5476348/fs194-cloudschmerzen.m4a",
      "mimeType": "audio/mp4",
      "size": 81901468,
      "title": "Audio MP4"
    }
  ],
  "reference": {
    "share": "//podlove-player.surge.sh/share",
    "config": "//podlove-player.surge.sh/fixtures/1bfc2a0e.json",
    "origin": "http://freakshow.fm/fs194-cloudschmerzen"
  },
  "theme": {
    "main": "rgb(251,237,186)"
  }
}
