{
  "title": "TLF008 Milchkaffee im Glas",
  "subtitle": "",
  "summary": "",
  "publicationDate": "2008-10-30T21:24:04.000Z",
  "link": "http://tim.pritlove.org/2008/10/30/tlf008/",
  "show": {
    "title": "The Lunatic Fringe",
    "subtitle": "Merkwürdiges und Denkwürdiges von Tim Pritlove",
    "summary": "Lunatic Fringe ist ein experimenteller Audiopodcast mit wechselnden Inhalten und Stimmungslagen.",
    "poster": "http://tim.pritlove.org/wp-content/cache/podlove/a3/5f409d7acf6bc487c2023915e3afd8/the-lunatic-fringe_original.jpg",
    "link": "http://tim.pritlove.org"
  },
  "duration": "00:07:03",
  "chapters": [],
  "audio": [
    {
      "url": "https://tracking.feedpress.it/link/13551/1926862/tlf008.m4a",
      "mimeType": "audio/mp4",
      "size": 4469353,
      "title": "Audio MP4"
    }
  ],
  "reference": {
    "share": "//podlove-player.surge.sh/share",
    "config": "//podlove-player.surge.sh/fixtures/1cea72d7.json",
    "origin": "http://tim.pritlove.org/2008/10/30/tlf008/"
  },
  "theme": {
    "main": "rgb(228,184,167)"
  }
}
