{
  "title": "LNP195 WLAN-Fahrtenbuch",
  "subtitle": "WLAN-Haftung — Linkfreiheit — DE-CIX verklagt BND — Digitaler Binnenmarkt — Landesverrat — Chelsea Manning — EU-Roaming —  Piraten — Digitale Agenda — Termine",
  "summary": "Linus ist wieder da und wir gehen gleich wieder in die vollen und nehmen auch gleich mehrere sehr aktuelle Themen auf. Viel gibt es von der EU und EuGH zu berichten, anderes entsteht aus Rückblicken und zum Ende kündigen wir noch was tolles an.",
  "publicationDate": "2016-09-16T12:37:52.000Z",
  "show": {
    "title": "Logbuch:Netzpolitik",
    "subtitle": "Einblicke und Ausblicke in das netzpolitische Geschehen",
    "summary": "Logbuch:Netzpolitik ist ein in der Regel wöchentlich erscheinender Podcast, der im Dialog zwischen Linus Neumann und Tim Pritlove die wichtigsten Themen und Ereignisse mit netzpolitischem Bezug aufgreift und diskutiert.",
    "poster": "http://logbuch-netzpolitik.de/wp-content/cache/podlove/92/de7e775cef6431203e4666e628294b/logbuchnetzpolitik_original.jpg",
    "url": "http://logbuch-netzpolitik.de"
  },
  "duration": "01:48:15",
  "chapters": [
    {
      "start": "00:00:00.000",
      "title": "Intro"
    },
    {
      "start": "00:00:37.653",
      "title": "Prolog"
    },
    {
      "start": "00:01:54.976",
      "title": "WLAN-Haftung"
    },
    {
      "start": "00:17:33.988",
      "title": "Linkfreiheit"
    },
    {
      "start": "00:28:26.026",
      "title": "DE-CIX verklagt BND"
    },
    {
      "start": "00:37:52.149",
      "title": "Reformvorschläge zum Europäischen digitalen Binnenmarkt"
    },
    {
      "start": "00:48:19.194",
      "title": "Netzpolitik.org und Maas"
    },
    {
      "start": "00:53:51.693",
      "title": "Chelsea Manning Hungerstreik"
    },
    {
      "start": "00:57:27.738",
      "title": "Doch kein EU-Roaming"
    },
    {
      "start": "01:06:18.650",
      "title": "Zehn Jahre Piratenpartei"
    },
    {
      "start": "01:11:47.401",
      "title": "Zwei Jahre Digitale Agenda"
    },
    {
      "start": "01:22:15.034",
      "title": "Termine"
    },
    {
      "start": "01:24:53.348",
      "title": "33C3 Ticket Vouchers"
    },
    {
      "start": "01:33:50.436",
      "title": "SUBSCRIBE 8"
    },
    {
      "start": "01:38:02.650",
      "title": "LNP200 - 5 Jahre Logbuch:Netzpolitik"
    },
    {
      "start": "01:44:53.018",
      "title": "Epilog"
    },
    {
      "start": "01:46:10.569",
      "title": "Bonus Track"
    }
  ],
  "audio": [
    "https://tracking.feedpress.it/link/13476/4425887/lnp195-wlan-fahrtenbuch.m4a"
  ],
  "theme": {
    "primary": "#79BAF2"
  },
  "reference": {
    "share": "//podlove-player.surge.sh/share",
    "config": "//podlove-player.surge.sh/fixtures/1d15800d.json"
  }
}
