{
  "title": "CRE202 Hackerfilme",
  "subtitle": "Das Bild des Hackers in der Filmkultur",
  "summary": "Die Filmbranche ist fasziniert von Hackern und ihrer Kultur, doch ist das Bild des Hackers in der Öffentlichkeit auch stark geprägt von der Art, wie Hacker in Filmen der Traumfabriken präsentiert werden. Dabei ist es interessant anzusehen, wie das Bild des technisch versierten Experten, der komplexe Systeme unter seiner Kontrolle sich über die Zeit gewandelt hat und immer noch wandelt.\n\nCaspar Clemens Mierau ist Medienkulturwissenschaftler und Cineast und hat sich intensiv mit Filmen beschäftigt, die in den letzten 30 Jahren das Bild des Hackers genutzt und geprägt haben. Im Gespräch mit Tim Pritlove stellt Caspar eine Reihe von Filmen vor, die repräsentativ für den Auseinandersetzung der Filmschaffenden mit der Hackerkultur sind.",
  "publicationDate": "2013-03-29T23:21:21.000Z",
  "poster": "http://cre.fm/wp-content/cache/podlove/f5/41d7745fa6610c7dd6835e554dd265/cre202-hackerfilme_original.jpg",
  "link": "http://cre.fm/cre202-hackerfilme",
  "show": {
    "title": "CRE: Technik, Kultur, Gesellschaft",
    "subtitle": "Der Interview-Podcast mit Tim Pritlove",
    "summary": "Intensive und ausführliche Gespräche über Themen aus Technik, Kultur und Gesellschaft, das ist CRE. Interessante Gesprächspartner stehen Rede und Antwort zu Fragen, die man normalerweise selten gestellt bekommt. CRE möchte  aufklären, weiterbilden und unterhalten.",
    "poster": "http://cre.fm/wp-content/cache/podlove/6b/8074d85b886d8dedb4945715694ba7/cre-technik-kultur-gesellschaft_original.jpg",
    "link": "http://cre.fm"
  },
  "duration": "03:10:15",
  "chapters": [
    {
      "start": "00:00:00.000",
      "title": "Intro"
    },
    {
      "start": "00:01:58.500",
      "title": "Vorstellung"
    },
    {
      "start": "00:11:03.000",
      "title": "Kultur und Fernsehen"
    },
    {
      "start": "00:19:25.500",
      "title": "Technikdarstellung im Fernsehen"
    },
    {
      "start": "00:28:10.500",
      "title": "Erste Hackerfilme"
    },
    {
      "start": "00:34:58.500",
      "title": "Hackerkultur"
    },
    {
      "start": "00:49:08.375",
      "title": "Wargames"
    },
    {
      "start": "00:56:49.625",
      "title": "Tron"
    },
    {
      "start": "01:01:27.125",
      "title": "Peng! Du bist tot!"
    },
    {
      "start": "01:06:10.875",
      "title": "Die 80er Jahre"
    },
    {
      "start": "01:11:13.625",
      "title": "Sneakers"
    },
    {
      "start": "01:19:33.500",
      "title": "Disclosure"
    },
    {
      "start": "01:22:16.875",
      "title": "Cyberpunk und Cyberspace"
    },
    {
      "start": "01:26:11.375",
      "title": "Johnny Mnemonic"
    },
    {
      "start": "01:30:05.250",
      "title": "Assassins"
    },
    {
      "start": "01:34:45.750",
      "title": "Hackers"
    },
    {
      "start": "01:39:11.375",
      "title": "Das soziale Hackerbild"
    },
    {
      "start": "01:46:57.625",
      "title": "Pi und 23"
    },
    {
      "start": "02:02:12.875",
      "title": "Office Space"
    },
    {
      "start": "02:06:56.750",
      "title": "eXistenZ"
    },
    {
      "start": "02:10:08.875",
      "title": "Matrix"
    },
    {
      "start": "02:19:30.625",
      "title": "Halbe Miete"
    },
    {
      "start": "02:22:14.500",
      "title": "Swordfish"
    },
    {
      "start": "02:27:37.875",
      "title": "The Italian Job"
    },
    {
      "start": "02:31:15.125",
      "title": "Das Netz 2.0"
    },
    {
      "start": "02:32:21.375",
      "title": "Stirb Langsam 4.0"
    },
    {
      "start": "02:36:16.625",
      "title": "Wargames 2"
    },
    {
      "start": "02:37:50.500",
      "title": "The Girl With The Dragon Tattoo"
    },
    {
      "start": "02:47:17.500",
      "title": "Tron Legacy"
    },
    {
      "start": "02:52:21.750",
      "title": "Hacker-Dokumentarfilm"
    },
    {
      "start": "02:57:29.000",
      "title": "Resumée"
    }
  ],
  "audio": [
    {
      "url": "https://tracking.feedpress.it/link/13440/1885492/cre202-hackerfilme.m4a",
      "mimeType": "audio/mp4",
      "size": 71290427,
      "title": "Audio MP4"
    }
  ],
  "reference": {
    "share": "//podlove-player.surge.sh/share",
    "config": "//podlove-player.surge.sh/fixtures/1d53f97c.json",
    "origin": "http://cre.fm/cre202-hackerfilme"
  }
}
