{
  "title": "NSFW078 Notbrot",
  "subtitle": "Fahren auf der Autobahn – Unmengen an Hörerpost – Orthopädisches – Podlove – 30C3",
  "summary": "Die letzte Sendung vor Holgis Urlaub kommt ist ein wenig kürzer als gewohnt, weil uns irgendwie die Themen ausgehen und Tim sauer auf seine Technik ist. Funktioniert einfach nicht der Scheißdreck. Aber wir haben wiederum viel Spaß mit großartigen Hörereinsendungen und packen fleißig aus und um.",
  "publicationDate": "2013-11-18T15:14:43.000Z",
  "link": "http://not-safe-for-work.de/nsfw078-notbrot/",
  "show": {
    "title": "Not Safe For Work",
    "subtitle": "Die Internationale Unterhaltungsgala mit Tim Pritlove und Holger Klein",
    "summary": "NSFW ist unkonventionell, unregelmäßig, unsinnig und ungemein unanständig. Garantiert mindestens zwei Worte pro Sendung, die man nicht auf der Arbeit sagen sollte. NSFW sollte nicht zu ernst genommen werden und selbstverständlich als Richtlinie aller Eurer künftigen Handlungen gelten.",
    "poster": "http://not-safe-for-work.de/wp-content/cache/podlove/0f/63751ecd7feba0789d91d4f9a45191/not-safe-for-work_original.jpg",
    "link": "http://not-safe-for-work.de"
  },
  "duration": "02:22:42",
  "chapters": [
    {
      "start": "00:00:00.000",
      "title": "Intro"
    },
    {
      "start": "00:03:09.000",
      "title": "Autos und Autobahn"
    },
    {
      "start": "00:22:04.000",
      "title": "Hörerpost"
    },
    {
      "start": "01:18:04.000",
      "title": "Podcasts und Podlove"
    },
    {
      "start": "02:04:52.000",
      "title": "CCC 30C3"
    },
    {
      "start": "02:19:59.000",
      "title": "Outro"
    }
  ],
  "audio": [
    {
      "url": "https://tracking.feedpress.it/link/13444/1886697/nsfw078-notbrot.m4a",
      "mimeType": "audio/mp4",
      "size": 53718596,
      "title": "Audio MP4"
    }
  ],
  "reference": {
    "share": "//podlove-player.surge.sh/share",
    "config": "//podlove-player.surge.sh/fixtures/1e8539c8.json",
    "origin": "http://not-safe-for-work.de/nsfw078-notbrot/"
  },
  "theme": {
    "main": "rgb(242,156,148)"
  }
}
