{
  "title": "ME003 Raumzeit Update",
  "subtitle": "Nachtrag zum Herbst-Update über den Podcast Raumzeit",
  "summary": "Jetzt habe ich bei meinem letzten Metaebene-Update ganz vergessen, mich zu Raumzeit zu äußern. Das hole ich hiermit nach.",
  "publicationDate": "2015-12-02T14:29:02.000Z",
  "link": "http://metaebene.me/blog/2015/12/02/me003-raumzeit-update/",
  "show": {
    "title": "Metaebene",
    "subtitle": "Aktuelles, Interessantes und Irrelevantes aus der Metaebene",
    "summary": "Willkommen auf der Metaebene. Dies ist der Meta-Kanal von Tim Pritlove, auf dem ihr in unregelmäßigen Abständen über Neuigkeiten, Unregelmäßigkeiten, Abschweifungen und andere Dinge rund um das kleine Podcast-Universum aus Berlin informiert werdet.",
    "poster": "http://metaebene.me/wp-content/cache/podlove/21/f0a792e5086d91026e8329ff106b67/metaebene_original.jpg",
    "link": "http://metaebene.me"
  },
  "duration": "00:05:00",
  "chapters": [
    {
      "start": "00:00:00.000",
      "title": "Begrüßung"
    },
    {
      "start": "00:00:36.268",
      "title": "Raumzeit Rückblick"
    },
    {
      "start": "00:01:53.754",
      "title": "Zeiss-Großplanetarium Berlin"
    },
    {
      "start": "00:03:44.779",
      "title": "Neue Ausgaben"
    }
  ],
  "audio": [
    {
      "url": "https://tracking.feedpress.it/link/11988/2116273/me003-raumzeit-update.mp3",
      "mimeType": "audio/mpeg",
      "size": 4992261,
      "title": "Audio MP4"
    }
  ],
  "reference": {
    "share": "//podlove-player.surge.sh/share",
    "config": "//podlove-player.surge.sh/fixtures/1f9c9566.json",
    "origin": "http://metaebene.me/blog/2015/12/02/me003-raumzeit-update/"
  }
}
