{
  "title": "FS187 Knüppelgrätsche richtig geil",
  "subtitle": "Trump — Weißwürste in Berlin — LNP200 — 33C3 — Ticketingsysteme — Gitarren — USB-C — TouchBar — Thunderbolt — Facehugger — MIDI Controller — Heizungsautomatisierung — Hackintoshes",
  "summary": "Clemens weilt noch in der Ferne, dafür stößt diese Woche Letty wieder zu uns. Wir unterhalten uns ein wenig über die aktuelle politische Großwetterlage und lenken uns dann wieder mit Nerdkram ab.",
  "publicationDate": "2016-11-17T00:55:41.000Z",
  "link": "http://freakshow.fm/fs187-knueppelgraetsche-richtig-geil",
  "show": {
    "title": "Freak Show",
    "subtitle": "Menschen! Technik! Sensationen!",
    "summary": "Die muntere Talk Show um Leben mit Technik, das Netz und Technikkultur. Bisweilen Apple-lastig aber selten einseitig. Wir leben und lieben Technologie und reden darüber. Mit Tim, hukl, roddi, Clemens und Denis. Freak Show hieß irgendwann mal mobileMacs.",
    "poster": "http://freakshow.fm/wp-content/cache/podlove/04/662a9d4edcf77ea2abe3c74681f509/freak-show_original.jpg",
    "link": "http://freakshow.fm"
  },
  "duration": "03:34:41",
  "chapters": [
    {
      "start": "00:00:00.000",
      "title": "Intro"
    },
    {
      "start": "00:01:59.936",
      "title": "Trumpwahn"
    },
    {
      "start": "00:34:00.553",
      "title": "Weißwurstäquator"
    },
    {
      "start": "00:42:35.413",
      "title": "LNP200"
    },
    {
      "start": "00:48:45.123",
      "title": "33C3"
    },
    {
      "start": "01:00:46.764",
      "title": "Ticketingsysteme"
    },
    {
      "start": "01:08:12.794",
      "title": "Event für Musikfreunde"
    },
    {
      "start": "01:15:37.384",
      "title": "Emojis und Gitarren"
    },
    {
      "start": "01:25:32.763",
      "title": "USB-C Adaptersituation"
    },
    {
      "start": "01:34:37.934",
      "title": "TouchBar und Tastatur"
    },
    {
      "start": "01:48:38.734",
      "title": "Presonus FaderPort"
    },
    {
      "start": "01:58:50.348",
      "title": "Thunderbolt PCI"
    },
    {
      "start": "02:00:33.640",
      "title": "Facehugger"
    },
    {
      "start": "02:07:20.272",
      "title": "Hackintosh"
    },
    {
      "start": "02:13:52.666",
      "title": "iFixit Pro Tech Toolkit"
    },
    {
      "start": "02:33:25.472",
      "title": "Licht- und Heizungsautomatisierung"
    },
    {
      "start": "03:06:09.710",
      "title": "GEMA und YouTube"
    },
    {
      "start": "03:19:49.315",
      "title": "Refraktometer App"
    },
    {
      "start": "03:26:48.328",
      "title": "Bitcoin Update"
    },
    {
      "start": "03:28:20.539",
      "title": "ZFS Update"
    },
    {
      "start": "03:29:05.909",
      "title": "Ausklang"
    },
    {
      "start": "03:31:44.593",
      "title": "Trump Trump Trump"
    }
  ],
  "audio": [
    {
      "url": "https://tracking.feedpress.it/link/13453/4805625/fs187-knueppelgraetsche-richtig-geil.m4a",
      "mimeType": "audio/mp4",
      "size": 82771044,
      "title": "Audio MP4"
    }
  ],
  "reference": {
    "share": "//podlove-player.surge.sh/share",
    "config": "//podlove-player.surge.sh/fixtures/20a9b54b.json",
    "origin": "http://freakshow.fm/fs187-knueppelgraetsche-richtig-geil"
  },
  "theme": {
    "main": "rgb(251,237,186)"
  }
}
