{
  "title": "CRE207 Planetarien",
  "subtitle": "Digitale Planetarien lassen den Zauber der Wissenschaft neu entstehen",
  "summary": "Planetarien waren Anfang des 20. Jahrhunderts die Kathedralen der modernen Wissenschaft. Der Blick in das Universum vermittelt einer staunenden Öffentlichkeit die Erkenntnisse der Zeit und erlaubte einen Blick auf das Weltall, wie er sich in den staubigen Städten nur selten bot. Tim Florian Horn ist der neue Leiter des Zeiss-Großplanatariums in Berlin, dass derzeit zum modernsten digitalen Planetarium der Welt ausgebaut wird. Im Gespräch mit Tim Pritlove erzählt er die Geschichte der Planetarien, die Funktionsweise der Projektoren und welche Ideen er hat, um wissenschaftliche Inhalte in modernen Planetarien neu zur Geltung zu bringen.",
  "publicationDate": "2015-02-13T22:38:52.000Z",
  "poster": "http://cre.fm/wp-content/cache/podlove/cc/ddf942b284e556b2a17542e5aafbb9/cre207-planetarien_original.jpg",
  "link": "http://cre.fm/cre207-planetarien",
  "show": {
    "title": "CRE: Technik, Kultur, Gesellschaft",
    "subtitle": "Der Interview-Podcast mit Tim Pritlove",
    "summary": "Intensive und ausführliche Gespräche über Themen aus Technik, Kultur und Gesellschaft, das ist CRE. Interessante Gesprächspartner stehen Rede und Antwort zu Fragen, die man normalerweise selten gestellt bekommt. CRE möchte  aufklären, weiterbilden und unterhalten.",
    "poster": "http://cre.fm/wp-content/cache/podlove/6b/8074d85b886d8dedb4945715694ba7/cre-technik-kultur-gesellschaft_original.jpg",
    "link": "http://cre.fm"
  },
  "duration": "01:36:29",
  "chapters": [
    {
      "start": "00:00:26.407",
      "title": "Neil DeGrasse Tyson on Science"
    },
    {
      "start": "00:01:29.201",
      "title": "Intro"
    },
    {
      "start": "00:02:04.729",
      "title": "Begrüßung und Vorstellung"
    },
    {
      "start": "00:02:59.501",
      "title": "Persönlicher Werdegang"
    },
    {
      "start": "00:09:47.134",
      "title": "Das erste Planetarium"
    },
    {
      "start": "00:14:34.026",
      "title": "Sternenprojektor"
    },
    {
      "start": "00:24:58.226",
      "title": "Sternenhimmel und Lichtverschmutzung"
    },
    {
      "start": "00:30:03.598",
      "title": "Sternenerkundung"
    },
    {
      "start": "00:31:05.582",
      "title": "Digitale Projektion"
    },
    {
      "start": "01:00:00.440",
      "title": "Das neue Zeiss-Großplanetarium"
    },
    {
      "start": "01:25:02.875",
      "title": "Akustik in der Kuppel"
    },
    {
      "start": "01:27:56.401",
      "title": "Inhalte für das Planetarium"
    },
    {
      "start": "01:31:46.280",
      "title": "Der neue Blick auf die Erde"
    },
    {
      "start": "01:35:00.034",
      "title": "Abschied"
    }
  ],
  "audio": [
    {
      "url": "https://tracking.feedpress.it/link/13440/1885487/cre207-planetarien.m4a",
      "mimeType": "audio/mp4",
      "size": 37143622,
      "title": "Audio MP4"
    }
  ],
  "reference": {
    "share": "//podlove-player.surge.sh/share",
    "config": "//podlove-player.surge.sh/fixtures/21cdd337.json",
    "origin": "http://cre.fm/cre207-planetarien"
  },
  "theme": {
    "main": "rgb(220,128,64)"
  }
}
