{
  "title": "FS173 Koreaners Katzi",
  "subtitle": "Datenintegrität — Feedback — Ultraschall — Siri — Singularität — Plakate — Geklaute Macs — 1Password — Ransomware — Kopfhörerstecker",
  "summary": "Eine Sendung ohne Denis und Clemens, dafür haben wir abermals Ralf Stockmann zu Gast. Er trägt nicht nur zur kulturellen Erweiterung der Sendung bei sondern stellt auch noch mal im Detail das Projekt Ultraschall vor, das seit seinem letzten Besuch in der Show vor zwei Jahren deutlich vorangekommen ist. Weiter reden wir über die kommende Herrschaft der Maschinen, wie man einen Mac für den Fall eines Diebstahls rüstet und sinnieren darüber, ob es schon Zeit ist, den Kopfhörerstecker aufzugeben (Hint: nicht).",
  "publicationDate": "2016-03-10T08:55:33.000Z",
  "link": "http://freakshow.fm/fs173-koreaners-katzi",
  "show": {
    "title": "Freak Show",
    "subtitle": "Menschen! Technik! Sensationen!",
    "summary": "Die muntere Talk Show um Leben mit Technik, das Netz und Technikkultur. Bisweilen Apple-lastig aber selten einseitig. Wir leben und lieben Technologie und reden darüber. Mit Tim, hukl, roddi, Clemens und Denis. Freak Show hieß irgendwann mal mobileMacs.",
    "poster": "http://freakshow.fm/wp-content/cache/podlove/04/662a9d4edcf77ea2abe3c74681f509/freak-show_original.jpg",
    "link": "http://freakshow.fm"
  },
  "duration": "04:01:58",
  "chapters": [
    {
      "start": "00:00:00.000",
      "title": "Previously"
    },
    {
      "start": "00:02:05.371",
      "title": "Intro"
    },
    {
      "start": "00:02:28.747",
      "title": "Digitalarchäologie"
    },
    {
      "start": "00:03:59.884",
      "title": "Brot"
    },
    {
      "start": "00:11:20.485",
      "title": "Begrüßung"
    },
    {
      "start": "00:12:32.140",
      "title": "Datenintegrität und Dateisysteme"
    },
    {
      "start": "00:49:25.898",
      "title": "Feedback: Clean Install"
    },
    {
      "start": "00:57:22.111",
      "title": "Feedback: OK Go Video"
    },
    {
      "start": "00:59:22.175",
      "title": "Feedback: Bahn"
    },
    {
      "start": "01:07:13.557",
      "title": "Ultraschall"
    },
    {
      "start": "01:38:38.390",
      "title": "DAW GUI Design"
    },
    {
      "start": "02:02:53.184",
      "title": "Siri und die Sprachen"
    },
    {
      "start": "02:12:46.596",
      "title": "Alpha Go und die Singularität"
    },
    {
      "start": "02:34:12.611",
      "title": "Schöne Plakate"
    },
    {
      "start": "02:39:28.327",
      "title": "Geklaute Macs"
    },
    {
      "start": "03:11:27.328",
      "title": "Noch mehr schöne Plakate"
    },
    {
      "start": "03:13:02.020",
      "title": "1Password"
    },
    {
      "start": "03:21:06.058",
      "title": "Ransomware in Transmission"
    },
    {
      "start": "03:30:05.677",
      "title": "Apple Telefonsupport"
    },
    {
      "start": "03:37:36.146",
      "title": "Headphone Jack"
    },
    {
      "start": "03:58:51.658",
      "title": "Ausklang"
    }
  ],
  "audio": [
    {
      "url": "https://tracking.feedpress.it/link/13453/2801819/fs173-koreaners-katzi.m4a",
      "mimeType": "audio/mp4",
      "size": 92751861,
      "title": "Audio MP4"
    }
  ],
  "reference": {
    "share": "//podlove-player.surge.sh/share",
    "config": "//podlove-player.surge.sh/fixtures/22733630.json",
    "origin": "http://freakshow.fm/fs173-koreaners-katzi"
  },
  "theme": {
    "main": "rgb(251,237,186)"
  }
}
