{
  "title": "FS165 Skandal im Sperrbezirk",
  "subtitle": "Internet im Flugzeug — Japan — App Store Politik — iPad Pro — Mobilfunk — Festnetz — OS/2 — Bitcoin — Emojis — Kinoherbst — EU-Politik — Wahlcomputer",
  "summary": "Eine außerordentlich lange und wie wir finden ausgesprochen unterhaltsame und thematisch überraschend abwechslungsreiche Sendung erwartet Euch. Der große Rundumschlag deckt von Netzversorgung im Mobilfunk, Festnetz und Flugzeugen alles ab. Wir rätseln ein wenig was das iPad Pro bringt und diskutieren über die Politik des App Stores und der EU.",
  "publicationDate": "2015-11-12T10:09:25.000Z",
  "show": {
    "title": "Freak Show",
    "subtitle": "Menschen! Technik! Sensationen!",
    "summary": "Die muntere Talk Show um Leben mit Technik, das Netz und Technikkultur. Bisweilen Apple-lastig aber selten einseitig. Wir leben und lieben Technologie und reden darüber. Mit Tim, hukl, roddi, Clemens und Denis. Freak Show hieß irgendwann mal mobileMacs.",
    "poster": "http://freakshow.fm/wp-content/cache/podlove/04/662a9d4edcf77ea2abe3c74681f509/freak-show_original.jpg",
    "url": "http://freakshow.fm"
  },
  "duration": "05:08:26",
  "chapters": [
    {
      "start": "00:00:00.000",
      "title": "Intro"
    },
    {
      "start": "00:01:34.669",
      "title": "Begrüßung"
    },
    {
      "start": "00:11:53.353",
      "title": "Feedback: Programming Games"
    },
    {
      "start": "00:16:01.685",
      "title": "Deep Learning"
    },
    {
      "start": "00:24:46.451",
      "title": "Internet im Flugzeug"
    },
    {
      "start": "00:34:47.588",
      "title": "Verkehr und Datenverkehr in Japan"
    },
    {
      "start": "01:03:39.152",
      "title": "Mißbrauchspotential bei NFC Payment"
    },
    {
      "start": "01:20:32.842",
      "title": "Akihabara"
    },
    {
      "start": "01:32:10.214",
      "title": "App Store Politik"
    },
    {
      "start": "02:08:34.770",
      "title": "iPad Pro"
    },
    {
      "start": "02:31:21.536",
      "title": "Mobilfunktarife und Tethering"
    },
    {
      "start": "02:49:42.621",
      "title": "Festnetzkapriolen"
    },
    {
      "start": "03:06:40.297",
      "title": "Podcastquerelen"
    },
    {
      "start": "03:18:49.779",
      "title": "OS/2 und die Villa"
    },
    {
      "start": "03:40:05.091",
      "title": "Magic Keyboard"
    },
    {
      "start": "03:47:33.532",
      "title": "Bitcoin"
    },
    {
      "start": "03:53:28.477",
      "title": "Top Level Domains"
    },
    {
      "start": "04:12:25.741",
      "title": "Emojis"
    },
    {
      "start": "04:14:49.211",
      "title": "Z-MODEM"
    },
    {
      "start": "04:18:02.364",
      "title": "Schoki-Request"
    },
    {
      "start": "04:19:41.782",
      "title": "Kinoherbst"
    },
    {
      "start": "04:36:21.512",
      "title": "Großbritannien und die EU"
    },
    {
      "start": "04:50:21.404",
      "title": "Politik in Kanada"
    },
    {
      "start": "04:57:21.947",
      "title": "Wahlcomputer"
    },
    {
      "start": "05:03:04.407",
      "title": "DNS"
    },
    {
      "start": "05:04:59.015",
      "title": "Ausklang"
    }
  ],
  "audio": [
    "https://tracking.feedpress.it/link/13453/2019429/fs165-skandal-im-sperrbezirk.m4a"
  ],
  "theme": {
    "primary": "#79F2E2"
  },
  "reference": {
    "share": "//podlove-player.surge.sh/share",
    "config": "//podlove-player.surge.sh/fixtures/2443bdf3.json"
  }
}
