{
  "title": "CRE164 Urheberrecht",
  "subtitle": "Über Rechte, Pflichten, Eigentum und Ansprüche in der digitalen Welt",
  "summary": "Das Urheberrecht: alle reden darüber, keiner weiß was Konkretes. Im Gespräch mit Tim Pritlove versucht der Journalist und Urheberrechtsexperte Matthias Spielkamp über die Ursprünge und die Wesensart des Urheberrechts aufzuklären. Der Dialog zeigt die Entstehungsgeschichte des Rechtes und thematisiert, auf welcher Basis die Diskussion rund um die Erneuerung des Rechtes für die digitale Welt geführt wird und welche Aspekte einbezogen werden sollten.\n\nThemen: Journalismus und Urheberrecht; Entstehung der Plattform irights.info; Bedeutung des Urheberrechts im 21. Jahrhunderts; The Pirate Bay; Buchdruck und Urheberrechte in der Zeit der Fürstentümer in Deutschland; der Autoren-Genie-Kult; die Definition des Werks als \"persönliche Schöpfung\"; Motivationen zur Schaffung kreativer Inhalte; Produktivität der Buchszene in Deutschland während der Nichtexistenz eines Urheberrechts; Nachträgliche Verlängerungen des Urheberrechts; Registrierungspflicht urheberrechtlicher Werke; das Urheberpersönlichkeitsrecht; globale Harmonisierung des Urheberrechts durch die WIPO; Erlaubnistatbestand vs. Recht; Kopierschutzmaßnahmen und das Break-Once-Run-Anywhere-Prinzip; Hitlers Werk und das Urheberrecht; die Unversöhnlichkeit der Parteien in der Diskussion um das Urheberrecht und was eigentlich das Problem ist; Open Access; Alternativen zu normalen Verwertungswegen; die Privatkopie als \"Schranke\" des Urheberrechts; Verwertungsgesellschaften; kollektive Rechtewahrnehmung und Deutschlands Vorbildrolle; Kulturflatrates und Social Payment als alternative Vergütungsmodelle.",
  "publicationDate": "2010-10-05T14:30:00.000Z",
  "link": "http://cre.fm/cre164-urheberrecht",
  "show": {
    "title": "CRE: Technik, Kultur, Gesellschaft",
    "subtitle": "Der Interview-Podcast mit Tim Pritlove",
    "summary": "Intensive und ausführliche Gespräche über Themen aus Technik, Kultur und Gesellschaft, das ist CRE. Interessante Gesprächspartner stehen Rede und Antwort zu Fragen, die man normalerweise selten gestellt bekommt. CRE möchte  aufklären, weiterbilden und unterhalten.",
    "poster": "http://cre.fm/wp-content/cache/podlove/6b/8074d85b886d8dedb4945715694ba7/cre-technik-kultur-gesellschaft_original.jpg",
    "link": "http://cre.fm"
  },
  "duration": "02:18:52",
  "chapters": [],
  "audio": [
    {
      "url": "https://tracking.feedpress.it/link/13440/1885672/cre164-urheberrecht.m4a",
      "mimeType": "audio/mp4",
      "size": 51976030,
      "title": "Audio MP4"
    }
  ],
  "reference": {
    "share": "//podlove-player.surge.sh/share",
    "config": "//podlove-player.surge.sh/fixtures/2467bbb5.json",
    "origin": "http://cre.fm/cre164-urheberrecht"
  },
  "theme": {
    "main": "rgb(212,188,147)"
  }
}
