{
  "title": "CRE209 Das Linux System",
  "subtitle": "systemd leitet die neue Generation der Linux Systemarchitektur ein",
  "summary": "Der einst von Linus Torvalds geschaffene Betriebssystemkernel Linux ist eine freie Reimplementierung der UNIX Betriebssystemfamilie und hat sich in den letzten 20 Jahren sehr eigenständig entwickelt. Der Rest des Systems, das Userland, hat sich aber noch sehr stark an der klassischen Struktur von UNIX orientiert. Mit der Initiative systemd hat sich dies geändert und es entsteht eine sehr eigenständige Definition einer Linux-Systemebene, die sich zwischen Kernel und Anwendungen entfaltet und dort die Regeln der Installation und Systemadministration neu definiert.\n\nIch spreche mit dem Initiator des Projekts, Lennart Poettering, der schon vorher verschiedene Subsysteme zur Linux-Landschaft beigetragen hat über die Motivation und Struktur des Projekts, den aktuellen und zukünftigen Möglichkeiten der Software und welche kulturellen Auswirkungen der Einzug einer neuen Abstraktionsebene mit sich bringt.",
  "publicationDate": "2015-11-10T01:15:50.000Z",
  "poster": "http://cre.fm/wp-content/cache/podlove/2e/2b80dca448aaeb0c8297b2826349ca/cre209-das-linux-system_original.jpg",
  "link": "http://cre.fm/cre209-das-linux-system",
  "show": {
    "title": "CRE: Technik, Kultur, Gesellschaft",
    "subtitle": "Der Interview-Podcast mit Tim Pritlove",
    "summary": "Intensive und ausführliche Gespräche über Themen aus Technik, Kultur und Gesellschaft, das ist CRE. Interessante Gesprächspartner stehen Rede und Antwort zu Fragen, die man normalerweise selten gestellt bekommt. CRE möchte  aufklären, weiterbilden und unterhalten.",
    "poster": "http://cre.fm/wp-content/cache/podlove/6b/8074d85b886d8dedb4945715694ba7/cre-technik-kultur-gesellschaft_original.jpg",
    "link": "http://cre.fm"
  },
  "duration": "02:50:21",
  "chapters": [
    {
      "start": "00:00:00.000",
      "title": "Intro"
    },
    {
      "start": "00:01:42.024",
      "title": "Begrüßung"
    },
    {
      "start": "00:03:03.037",
      "title": "Hacken als Grundeinstellung"
    },
    {
      "start": "00:06:09.589",
      "title": "Persönlicher Werdegang"
    },
    {
      "start": "00:17:16.981",
      "title": "PulseAudio"
    },
    {
      "start": "00:30:21.917",
      "title": "Avahi"
    },
    {
      "start": "00:38:24.502",
      "title": "Elitismus und Geheimwissen"
    },
    {
      "start": "00:51:38.717",
      "title": "systemd : Beweggründe zur Entwicklung"
    },
    {
      "start": "01:25:27.304",
      "title": "systemd: Vorbilder und alte Zöpfe"
    },
    {
      "start": "01:48:18.600",
      "title": "systemd Entwickler"
    },
    {
      "start": "01:50:23.048",
      "title": "UEFI Booting und Secure Boot"
    },
    {
      "start": "02:04:54.909",
      "title": "Linux System Startup and Shutdown"
    },
    {
      "start": "02:16:16.477",
      "title": "Der systemd Graph"
    },
    {
      "start": "02:29:54.685",
      "title": "Network Setup mit systemd"
    },
    {
      "start": "02:42:10.547",
      "title": "Ausblick und Fazit"
    }
  ],
  "audio": [
    {
      "url": "https://tracking.feedpress.it/link/13440/2008525/cre209-das-linux-system.m4a",
      "mimeType": "audio/mp4",
      "size": 65230290,
      "title": "Audio MP4"
    }
  ],
  "reference": {
    "share": "//podlove-player.surge.sh/share",
    "config": "//podlove-player.surge.sh/fixtures/24a01d7f.json",
    "origin": "http://cre.fm/cre209-das-linux-system"
  }
}
