{
  "title": "NSFW082 Erfahrungskohorte NSFW",
  "subtitle": "Britische Fernsehserien — CeBIT — Cosmos — Podcast-Mainstream — Generationskonflikte — Wissenschaft",
  "summary": "Wir hoffen nach einer wieder längeren Pause nun wieder in den Zwei-Wochen-Rhythmus zuzukehren und müssen uns erst mal wieder sammeln. Daher steuern wir dieses mal weitgehend aufregungsfrei durch die Themen, geraten allerdings ein wenig in Konflikt wenn es um den richtigen Weg geht, Podcasting weiter voranzutreiben. Ansonsten viel dies und das und schlechte Musik und skurrile Nahrungsmittelbeiträge aus Russland.",
  "publicationDate": "2014-03-17T17:52:52.000Z",
  "link": "http://not-safe-for-work.de/nsfw082-erfahrungskohorte-nsfw/",
  "show": {
    "title": "Not Safe For Work",
    "subtitle": "Die Internationale Unterhaltungsgala mit Tim Pritlove und Holger Klein",
    "summary": "NSFW ist unkonventionell, unregelmäßig, unsinnig und ungemein unanständig. Garantiert mindestens zwei Worte pro Sendung, die man nicht auf der Arbeit sagen sollte. NSFW sollte nicht zu ernst genommen werden und selbstverständlich als Richtlinie aller Eurer künftigen Handlungen gelten.",
    "poster": "http://not-safe-for-work.de/wp-content/cache/podlove/0f/63751ecd7feba0789d91d4f9a45191/not-safe-for-work_original.jpg",
    "link": "http://not-safe-for-work.de"
  },
  "duration": "03:35:07",
  "chapters": [
    {
      "start": "00:00:00.000",
      "title": "Intro"
    },
    {
      "start": "00:01:30.000",
      "title": "Faules Fleisch"
    },
    {
      "start": "00:13:01.000",
      "title": "Vier Geschenke für Tim"
    },
    {
      "start": "00:18:43.000",
      "title": "CeBit"
    },
    {
      "start": "00:28:44.000",
      "title": "Wandelbarer Cumberbatch"
    },
    {
      "start": "00:39:25.000",
      "title": "Nachrichten aus den Medienunternehmen"
    },
    {
      "start": "00:52:09.000",
      "title": "Single-Purpose-Podcast-Apps"
    },
    {
      "start": "01:13:26.000",
      "title": "Kosmetika, Körperbehaarung, Klangbrett"
    },
    {
      "start": "01:20:44.000",
      "title": "Sprotti und trockene Os"
    },
    {
      "start": "01:31:05.000",
      "title": "Крымский кризис"
    },
    {
      "start": "01:42:48.000",
      "title": "Stinkfrucht, entdeppt"
    },
    {
      "start": "01:52:00.000",
      "title": "Kreative Österreicher"
    },
    {
      "start": "02:07:39.000",
      "title": "Cosmos, Krebs und Krokodile"
    },
    {
      "start": "02:32:14.000",
      "title": "Zentraler Zerlegungskrieg"
    },
    {
      "start": "03:05:35.000",
      "title": "Pathologische Toleranz"
    },
    {
      "start": "03:20:24.000",
      "title": "Binden und Beben"
    },
    {
      "start": "03:31:33.000",
      "title": "Outro"
    }
  ],
  "audio": [
    {
      "url": "https://tracking.feedpress.it/link/13444/1886693/nsfw082-erfahrungskohorte-nsfw.m4a",
      "mimeType": "audio/mp4",
      "size": 80869507,
      "title": "Audio MP4"
    }
  ],
  "reference": {
    "share": "//podlove-player.surge.sh/share",
    "config": "//podlove-player.surge.sh/fixtures/24b1dbfa.json",
    "origin": "http://not-safe-for-work.de/nsfw082-erfahrungskohorte-nsfw/"
  },
  "theme": {
    "main": "rgb(242,156,148)"
  }
}
