{
  "title": "NSFW095 Orgasmusfernübertragung",
  "subtitle": "Kinder und die Jugend von Heute — Nazis — Rap — Podcasting — Electronic Sex Toys — Trump",
  "summary": "Wir sind wieder da und sind beide der Meinung, dass fünf Monate Pause dann doch etwas zu viel sind. Man will ja nicht ganz aus der Übung geraten. So gelingen die Albernheiten nur begrenzt und widmen einen Großteil der Sendung den Fragen der Zeit, ob die Jugend von heute die Idioten von heute zurückfahren kann, wie es mit der Finanzierung von kulturellen Inhalten im Netz weitergeht und wie man in einem Businessmeeting die vernetzten dauerhaft installierten Sexspielzeug fernkontrollieren kann. Wir wünschen Euch viel Spaß.",
  "publicationDate": "2016-05-24T23:01:34.000Z",
  "link": "http://not-safe-for-work.de/nsfw095-orgasmusfernuebertragung/",
  "show": {
    "title": "Not Safe For Work",
    "subtitle": "Die Internationale Unterhaltungsgala mit Tim Pritlove und Holger Klein",
    "summary": "NSFW ist unkonventionell, unregelmäßig, unsinnig und ungemein unanständig. Garantiert mindestens zwei Worte pro Sendung, die man nicht auf der Arbeit sagen sollte. NSFW sollte nicht zu ernst genommen werden und selbstverständlich als Richtlinie aller Eurer künftigen Handlungen gelten.",
    "poster": "http://not-safe-for-work.de/wp-content/cache/podlove/0f/63751ecd7feba0789d91d4f9a45191/not-safe-for-work_original.jpg",
    "link": "http://not-safe-for-work.de"
  },
  "duration": "03:55:56",
  "chapters": [
    {
      "start": "00:00:00.000",
      "title": "Intro"
    },
    {
      "start": "00:01:52.584",
      "title": "Begrüßung"
    },
    {
      "start": "00:05:54.577",
      "title": "Die Jugend von heute"
    },
    {
      "start": "00:13:50.476",
      "title": "Holger hat jetzt Kinder"
    },
    {
      "start": "00:16:49.614",
      "title": "Kindermusik"
    },
    {
      "start": "00:23:22.093",
      "title": "Österreich und die Nazis"
    },
    {
      "start": "00:43:12.376",
      "title": "Ich rap euch weg"
    },
    {
      "start": "00:45:32.973",
      "title": "7 Jahre Weltgeschehen"
    },
    {
      "start": "00:55:33.991",
      "title": "Termin beim Bürgeramt"
    },
    {
      "start": "00:57:10.103",
      "title": "Grand Prix Eurovision de la Chanson"
    },
    {
      "start": "01:21:00.826",
      "title": "Hitparade"
    },
    {
      "start": "01:34:49.169",
      "title": "Aufrechte Rapper"
    },
    {
      "start": "01:42:10.933",
      "title": "Facebook"
    },
    {
      "start": "01:47:59.253",
      "title": "Payment-Systeme im Netz / Flattr"
    },
    {
      "start": "02:08:40.697",
      "title": "Podcasting, Werbung und Plattformen"
    },
    {
      "start": "02:54:54.392",
      "title": "Drohnenspielzeug"
    },
    {
      "start": "02:59:12.731",
      "title": "Marchin Band"
    },
    {
      "start": "03:04:56.261",
      "title": "Shameless Selfplugging in der Metaebene"
    },
    {
      "start": "03:18:00.557",
      "title": "The Building is on fire"
    },
    {
      "start": "03:22:32.204",
      "title": "Electronic Sex Toys"
    },
    {
      "start": "03:36:06.618",
      "title": "Trump"
    },
    {
      "start": "03:44:02.384",
      "title": "Holgi macht wieder Radio"
    },
    {
      "start": "03:48:02.998",
      "title": "Rap im Jahre 2000"
    },
    {
      "start": "03:51:41.248",
      "title": "Ausklang"
    }
  ],
  "audio": [
    {
      "url": "https://tracking.feedpress.it/link/13444/3431774/nsfw095-orgasmusfernuebertragung.m4a",
      "mimeType": "audio/mp4",
      "size": 88437534,
      "title": "Audio MP4"
    }
  ],
  "reference": {
    "share": "//podlove-player.surge.sh/share",
    "config": "//podlove-player.surge.sh/fixtures/283130fc.json",
    "origin": "http://not-safe-for-work.de/nsfw095-orgasmusfernuebertragung/"
  },
  "theme": {
    "main": "rgb(242,156,148)"
  }
}
