{
  "title": "LNP219 Ternäres Feeling",
  "subtitle": "Feedback — BND spioniert Interpol aus — Uber-Wachung — eID-Gesetz — NSA-Exploits — WikiLeaks — Fake News und Hatespeech — G23",
  "summary": "In unserer heutigen Ausgabe stellen wir entsetzt fest, dass die Nachrichtendienste offenbar nicht nur den Feind, sondern auch die Freunde und Helfer abhören und schauen uns danach an, welchen Maßnahmen Uber so ergreift, um sich ein umfassendes Bild von ihren Kunden und Mitarbeitern zu machen. Wir blicken auf die Pläne zum Aufbau einer zentralen Portraitdatenbank deutscher Bürger und schauen auf den Umgang der Firmen mit den jüngst veröffentlichten Sicherheitslücken durch die Leaks bei der NSA. Zum Schluß gibt es noch ein weiteres Kopfschütteln über die Gesetzes-Zugwracks des Justizministeriums und wir liefern eine Vorschau auf den anstehenden G23-Gipfel in Berlin, auf dem wir gerne viele von Euch sehen möchten.",
  "publicationDate": "2017-04-26T13:32:22.000Z",
  "link": "http://logbuch-netzpolitik.de/lnp219-ternaeres-feeling",
  "show": {
    "title": "Logbuch:Netzpolitik",
    "subtitle": "Einblicke und Ausblicke in das netzpolitische Geschehen",
    "summary": "Logbuch:Netzpolitik ist ein in der Regel wöchentlich erscheinender Podcast, der im Dialog zwischen Linus Neumann und Tim Pritlove die wichtigsten Themen und Ereignisse mit netzpolitischem Bezug aufgreift und diskutiert.",
    "poster": "http://logbuch-netzpolitik.de/wp-content/cache/podlove/92/de7e775cef6431203e4666e628294b/logbuchnetzpolitik_original.jpg",
    "link": "http://logbuch-netzpolitik.de"
  },
  "duration": "01:38:38",
  "chapters": [
    {
      "start": "00:00:00.000",
      "title": "Intro"
    },
    {
      "start": "00:00:31.787",
      "title": "Prolog"
    },
    {
      "start": "00:01:46.497",
      "title": "Feedback: Taktfragen"
    },
    {
      "start": "00:05:49.710",
      "title": "Feedback: Bundeswehr"
    },
    {
      "start": "00:08:47.360",
      "title": "Feedback: Data Science & Stories"
    },
    {
      "start": "00:14:20.902",
      "title": "Feedback: BMI, BSI und BfDI"
    },
    {
      "start": "00:15:30.203",
      "title": "Feedback: Wahlsoftware"
    },
    {
      "start": "00:19:24.488",
      "title": "BND spioniert Interpol aus"
    },
    {
      "start": "00:24:03.343",
      "title": "Uber: iPhone-Fingerprinting"
    },
    {
      "start": "00:49:35.432",
      "title": "eID-Gesetz"
    },
    {
      "start": "01:11:07.125",
      "title": "NSA-Exploits in the wild"
    },
    {
      "start": "01:13:52.448",
      "title": "Verfahren gegen Wikileaks"
    },
    {
      "start": "01:19:28.833",
      "title": "Neues von Fake News und Hatespeech"
    },
    {
      "start": "01:30:31.369",
      "title": "Termine: G23"
    },
    {
      "start": "01:34:51.396",
      "title": "Epilog"
    },
    {
      "start": "01:36:05.296",
      "title": "Bonus Track"
    }
  ],
  "audio": [
    {
      "url": "https://tracking.feedpress.it/link/13476/5738173/lnp219-ternaeres-feeling.m4a",
      "mimeType": "audio/mp4",
      "size": 37005787,
      "title": "Audio MP4"
    }
  ],
  "reference": {
    "share": "//podlove-player.surge.sh/share",
    "config": "//podlove-player.surge.sh/fixtures/28ba564a.json",
    "origin": "http://logbuch-netzpolitik.de/lnp219-ternaeres-feeling"
  },
  "theme": {
    "main": "rgb(218,207,164)"
  }
}
