{
  "title": "NSFW063 Pontifex Interruptus",
  "subtitle": "",
  "summary": "In Erwartung unserer 63. Sendung hat der Papst pünktlich seinen Abgang erklärt und lässt uns mit Spekulationen über unsere Tauglichkeit für das Amt zurück. Da macht der Rosenmontag auch keinen Spaß, zumal wir uns mit den rheinischen Freuden ohnehin nicht identifizieren können. Also reden wir lieber über File Sharing, den Genitiv, alte Computer in England und künftige GEMA-Alternativen.",
  "publicationDate": "2013-02-11T20:53:39.000Z",
  "link": "http://not-safe-for-work.de/nsfw063-pontifex-interruptus/",
  "show": {
    "title": "Not Safe For Work",
    "subtitle": "Die Internationale Unterhaltungsgala mit Tim Pritlove und Holger Klein",
    "summary": "NSFW ist unkonventionell, unregelmäßig, unsinnig und ungemein unanständig. Garantiert mindestens zwei Worte pro Sendung, die man nicht auf der Arbeit sagen sollte. NSFW sollte nicht zu ernst genommen werden und selbstverständlich als Richtlinie aller Eurer künftigen Handlungen gelten.",
    "poster": "http://not-safe-for-work.de/wp-content/cache/podlove/0f/63751ecd7feba0789d91d4f9a45191/not-safe-for-work_original.jpg",
    "link": "http://not-safe-for-work.de"
  },
  "duration": "02:52:28",
  "chapters": [
    {
      "start": "00:00:00.000",
      "title": "Intro"
    },
    {
      "start": "00:05:36.000",
      "title": "Begrüßung und Copyright-Diskussion"
    },
    {
      "start": "00:37:04.000",
      "title": "Papst-Rücktritt und Karneval"
    },
    {
      "start": "01:12:30.000",
      "title": "Geschenke und Podlove"
    },
    {
      "start": "01:44:41.000",
      "title": "Alte Computertechnik in England"
    },
    {
      "start": "02:20:59.000",
      "title": "TV, GEMA und Creative Commons"
    }
  ],
  "audio": [
    {
      "url": "https://tracking.feedpress.it/link/13444/1886712/nsfw063-pontifex-interruptus.m4a",
      "mimeType": "audio/mp4",
      "size": 64585254,
      "title": "Audio MP4"
    }
  ],
  "reference": {
    "share": "//podlove-player.surge.sh/share",
    "config": "//podlove-player.surge.sh/fixtures/2b35214a.json",
    "origin": "http://not-safe-for-work.de/nsfw063-pontifex-interruptus/"
  },
  "theme": {
    "main": "rgb(242,156,148)"
  }
}
