{
  "title": "FS192 Rechnungswesen im Autohaus",
  "subtitle": "Adapter — Receipts — MoneyMoney — Skrill — Fintech — Motorola 68000 — Atombomben — Bitcoin — Go — NSA-UA — Chris Lattner — APFS — nettop — USB Meter",
  "summary": "Nach einer ausgesetzten Sendung sind wir wieder da. Wir reden ausführlich über die Herausforderungen der digitalen Zettelordnung und Bankkontenverwaltung und ziehen dann durch das Internet um uns über ungesicherte Atombomben, Bitcoin, Go und anderes zu verzetteln. Enjoy the Show.",
  "publicationDate": "2017-02-09T00:58:03.000Z",
  "link": "http://freakshow.fm/fs192-rechnungswesen-im-autohaus",
  "show": {
    "title": "Freak Show",
    "subtitle": "Menschen! Technik! Sensationen!",
    "summary": "Die muntere Talk Show um Leben mit Technik, das Netz und Technikkultur. Bisweilen Apple-lastig aber selten einseitig. Wir leben und lieben Technologie und reden darüber. Mit Tim, hukl, roddi, Clemens und Denis. Freak Show hieß irgendwann mal mobileMacs.",
    "poster": "http://freakshow.fm/wp-content/cache/podlove/04/662a9d4edcf77ea2abe3c74681f509/freak-show_original.jpg",
    "link": "http://freakshow.fm"
  },
  "duration": "04:00:51",
  "chapters": [
    {
      "start": "00:00:00.000",
      "title": "Intro"
    },
    {
      "start": "00:01:26.944",
      "title": "Make the Mac great again"
    },
    {
      "start": "00:07:52.800",
      "title": "Begrüßung"
    },
    {
      "start": "00:08:16.459",
      "title": "Adapter-Spritzbesteck"
    },
    {
      "start": "00:12:14.364",
      "title": "Receipts"
    },
    {
      "start": "00:32:17.475",
      "title": "MoneyMoney"
    },
    {
      "start": "00:47:31.093",
      "title": "Skrill und der Fintech-Wahnsinn"
    },
    {
      "start": "00:55:52.257",
      "title": "Spass mit Rechnungswesen"
    },
    {
      "start": "01:01:57.258",
      "title": "Motorola 68000 Oral History"
    },
    {
      "start": "01:07:46.661",
      "title": "Transkriptionen"
    },
    {
      "start": "01:08:47.192",
      "title": "Rocket Launches"
    },
    {
      "start": "01:21:14.897",
      "title": "Atombombenunfälle"
    },
    {
      "start": "01:23:48.917",
      "title": "Bitcoin-Datengarten im CCCB"
    },
    {
      "start": "01:31:28.245",
      "title": "Atombomben Nachklapp"
    },
    {
      "start": "01:32:59.274",
      "title": "Freak Tasting Review"
    },
    {
      "start": "01:34:53.184",
      "title": "Besuch beim NSA-UA"
    },
    {
      "start": "01:46:49.141",
      "title": "hukl macht jetzt in Go"
    },
    {
      "start": "02:24:06.551",
      "title": "Programmiererfragen am Wochenende"
    },
    {
      "start": "02:34:43.380",
      "title": "How Many People Will Die in 2017"
    },
    {
      "start": "02:38:04.487",
      "title": "Chris Lattner bei ATP"
    },
    {
      "start": "02:54:24.920",
      "title": "APFS auf iOS"
    },
    {
      "start": "03:00:28.288",
      "title": "Bluetooth Headphones"
    },
    {
      "start": "03:33:28.430",
      "title": "nettop"
    },
    {
      "start": "03:41:47.069",
      "title": "USB Meter"
    },
    {
      "start": "03:47:37.653",
      "title": "Roddi beim Metercast"
    },
    {
      "start": "03:48:45.506",
      "title": "Trumpismen"
    },
    {
      "start": "03:58:24.000",
      "title": "Ausklang"
    },
    {
      "start": "03:59:57.296",
      "title": "I checked my notebook"
    }
  ],
  "audio": [
    {
      "url": "https://tracking.feedpress.it/link/13453/5287059/fs192-rechnungswesen-im-autohaus.m4a",
      "mimeType": "audio/mp4",
      "size": 92504742,
      "title": "Audio MP4"
    }
  ],
  "reference": {
    "share": "//podlove-player.surge.sh/share",
    "config": "//podlove-player.surge.sh/fixtures/2c457cd9.json",
    "origin": "http://freakshow.fm/fs192-rechnungswesen-im-autohaus"
  },
  "theme": {
    "main": "rgb(251,237,186)"
  }
}
