{
  "title": "TLF009 Allein mit Hitler",
  "subtitle": "",
  "summary": "",
  "publicationDate": "2010-04-27T16:44:25.000Z",
  "link": "http://tim.pritlove.org/2010/04/27/tlf009/",
  "show": {
    "title": "The Lunatic Fringe",
    "subtitle": "Merkwürdiges und Denkwürdiges von Tim Pritlove",
    "summary": "Lunatic Fringe ist ein experimenteller Audiopodcast mit wechselnden Inhalten und Stimmungslagen.",
    "poster": "http://tim.pritlove.org/wp-content/cache/podlove/a3/5f409d7acf6bc487c2023915e3afd8/the-lunatic-fringe_original.jpg",
    "link": "http://tim.pritlove.org"
  },
  "duration": "01:23:20",
  "chapters": [],
  "audio": [
    {
      "url": "https://tracking.feedpress.it/link/13551/1926861/tlf009.m4a",
      "mimeType": "audio/mp4",
      "size": 51452929,
      "title": "Audio MP4"
    }
  ],
  "reference": {
    "share": "//podlove-player.surge.sh/share",
    "config": "//podlove-player.surge.sh/fixtures/2c938edf.json",
    "origin": "http://tim.pritlove.org/2010/04/27/tlf009/"
  },
  "theme": {
    "main": "rgb(228,184,167)"
  }
}
