{
  "title": "LNP214 Abstrakte Gefährder",
  "subtitle": "Epicenter.works — Österreichisches Überwachungspaket — Urheberrechtsreform: Rettet die Meme",
  "summary": "Diese Sendung konzentriert sich stark auf österreichische und europäische Aspekte. Zu Gast ist Thomas Lohninger und wir reden ausführlich über die politische Gesamtmengelage in Österreich und die zahlreichen neuen Gesetzesinitiativen der Bundesregierung, die als \"Überwachungspaket\" einige bedenkliche neue Regelungen bündelt. Danach sprechen wir noch über das Vermächtnis von Günter Oettinger: die Novelle des Urheberrechts im Rahmen einer europäischen Richtlinie, die unter anderem Upload-Filter etablieren möchte und damit sowohl die freie Meinungsäußerung als auch offene Projekte wie Wikipedia akut gefährdet.",
  "publicationDate": "2017-03-18T11:00:13.000Z",
  "link": "http://logbuch-netzpolitik.de/lnp214-abstrakte-gefaehrder",
  "show": {
    "title": "Logbuch:Netzpolitik",
    "subtitle": "Einblicke und Ausblicke in das netzpolitische Geschehen",
    "summary": "Logbuch:Netzpolitik ist ein in der Regel wöchentlich erscheinender Podcast, der im Dialog zwischen Linus Neumann und Tim Pritlove die wichtigsten Themen und Ereignisse mit netzpolitischem Bezug aufgreift und diskutiert.",
    "poster": "http://logbuch-netzpolitik.de/wp-content/cache/podlove/92/de7e775cef6431203e4666e628294b/logbuchnetzpolitik_original.jpg",
    "link": "http://logbuch-netzpolitik.de"
  },
  "duration": "01:16:06",
  "chapters": [
    {
      "start": "00:00:00.000",
      "title": "Intro"
    },
    {
      "start": "00:00:29.017",
      "title": "Prolog"
    },
    {
      "start": "00:02:58.351",
      "title": "Politische Realität in Österreich"
    },
    {
      "start": "00:12:07.727",
      "title": "Überwachungspaket für Österreich"
    },
    {
      "start": "01:01:15.076",
      "title": "Rettet die Meme"
    },
    {
      "start": "01:13:07.076",
      "title": "Epilog"
    }
  ],
  "audio": [
    {
      "url": "https://tracking.feedpress.it/link/13476/5530216/lnp214-abstrakte-gefaehrder.m4a",
      "mimeType": "audio/mp4",
      "size": 28615421,
      "title": "Audio MP4"
    }
  ],
  "reference": {
    "share": "//podlove-player.surge.sh/share",
    "config": "//podlove-player.surge.sh/fixtures/2d53f604.json",
    "origin": "http://logbuch-netzpolitik.de/lnp214-abstrakte-gefaehrder"
  },
  "theme": {
    "main": "rgb(218,207,164)"
  }
}
