{
  "title": "CRE198 Pornographie",
  "subtitle": "Die Geschichte der Pornographie und ihre Bedeutung für die Gesellschaft",
  "summary": "Kaum ein Thema schafft es, die Gesellschaft so fortgesetzt zu begeistern und zu verstören wie Pornographie. Von manchen wird es schlicht mit dem Bösen gleichgesetzt, andere leben es frei und entspannt. Und jeder scheint seine ganz persönliche Auffassung darüber zu haben, wofür Pornographie steht und welche Wirkung sie auf den einzelnen wie auch die Gesellschaft als ganzes hat.\n\nIm Gespräch mit Tim Pritlove berichtet Tina Lorenz aus ihrer Forschung und ihren ganz persönlichen Erfahrungen und Erkenntnissen mit Porno. Eine Reise von den Ursprüngen der Pornographie in der Antike über die modernen Wandlungen des Genre in Renaissance und Neuzeit bis zur nackten Realität des Porno in unserer Zeit in allen Medien.",
  "publicationDate": "2012-11-04T14:23:51.000Z",
  "poster": "http://cre.fm/wp-content/cache/podlove/3e/1cc7e9e6aceac7ae6ae7e71eb2a821/cre198-pornographie_original.jpg",
  "link": "http://cre.fm/cre198-pornographie",
  "show": {
    "title": "CRE: Technik, Kultur, Gesellschaft",
    "subtitle": "Der Interview-Podcast mit Tim Pritlove",
    "summary": "Intensive und ausführliche Gespräche über Themen aus Technik, Kultur und Gesellschaft, das ist CRE. Interessante Gesprächspartner stehen Rede und Antwort zu Fragen, die man normalerweise selten gestellt bekommt. CRE möchte  aufklären, weiterbilden und unterhalten.",
    "poster": "http://cre.fm/wp-content/cache/podlove/6b/8074d85b886d8dedb4945715694ba7/cre-technik-kultur-gesellschaft_original.jpg",
    "link": "http://cre.fm"
  },
  "duration": "02:10:15",
  "chapters": [
    {
      "start": "00:00:00.000",
      "title": "Intro"
    },
    {
      "start": "00:00:49.500",
      "title": "Begrüßung und Vorstellung"
    },
    {
      "start": "00:07:28.021",
      "title": "Ursprung der Pornographie"
    },
    {
      "start": "00:20:15.089",
      "title": "Renaissance"
    },
    {
      "start": "00:32:09.250",
      "title": "Frühe Pornographische Druckwerke"
    },
    {
      "start": "00:37:41.750",
      "title": "Moderne Pornographische Literatur"
    },
    {
      "start": "00:48:05.750",
      "title": "Zensur und Unterdrückung von Pornographie"
    },
    {
      "start": "00:54:38.125",
      "title": "Sexualität und Gesellschaft"
    },
    {
      "start": "01:07:36.500",
      "title": "Fotographie und Film"
    },
    {
      "start": "01:13:52.375",
      "title": "Der Siegeszug des Vibrators"
    },
    {
      "start": "01:16:30.500",
      "title": "Sexploitation"
    },
    {
      "start": "01:24:06.000",
      "title": "Das goldene Zeitalter der Pornographie"
    },
    {
      "start": "01:30:24.625",
      "title": "Das Ende der unbeschwerten Sexualität"
    },
    {
      "start": "01:36:49.000",
      "title": "Pornographie als Kampfbegriff"
    },
    {
      "start": "01:42:07.875",
      "title": "Die geänderte Wahrnehmung von Porno"
    },
    {
      "start": "01:48:02.625",
      "title": "Porno und die Norm"
    },
    {
      "start": "01:54:33.375",
      "title": "Porno und das Internet"
    },
    {
      "start": "02:02:46.875",
      "title": "Die Zukunft des Porno"
    }
  ],
  "audio": [
    {
      "url": "https://tracking.feedpress.it/link/13440/1885496/cre198-pornographie.m4a",
      "mimeType": "audio/mp4",
      "size": 48930267,
      "title": "Audio MP4"
    }
  ],
  "reference": {
    "share": "//podlove-player.surge.sh/share",
    "config": "//podlove-player.surge.sh/fixtures/2d7ba5ad.json",
    "origin": "http://cre.fm/cre198-pornographie"
  }
}
