{
  "title": "FS196 Nickt nicht!",
  "subtitle": "Sparschäler — Ayran — Thimbleweed Park — Plattenspieler — Lehren und Lernen — SMYCK Color Scheme — Mac Pro — Pimp My Mac — MacBook Pro — Elektromobilität — Finanzbuchhaltung und Lua — Segelschein und Seekrankheit — Endless Runway",
  "summary": "Nach einer dreiwöchigen Pause gehen wir wieder an den Start. Wir reden wir über alles, was das Leben mit Technik im aktuellen Jahrtausend so hergibt. Enjoy.",
  "publicationDate": "2017-04-13T00:03:27.000Z",
  "link": "http://freakshow.fm/fs196-nickt-nicht",
  "show": {
    "title": "Freak Show",
    "subtitle": "Menschen! Technik! Sensationen!",
    "summary": "Die muntere Talk Show um Leben mit Technik, das Netz und Technikkultur. Bisweilen Apple-lastig aber selten einseitig. Wir leben und lieben Technologie und reden darüber. Mit Tim, hukl, roddi, Clemens und Denis. Freak Show hieß irgendwann mal mobileMacs.",
    "poster": "http://freakshow.fm/wp-content/cache/podlove/04/662a9d4edcf77ea2abe3c74681f509/freak-show_original.jpg",
    "link": "http://freakshow.fm"
  },
  "duration": "03:43:28",
  "chapters": [
    {
      "start": "00:00:00.000",
      "title": "Intro"
    },
    {
      "start": "00:02:05.955",
      "title": "Begrüßung"
    },
    {
      "start": "00:04:59.329",
      "title": "Sparschäler"
    },
    {
      "start": "00:14:43.038",
      "title": "Ayran"
    },
    {
      "start": "00:19:46.421",
      "title": "Feedback zur letzten Sendung"
    },
    {
      "start": "00:21:08.862",
      "title": "Thimbleweed Park"
    },
    {
      "start": "00:30:28.607",
      "title": "Plattenspieler"
    },
    {
      "start": "00:46:52.639",
      "title": "Letty lehrt"
    },
    {
      "start": "01:09:56.380",
      "title": "SMYCK Color Scheme"
    },
    {
      "start": "01:21:41.792",
      "title": "Mac Pro"
    },
    {
      "start": "01:41:05.019",
      "title": "Pimp My Mac"
    },
    {
      "start": "02:04:02.677",
      "title": "MacBook Pro Ranting"
    },
    {
      "start": "02:21:47.594",
      "title": "Disruption durch Elektromobilität"
    },
    {
      "start": "02:40:23.394",
      "title": "Finanzbuchhaltung und Lua"
    },
    {
      "start": "02:59:44.048",
      "title": "Segelschein und Seekrankheit"
    },
    {
      "start": "03:22:36.896",
      "title": "Endless Runway"
    },
    {
      "start": "03:36:24.448",
      "title": "Ausklang"
    },
    {
      "start": "03:40:32.693",
      "title": "Bonus Track"
    }
  ],
  "audio": [
    {
      "url": "https://tracking.feedpress.it/link/13453/5666122/fs196-nickt-nicht.m4a",
      "mimeType": "audio/mp4",
      "size": 86038637,
      "title": "Audio MP4"
    }
  ],
  "reference": {
    "share": "//podlove-player.surge.sh/share",
    "config": "//podlove-player.surge.sh/fixtures/2f33606c.json",
    "origin": "http://freakshow.fm/fs196-nickt-nicht"
  },
  "theme": {
    "main": "rgb(251,237,186)"
  }
}
