{
  "title": "CRE155 Malware und Botnets",
  "subtitle": "Wie sich Malware selbst im Internet verbreitet, was sie dann tut und was man dagegen unternehmen kann",
  "summary": "Malware hat sich in den letzten 10 Jahren von einem Forschungsfeld zu einer globalen Bedrohung der internationalen Dateninfrastruktur entwickelt. Botnetze stellen dabei die bedauerliche Krönung der kriminellen Aktivitäten dar und es erfordert einen großen Aufwand, diesen Systemen nachzugehen und sie wieder auszuschalten. Trotz eines fortwährenden Katz- und Mausspielchens gelingt es den Sicherheitsforschern immer wieder, große Botnetze vom Netz zu nehmen. Im Gespräch mit Tim Pritlove erläutert Thorsten Holz Geschichte und technische Hintergründe zu Malware und Botnetzen.\n\nThemen: wie sich Malware über die Zeit vom Experiment zum Werkzeug von Kriminellen entwickelt hat; welche Sicherheitslücken ausgenutzt werden; welche Methoden Betriebssysteme haben, sich gegen Malware zu wehren; das Layer-8-Problem; die Antiviren-Industrie; was Microsoft für seine Sicherheit getan hat; Botnetze und Spam und andere Formen der Monetarisierung; wie sich Botnetze gegen Aufklärung schützen; wie man ein Botnetz ausforscht, austrickst und lahmlegt; Botnetze aufspüren mit Honeypots; Botnetze in Behörden und Botschaften; Kommunikation und Kollaboration von Securitygruppen; technische und moralische Probleme beim Herunterfahren eines Botnets; Kooperation mit ISPs; Botnetzbekämpfung vs. Zensurinfrastruktur; Botnetze und der Mac; Konzepte für sichere Betriebssysteme; Security Usability; Automatisierte Malware Analyse.",
  "publicationDate": "2010-06-10T11:00:00.000Z",
  "link": "http://cre.fm/cre155-malware-botnets",
  "show": {
    "title": "CRE: Technik, Kultur, Gesellschaft",
    "subtitle": "Der Interview-Podcast mit Tim Pritlove",
    "summary": "Intensive und ausführliche Gespräche über Themen aus Technik, Kultur und Gesellschaft, das ist CRE. Interessante Gesprächspartner stehen Rede und Antwort zu Fragen, die man normalerweise selten gestellt bekommt. CRE möchte  aufklären, weiterbilden und unterhalten.",
    "poster": "http://cre.fm/wp-content/cache/podlove/6b/8074d85b886d8dedb4945715694ba7/cre-technik-kultur-gesellschaft_original.jpg",
    "link": "http://cre.fm"
  },
  "duration": "02:48:36",
  "chapters": [],
  "audio": [
    {
      "url": "https://tracking.feedpress.it/link/13440/1885681/cre155-malware-botnets.m4a",
      "mimeType": "audio/mp4",
      "size": 63099245,
      "title": "Audio MP4"
    }
  ],
  "reference": {
    "share": "//podlove-player.surge.sh/share",
    "config": "//podlove-player.surge.sh/fixtures/2ff9a02b.json",
    "origin": "http://cre.fm/cre155-malware-botnets"
  },
  "theme": {
    "main": "rgb(212,188,147)"
  }
}
