{
  "title": "CRE167 node.js",
  "subtitle": "Die event-basierte Programmierumgebung für das Realtime Web",
  "summary": "node.js ist eine neue und recht neuartige Laufzeitumgebung für JavaScript-Programme, dass das asynchrone Programmieren in den Vordergrund stellt, um eine hohe Performance zu erreichen. Im Gespräch mit Tim Pritlove berichtet Felix Geisendörfer von Hintergrund, Eigenschaften und Anwendungsmöglichkeiten von node.js.\n\nThemen: aktuelle Probleme bei Webanwendungen; Long polling und File Upload; Asynchroner I/O; Latenzen und Performance-Bottlenecks; Vor- und Nachteile eventbasierter Programmierung; Threads und Thread Safety; node.js Architektur und Komponenten; Warten im Netz; Vom Umgang mit vielen gleichzeitigen Verbindungen; Serverseitiges Web Browsing; Anwendungsverteilung zwischen Client und Server; Asynchrones Rendering von Templates; Asynchrone Kommunikation mit Datenbanken; Debugging; Node Package Manager; Module und Addons; nodeJS auf Embedded-Systemen.",
  "publicationDate": "2010-10-19T12:30:00.000Z",
  "link": "http://cre.fm/cre167-nodejs",
  "show": {
    "title": "CRE: Technik, Kultur, Gesellschaft",
    "subtitle": "Der Interview-Podcast mit Tim Pritlove",
    "summary": "Intensive und ausführliche Gespräche über Themen aus Technik, Kultur und Gesellschaft, das ist CRE. Interessante Gesprächspartner stehen Rede und Antwort zu Fragen, die man normalerweise selten gestellt bekommt. CRE möchte  aufklären, weiterbilden und unterhalten.",
    "poster": "http://cre.fm/wp-content/cache/podlove/6b/8074d85b886d8dedb4945715694ba7/cre-technik-kultur-gesellschaft_original.jpg",
    "link": "http://cre.fm"
  },
  "duration": "01:55:07",
  "chapters": [],
  "audio": [
    {
      "url": "https://tracking.feedpress.it/link/13440/1885669/cre167-nodejs.m4a",
      "mimeType": "audio/mp4",
      "size": 43093802,
      "title": "Audio MP4"
    }
  ],
  "reference": {
    "share": "//podlove-player.surge.sh/share",
    "config": "//podlove-player.surge.sh/fixtures/3070d356.json",
    "origin": "http://cre.fm/cre167-nodejs"
  },
  "theme": {
    "main": "rgb(212,188,147)"
  }
}
