{
  "title": "LNP201 Das Trumpeltier regiert die Welt",
  "subtitle": "LNP200 — Trump — Cyber — Bundesverfassungsgericht — Assanchez — Web of Trust — GEMA — WhatsApp — Oettinger — Steinmeier",
  "summary": "Nach einer Verschnaufpause, die nach dem tollen Liveevent und der frustrierenden US-Wahl dringend geboten war, nehmen wir wieder den Ball auf und liefern eine leicht aufgeblähte Sendung passend zu den ebenfalls leicht aufgeblähten Personen, die derzeit leider immer noch den Nachrichtenfluss bestimmen.",
  "publicationDate": "2016-11-17T21:28:28.000Z",
  "show": {
    "title": "Logbuch:Netzpolitik",
    "subtitle": "Einblicke und Ausblicke in das netzpolitische Geschehen",
    "summary": "Logbuch:Netzpolitik ist ein in der Regel wöchentlich erscheinender Podcast, der im Dialog zwischen Linus Neumann und Tim Pritlove die wichtigsten Themen und Ereignisse mit netzpolitischem Bezug aufgreift und diskutiert.",
    "poster": "http://logbuch-netzpolitik.de/wp-content/cache/podlove/92/de7e775cef6431203e4666e628294b/logbuchnetzpolitik_original.jpg",
    "url": "http://logbuch-netzpolitik.de"
  },
  "duration": "02:22:29",
  "chapters": [
    {
      "start": "00:00:00.000",
      "title": "Intro"
    },
    {
      "start": "00:00:38.896",
      "title": "Prolog: LNP200 Rückblick"
    },
    {
      "start": "00:29:15.733",
      "title": "There is no game"
    },
    {
      "start": "00:29:52.188",
      "title": "Trump"
    },
    {
      "start": "01:00:10.128",
      "title": "Cyber-Sicherheitsstrategie"
    },
    {
      "start": "01:06:48.016",
      "title": "Lagebericht IT-Sicherheit"
    },
    {
      "start": "01:25:10.437",
      "title": "Internetüberwachung: Verfassungsbeschwerde gegen BND-Datenstaubsauger"
    },
    {
      "start": "01:42:58.574",
      "title": "Bundesverfassungsgericht: NSA-Selektoren bleiben geheim"
    },
    {
      "start": "01:51:59.877",
      "title": "Assanchez hat Damenbesuch"
    },
    {
      "start": "01:56:29.873",
      "title": "NDR-Recherche: Daten zu Surfverhalten von Millionen Deutschen als \"kostenlose Probe\""
    },
    {
      "start": "02:03:35.112",
      "title": "WhatsApp unterbricht Datenweitergabe an Facebook"
    },
    {
      "start": "02:04:47.821",
      "title": "GEMA darf Verlage nicht pauschal beteiligen"
    },
    {
      "start": "02:08:24.963",
      "title": "Oettinger wechselt ins EU-Haushaltsministerium"
    },
    {
      "start": "02:11:16.358",
      "title": "Steinmeier wird Präsident"
    },
    {
      "start": "02:15:43.637",
      "title": "Linus bei SWR1 Leute"
    },
    {
      "start": "02:16:08.376",
      "title": "Das Weihnachtsgeld geht in die Netzpolitik"
    },
    {
      "start": "02:17:19.095",
      "title": "Termine und Orte"
    },
    {
      "start": "02:18:03.389",
      "title": "Epilog"
    },
    {
      "start": "02:21:34.396",
      "title": "Ausklang"
    }
  ],
  "audio": [
    "https://tracking.feedpress.it/link/13476/4810574/lnp201-das-trumpeltier-regiert-die-welt.m4a"
  ],
  "theme": {
    "primary": "#DA79F2"
  },
  "reference": {
    "share": "//podlove-player.surge.sh/share",
    "config": "//podlove-player.surge.sh/fixtures/32ce7b87.json"
  }
}
