{
  "title": "CRE185 Hedonistische Internationale",
  "subtitle": "Mit Freude, Lust und Genuss die Welt verändern",
  "summary": "Die Hedonistische Internationale (HI) mischt seit einigen Jahren öffentliche Veranstaltungen und Medien durch provokativ-innovatives und vor allem spaßorientiertes Benutzerverhalten auf. Dahinter verbirgt sich eine pseudonym agierende und lose organisierte Gruppe von Leuten, die sich in voneinander unabhängigen Sektionen weltweit entfaltet. Den Spass im Wappen unterwandert die Gruppe die öffentliche Wahrnehmung auf, verzichtet dabei aber auf interne Hierarchien und wendet sich gegen ausuferndes Labeldenken.\n\nIm Gespräch mit Tim Pritlove erläutern Abdula und Karl von der HI die Motivation zur Gründung der Bewegung und stellen eine Reihe von Projekten der letzten Jahre vor, die Zielsetzung und Arbeitsweise der Initiative verdeutlichen.\n\nThemen: Gründung der Hedonistischen Internationale; Manifest; G8-Gipfel in Genua als Auslöser; Spaß als Waffe; Wunsch zur Veränderung; Historische Vorbilder; Internatiale Sektionen und verwandte Organisationen; Pro-Guttenberg-Demo; Polylux und die Speed-Diät; Die Medien und die Nackten; Supermarkt-DDOS durch Ankündigung; Weltkongress der Hedonisten; Spaß mit der FDP; Verhältnis zu Spaßparteien; über den Umgang mit Nazis; was nicht funktioniert; Anonymous und die Globalisierung des Protests.",
  "publicationDate": "2011-10-23T21:00:00.000Z",
  "poster": "http://cre.fm/wp-content/cache/podlove/a4/25510d16414bb076f97ac6bbae632f/cre185-hedonistische-internationale_original.jpg",
  "link": "http://cre.fm/cre185-hedonistische-internationale",
  "show": {
    "title": "CRE: Technik, Kultur, Gesellschaft",
    "subtitle": "Der Interview-Podcast mit Tim Pritlove",
    "summary": "Intensive und ausführliche Gespräche über Themen aus Technik, Kultur und Gesellschaft, das ist CRE. Interessante Gesprächspartner stehen Rede und Antwort zu Fragen, die man normalerweise selten gestellt bekommt. CRE möchte  aufklären, weiterbilden und unterhalten.",
    "poster": "http://cre.fm/wp-content/cache/podlove/6b/8074d85b886d8dedb4945715694ba7/cre-technik-kultur-gesellschaft_original.jpg",
    "link": "http://cre.fm"
  },
  "duration": "01:56:46",
  "chapters": [],
  "audio": [
    {
      "url": "https://tracking.feedpress.it/link/13440/1885509/cre185-hedonistische-internationale.m4a",
      "mimeType": "audio/mp4",
      "size": 43800567,
      "title": "Audio MP4"
    }
  ],
  "reference": {
    "share": "//podlove-player.surge.sh/share",
    "config": "//podlove-player.surge.sh/fixtures/33b63cc0.json",
    "origin": "http://cre.fm/cre185-hedonistische-internationale"
  }
}
