{
  "title": "FS171 Invasion!",
  "subtitle": "LAN Planung — Kalender — Bingo — Wikipedia — Akkukalibration — Alte iPads und iPods — Find My Friends — iPhone Music Player — Apple Watch — Kommandozeile — Star Wars — Dante — Internet of Things Security — VPN",
  "summary": "Wir haben eine wie wir finden abwechslungsreiche Sendung produziert, die wir Euch wie immer mit Freude bereitstellen. Während die Live-Hörer Freak-Show-Bingo spielen, greifen wir das Wikipedia-Thema der letzten Sendung auf und liefern auch noch weitere Aspekte des optimalen Star-Wars-Medienkonsums frei Haus. Dazu viel Nerderei rund um die Kommandozeile, eine Einschätzung der Perspektive der Apple Watch, ein Rant über die mangelhafte Security  im Internet of Things (and Buildings) und allerlei anderer Kram.  Roddi setzt dieses Mal aus, sonst Vollbesetzung.",
  "publicationDate": "2016-02-11T02:13:55.000Z",
  "link": "http://freakshow.fm/fs171-invasion",
  "show": {
    "title": "Freak Show",
    "subtitle": "Menschen! Technik! Sensationen!",
    "summary": "Die muntere Talk Show um Leben mit Technik, das Netz und Technikkultur. Bisweilen Apple-lastig aber selten einseitig. Wir leben und lieben Technologie und reden darüber. Mit Tim, hukl, roddi, Clemens und Denis. Freak Show hieß irgendwann mal mobileMacs.",
    "poster": "http://freakshow.fm/wp-content/cache/podlove/04/662a9d4edcf77ea2abe3c74681f509/freak-show_original.jpg",
    "link": "http://freakshow.fm"
  },
  "duration": "04:15:32",
  "chapters": [
    {
      "start": "00:00:00.000",
      "title": "Intro"
    },
    {
      "start": "00:01:39.215",
      "title": "Begrüßung"
    },
    {
      "start": "00:04:58.478",
      "title": "IETF Meeting Netzwerk"
    },
    {
      "start": "00:18:37.424",
      "title": "Kalender"
    },
    {
      "start": "00:33:40.404",
      "title": "Freak Show Bingo"
    },
    {
      "start": "00:35:37.348",
      "title": "Wikipedia"
    },
    {
      "start": "01:17:26.311",
      "title": "iPhone Akkukalibration"
    },
    {
      "start": "01:24:54.992",
      "title": "Alte iPads und iPod touches"
    },
    {
      "start": "01:31:01.642",
      "title": "Find My Friends"
    },
    {
      "start": "01:41:45.673",
      "title": "iPhone Music Player"
    },
    {
      "start": "01:56:13.308",
      "title": "Apple Watch"
    },
    {
      "start": "02:11:50.768",
      "title": "Kommandozeile: System Appreciation"
    },
    {
      "start": "02:23:09.859",
      "title": "Sound und Design für Games"
    },
    {
      "start": "02:24:58.976",
      "title": "Kommandozeile: Remote Deployment"
    },
    {
      "start": "02:32:36.783",
      "title": "Kommandozeile: Man Pages"
    },
    {
      "start": "02:44:31.496",
      "title": "Kommandozeile: screen vs. tmux"
    },
    {
      "start": "02:58:01.619",
      "title": "Star Wars: Machete Order & Phantom Edit"
    },
    {
      "start": "03:20:04.866",
      "title": "Kopfhörer-Ersatzteile"
    },
    {
      "start": "03:23:38.869",
      "title": "Dante"
    },
    {
      "start": "03:38:03.152",
      "title": "Dante Via"
    },
    {
      "start": "03:45:33.367",
      "title": "Internet of Things Security"
    },
    {
      "start": "03:56:11.176",
      "title": "That One Privacy Guy's VPN Comparison Chart"
    },
    {
      "start": "04:09:59.810",
      "title": "Ausklang"
    }
  ],
  "audio": [
    "https://tracking.feedpress.it/link/13453/2558991/fs171-invasion.m4a"
  ],
  "reference": {
    "share": "//podlove-player.surge.sh/share",
    "config": "//podlove-player.surge.sh/fixtures/363feced.json",
    "origin": "http://freakshow.fm/fs171-invasion"
  },
  "theme": {
    "main": "rgb(251,237,186)"
  }
}
