{
  "title": "NSFW092 Dafür kommen wir in die Hölle",
  "subtitle": "Live vom Chaos Communication Camp 2015",
  "summary": "Nach acht Monaten Pause haben wir uns mal wieder zusammengefunden und die Gelegenheit genutzt, live von der großartigen Bühne im BER Village auf dem Chaos Communication Camp 2015 vor hunderten von Zuschauern eine Show zu machen. Es hat uns großen Spaß gemacht und wir sind dafür auch gerne an unsere Grenzen gegangen. Und wir haben beschlossen, die Sendung auch wieder aufzunehmen, allerdings nicht in dem tödlichen Vierzehn-Tage-Takt sondern alle zwei bis drei Monate.",
  "publicationDate": "2015-08-29T22:12:52.000Z",
  "link": "http://not-safe-for-work.de/nsfw092-dafuer-kommen-wir-in-die-hoelle/",
  "show": {
    "title": "Not Safe For Work",
    "subtitle": "Die Internationale Unterhaltungsgala mit Tim Pritlove und Holger Klein",
    "summary": "NSFW ist unkonventionell, unregelmäßig, unsinnig und ungemein unanständig. Garantiert mindestens zwei Worte pro Sendung, die man nicht auf der Arbeit sagen sollte. NSFW sollte nicht zu ernst genommen werden und selbstverständlich als Richtlinie aller Eurer künftigen Handlungen gelten.",
    "poster": "http://not-safe-for-work.de/wp-content/cache/podlove/0f/63751ecd7feba0789d91d4f9a45191/not-safe-for-work_original.jpg",
    "link": "http://not-safe-for-work.de"
  },
  "duration": "01:50:48",
  "chapters": [
    {
      "start": "00:00:00.000",
      "title": "Intro"
    },
    {
      "start": "00:01:17.815",
      "title": "Begrüßung"
    },
    {
      "start": "00:11:47.004",
      "title": "Sternchen in der Schule"
    },
    {
      "start": "00:14:01.974",
      "title": "Dixiologie"
    },
    {
      "start": "00:18:53.521",
      "title": "I have a bad case of diarrhea"
    },
    {
      "start": "00:20:56.551",
      "title": "Chaos Communication Camp"
    },
    {
      "start": "00:31:26.710",
      "title": "Der Internetblogger"
    },
    {
      "start": "00:36:10.372",
      "title": "Die geile Vorband"
    },
    {
      "start": "00:42:46.270",
      "title": "Elektromobilität"
    },
    {
      "start": "00:49:26.714",
      "title": "Rohrpost und Draisinen"
    },
    {
      "start": "00:55:28.628",
      "title": "Hustensaft Jüngling"
    },
    {
      "start": "00:59:44.888",
      "title": "Alterssichtigkeit"
    },
    {
      "start": "01:03:02.754",
      "title": "Fuck"
    },
    {
      "start": "01:08:59.759",
      "title": "Pizza"
    },
    {
      "start": "01:12:46.141",
      "title": "Das wissenschaftliche Experiment"
    },
    {
      "start": "01:20:37.325",
      "title": "Werbung"
    },
    {
      "start": "01:22:21.429",
      "title": "Facebook is down"
    },
    {
      "start": "01:27:07.072",
      "title": "Presse"
    },
    {
      "start": "01:31:18.443",
      "title": "Telefonterror"
    },
    {
      "start": "01:34:49.120",
      "title": "Schlagzeilen aus der Zukunft"
    },
    {
      "start": "01:37:45.721",
      "title": "In der Krise den Humor behalten"
    },
    {
      "start": "01:44:55.767",
      "title": "Volldampf heraus"
    }
  ],
  "audio": [
    {
      "url": "https://tracking.feedpress.it/link/13444/1886546/nsfw092-dafuer-kommen-wir-in-die-hoelle.m4a",
      "mimeType": "audio/mp4",
      "size": 41849662,
      "title": "Audio MP4"
    }
  ],
  "reference": {
    "share": "//podlove-player.surge.sh/share",
    "config": "//podlove-player.surge.sh/fixtures/365422a8.json",
    "origin": "http://not-safe-for-work.de/nsfw092-dafuer-kommen-wir-in-die-hoelle/"
  },
  "theme": {
    "main": "rgb(242,156,148)"
  }
}
