{
  "title": "LNP218 Wahlsicherheit durch Obskurität",
  "subtitle": "Bundeswehr — Shadowbrokers — TKG mit DPI — AfD auf Twitter — IVU.elect — Bose-Spione",
  "summary": "In unserer heutigen Sendung steigen wir wieder einmal mit ausführlichem Feedback ein und greifen noch ein mal das Thema Bundeswehr und Gesellschaft auf. Danach schauen wir auf die neue Ladung von veröffentlichten Sicherheitlücken aus dem NSA-Fundus, den neuen heimlich eingeschobenen Änderungen des Telekommunikationsgesetzes, wie die AfD sich auf Twitter sich abbildet und was man daraus für Schlüsse ziehen kann. Zum Schluss schauen wir welche Schlüsse der Berliner Senat aus Sicherheitsbedenken gegenüber der eingesetzten Wahlauszählsoftware gezogen hat (Hint: keine) und beklagen, dass jetzt sogar schon Kopfhörer anfangen, einen auszuspionieren.",
  "publicationDate": "2017-04-20T13:12:01.000Z",
  "link": "http://logbuch-netzpolitik.de/lnp218-wahlsicherheit-durch-obskuritaet",
  "show": {
    "title": "Logbuch:Netzpolitik",
    "subtitle": "Einblicke und Ausblicke in das netzpolitische Geschehen",
    "summary": "Logbuch:Netzpolitik ist ein in der Regel wöchentlich erscheinender Podcast, der im Dialog zwischen Linus Neumann und Tim Pritlove die wichtigsten Themen und Ereignisse mit netzpolitischem Bezug aufgreift und diskutiert.",
    "poster": "http://logbuch-netzpolitik.de/wp-content/cache/podlove/92/de7e775cef6431203e4666e628294b/logbuchnetzpolitik_original.jpg",
    "link": "http://logbuch-netzpolitik.de"
  },
  "duration": "01:12:57",
  "chapters": [
    {
      "start": "00:00:00.000",
      "title": "Intro"
    },
    {
      "start": "00:00:50.612",
      "title": "Prolog"
    },
    {
      "start": "00:03:47.285",
      "title": "Cyberwehr und das BSI"
    },
    {
      "start": "00:13:56.720",
      "title": "Shadowbrokers Exploit Leak"
    },
    {
      "start": "00:21:19.307",
      "title": "TKG-Änderung: DPI und Sperren für die Sicherheit"
    },
    {
      "start": "00:36:36.320",
      "title": "AfD auf Twitter"
    },
    {
      "start": "00:47:24.302",
      "title": "IVU.elect in Berlin"
    },
    {
      "start": "00:59:07.315",
      "title": "Bose-Spione"
    },
    {
      "start": "01:08:17.178",
      "title": "Epilog"
    },
    {
      "start": "01:09:27.693",
      "title": "Bonus Track"
    }
  ],
  "audio": [
    {
      "url": "https://tracking.feedpress.it/link/13476/5701979/lnp218-wahlsicherheit-durch-obskuritaet.m4a",
      "mimeType": "audio/mp4",
      "size": 27445125,
      "title": "Audio MP4"
    }
  ],
  "reference": {
    "share": "//podlove-player.surge.sh/share",
    "config": "//podlove-player.surge.sh/fixtures/3777e3bf.json",
    "origin": "http://logbuch-netzpolitik.de/lnp218-wahlsicherheit-durch-obskuritaet"
  },
  "theme": {
    "main": "rgb(218,207,164)"
  }
}
