{
  "title": "LS016 Studio Link",
  "subtitle": "Podcasting aus der Ferne durch Open Source Hardware und Software",
  "summary": "Nicht immer ist es möglich, alle Teilnehmer eines Podcasts an einen Tisch zu bekommen. Oft liegen große Distanzen dazwischen und oft wird auf Skype oder ähnliche Werkzeuge zurückgegriffen. Die Tonqualität ist dabei nicht ideal und die Zuverlässigkeit lässt zu wünschen übrig. Um diese Probleme neu anzugehen ist das Projekt Studio Link angetreten.\n\nSebastian Reimers hat auf Basis von offener Hardware und Software eine Lösung geschaffen, mit einem kleinen Kästchen über das Internet in bester Audioqualität Studio und Gäste miteinander zu verbinden. Das Projekt wird aktiv weiterentwickelt und bietet jetzt auch bald eine reine Softwarelösung, was komplett neue Möglichkeiten bietet.  Sebastian ist natürlich in dieser Sendung auch nicht vor Ort und über Studio Link zugeschaltet.",
  "publicationDate": "2016-01-13T11:14:16.000Z",
  "link": "http://der-lautsprecher.de/ls016-studio-link",
  "show": {
    "title": "Der Lautsprecher",
    "subtitle": "Ein Podcast über das Senden und Empfangen werden",
    "summary": "Der Lautsprecher ist ein Forum für Podcaster und solche, die es vielleicht werden wollen. Tim Pritlove spricht mit ausgewählten Gästen über Technik, Kultur und Methoden des Podcastings.",
    "poster": "http://der-lautsprecher.de/wp-content/cache/podlove/f3/5801c434d3ae2e00e6b5ee5379b08b/der-lautsprecher_original.jpg",
    "link": "http://der-lautsprecher.de"
  },
  "duration": "01:33:37",
  "chapters": [
    {
      "start": "00:00:00.000",
      "title": "Intro"
    },
    {
      "start": "00:00:54.778",
      "title": "Sebastian Reimers"
    },
    {
      "start": "00:06:13.717",
      "title": "Das Projekt Studio Link"
    },
    {
      "start": "00:34:23.953",
      "title": "Studio Link Box"
    },
    {
      "start": "00:46:09.815",
      "title": "Studio Link Plugin"
    },
    {
      "start": "01:06:34.735",
      "title": "Backend"
    },
    {
      "start": "01:15:02.565",
      "title": "Finanzierungsmodell"
    },
    {
      "start": "01:19:46.532",
      "title": "Zukünftiges"
    },
    {
      "start": "01:32:21.227",
      "title": "Ausklang"
    }
  ],
  "audio": [
    {
      "url": "https://tracking.feedpress.it/link/12319/2339553/ls016-studio-link.mp3",
      "mimeType": "audio/mpeg",
      "size": 56414751,
      "title": "Audio MP4"
    }
  ],
  "reference": {
    "share": "//podlove-player.surge.sh/share",
    "config": "//podlove-player.surge.sh/fixtures/383edcbd.json",
    "origin": "http://der-lautsprecher.de/ls016-studio-link"
  },
  "theme": {
    "main": "rgb(116,185,248)"
  }
}
