{
  "title": "LNP223 Was damals Unrecht war, muss heute Recht sein",
  "subtitle": "Staatstrojaner — StreamOn vs. Netzneutralität",
  "summary": "In dieser Folge klingt Tim endlich genauso heiser wie Linus und überhaupt sind wir im Kern einer Meinung, denn die Empörung über den jüngsten Gesetzänderungs-Vorstoss der Bundesregierung ist groß - aber nicht nur bei uns. Wir diskutieren ausführlich Linus kurzfristig anberaunte Stellungnahme mit Rechtsausschuss des Bundestages zur Novelle, die den Einsatz von Trojanern durch den Staat signifikant ausweiten würde.",
  "publicationDate": "2017-06-03T19:32:34.000Z",
  "link": "http://logbuch-netzpolitik.de/lnp223-was-damals-unrecht-war-muss-heute-recht-sein",
  "show": {
    "title": "Logbuch:Netzpolitik",
    "subtitle": "Einblicke und Ausblicke in das netzpolitische Geschehen",
    "summary": "Logbuch:Netzpolitik ist ein in der Regel wöchentlich erscheinender Podcast, der im Dialog zwischen Linus Neumann und Tim Pritlove die wichtigsten Themen und Ereignisse mit netzpolitischem Bezug aufgreift und diskutiert.",
    "poster": "http://logbuch-netzpolitik.de/wp-content/cache/podlove/92/de7e775cef6431203e4666e628294b/logbuchnetzpolitik_original.jpg",
    "link": "http://logbuch-netzpolitik.de"
  },
  "duration": "01:40:39",
  "chapters": [
    {
      "start": "00:00:00.000",
      "title": "Intro"
    },
    {
      "start": "00:00:34.179",
      "title": "Anhörung im Rechtsausschuss zu Staatstrojaner"
    },
    {
      "start": "00:55:34.630",
      "title": "Anhörung: Strategie der Stellungnahme"
    },
    {
      "start": "01:18:28.216",
      "title": "Anhörung: Situation der SPD"
    },
    {
      "start": "01:24:10.763",
      "title": "StreamOn: Thomas auf der Telekom Hauptversammlung"
    },
    {
      "start": "01:28:21.663",
      "title": "Mitschnitt von Thomas Vortrag"
    },
    {
      "start": "01:40:01.425",
      "title": "Epilog"
    }
  ],
  "audio": [
    {
      "url": "https://tracking.feedpress.it/link/13476/5960396/lnp223-was-damals-unrecht-war-muss-heute-recht-sein.m4a",
      "mimeType": "audio/mp4",
      "size": 37753042,
      "title": "Audio MP4"
    }
  ],
  "reference": {
    "share": "//podlove-player.surge.sh/share",
    "config": "//podlove-player.surge.sh/fixtures/3a2c9024.json",
    "origin": "http://logbuch-netzpolitik.de/lnp223-was-damals-unrecht-war-muss-heute-recht-sein"
  },
  "theme": {
    "main": "rgb(218,207,164)"
  }
}
