{
  "title": "CRE194 Bier",
  "subtitle": "Über die Bierkultur und Hobbybrauerei",
  "summary": "Das Bier ist ein uns seit Jahrtausenden vertrautes Kulturelement, doch weiß kaum einer, wie man diese im wahrsten Sinne des Wortes \"Flüssignahrung\" fachgerecht herstellt. Der sowohl aus einer zunehmenden Konzentration im Biermarkt und der technischen Weiterentwicklung resultierende Verlust von traditionell hergestellten Biersorten bringt aber jetzt ein neue Bewegung in ein Hobbybrauertum, dass sich dem ursprünglichen Geschmack des Bieres verschrieben hat.\n\nIm Gespräch mit Tim Pritlove erläutert Hobbybrauer Andreas Bogk Herkunft und einfache Techniken des Bierbrauens, was ein gutes Bier ausmacht und von seiner detektivischen Arbeit, der verloren gegangenen Berliner Weiße auf die Spur zu kommen.\n\nThemen: Brot backen heißt Bier brauen; Bier selber brauen; der magische Zauberstab; Warum Weizenbier eigentlich kein Weißbier ist; Malzherstellung; Maischen; die Rolle des Hopfen; Grutbier; Warum das Reinheitsgebot nur eine Marktverzerrung ist; die Stammwürze; Verlust und Wiedergewinnung der Bierkultur; Aussterben der Berliner Weiße; Gärprozess; die Pilsrevolution; die Wiederauferstehung der Berliner Weiße; der Trend zum Hobbybrauen; Biersorten aus aller Welt.",
  "publicationDate": "2012-07-02T13:56:35.000Z",
  "poster": "http://cre.fm/wp-content/cache/podlove/ad/0a06119a945bc69746c9d40188b85b/cre194-bier_original.jpg",
  "link": "http://cre.fm/cre194-bier",
  "show": {
    "title": "CRE: Technik, Kultur, Gesellschaft",
    "subtitle": "Der Interview-Podcast mit Tim Pritlove",
    "summary": "Intensive und ausführliche Gespräche über Themen aus Technik, Kultur und Gesellschaft, das ist CRE. Interessante Gesprächspartner stehen Rede und Antwort zu Fragen, die man normalerweise selten gestellt bekommt. CRE möchte  aufklären, weiterbilden und unterhalten.",
    "poster": "http://cre.fm/wp-content/cache/podlove/6b/8074d85b886d8dedb4945715694ba7/cre-technik-kultur-gesellschaft_original.jpg",
    "link": "http://cre.fm"
  },
  "duration": "03:13:52",
  "chapters": [],
  "audio": [
    {
      "url": "https://tracking.feedpress.it/link/13440/1885500/cre194-bier.m4a",
      "mimeType": "audio/mp4",
      "size": 72680936,
      "title": "Audio MP4"
    }
  ],
  "reference": {
    "share": "//podlove-player.surge.sh/share",
    "config": "//podlove-player.surge.sh/fixtures/3b0d33d1.json",
    "origin": "http://cre.fm/cre194-bier"
  },
  "theme": {
    "main": "rgb(220,128,64)"
  }
}
