{
  "title": "NSFW072 Da muss Apple noch nachbessern",
  "subtitle": "",
  "summary": "Eine etwas ereignislose Zeit lässt uns desorientiert zurück und wir versuchen uns nicht den sonstigen Netzaufregern zu widmen und wenden uns anderen Fragen zu, verkünden unser nächstes Hörerinnengrillen in Düsseldorf am 6. Juli und fressen Kekse bis der Mund fusselig wird.",
  "publicationDate": "2013-06-24T13:49:30.000Z",
  "link": "http://not-safe-for-work.de/nsfw072-da-muss-apple-noch-nachbessern/",
  "show": {
    "title": "Not Safe For Work",
    "subtitle": "Die Internationale Unterhaltungsgala mit Tim Pritlove und Holger Klein",
    "summary": "NSFW ist unkonventionell, unregelmäßig, unsinnig und ungemein unanständig. Garantiert mindestens zwei Worte pro Sendung, die man nicht auf der Arbeit sagen sollte. NSFW sollte nicht zu ernst genommen werden und selbstverständlich als Richtlinie aller Eurer künftigen Handlungen gelten.",
    "poster": "http://not-safe-for-work.de/wp-content/cache/podlove/0f/63751ecd7feba0789d91d4f9a45191/not-safe-for-work_original.jpg",
    "link": "http://not-safe-for-work.de"
  },
  "duration": "02:32:17",
  "chapters": [
    {
      "start": "00:00:00.000",
      "title": "Religionsschlammcatchen"
    },
    {
      "start": "00:08:00.000",
      "title": "Das Jahr der Support-Fails"
    },
    {
      "start": "00:41:33.000",
      "title": "Grillieren"
    },
    {
      "start": "00:50:38.000",
      "title": "Geschenke"
    },
    {
      "start": "01:29:11.000",
      "title": "Empfehlungen"
    },
    {
      "start": "01:40:51.000",
      "title": "Öl, Salz, Pfeffer"
    },
    {
      "start": "01:48:53.000",
      "title": "Podcasting"
    },
    {
      "start": "01:58:05.000",
      "title": "Kameras und Optik"
    },
    {
      "start": "02:19:14.000",
      "title": "Tagespolitik"
    }
  ],
  "audio": [
    {
      "url": "https://tracking.feedpress.it/link/13444/1886703/nsfw072-da-muss-apple-noch-nachbessern.m4a",
      "mimeType": "audio/mp4",
      "size": 57303525,
      "title": "Audio MP4"
    }
  ],
  "reference": {
    "share": "//podlove-player.surge.sh/share",
    "config": "//podlove-player.surge.sh/fixtures/3c44df99.json",
    "origin": "http://not-safe-for-work.de/nsfw072-da-muss-apple-noch-nachbessern/"
  },
  "theme": {
    "main": "rgb(242,156,148)"
  }
}
