{
  "title": "LNP215 Ich mach mir ‘ne Tomate warm",
  "subtitle": "Bundestag-Hack und Adblocker — Türkei-Spionage in Deutschland — Netzwerkdurchsetzungsgesetz — Anis Amri — Datenschutzgesetz DSAnpUG — VPN-Provider-Bestandsdatenauskunft — BNetzA und Jabber — Laptop-Verbot — Bandbreiten-Messung — Termine",
  "summary": "Linus ist wieder da und wir steigen wieder ein ins Nachrichten-Tagesgeschäft. Dabei steht heute die Bundesnetzagentur in verschiedenen Kontexten im Mittelpunkt und wir schauen auf neue Gesetzesinitiativen und Nachrichtendienst-Vorfälle.",
  "publicationDate": "2017-03-29T22:52:35.000Z",
  "link": "http://logbuch-netzpolitik.de/lnp215-ich-mach-mir-ne-tomate-warm",
  "show": {
    "title": "Logbuch:Netzpolitik",
    "subtitle": "Einblicke und Ausblicke in das netzpolitische Geschehen",
    "summary": "Logbuch:Netzpolitik ist ein in der Regel wöchentlich erscheinender Podcast, der im Dialog zwischen Linus Neumann und Tim Pritlove die wichtigsten Themen und Ereignisse mit netzpolitischem Bezug aufgreift und diskutiert.",
    "poster": "http://logbuch-netzpolitik.de/wp-content/cache/podlove/92/de7e775cef6431203e4666e628294b/logbuchnetzpolitik_original.jpg",
    "link": "http://logbuch-netzpolitik.de"
  },
  "duration": "01:41:39",
  "chapters": [
    {
      "start": "00:00:00.000",
      "title": "Intro"
    },
    {
      "start": "00:00:29.770",
      "title": "Prolog"
    },
    {
      "start": "00:05:48.000",
      "title": "Bundestag braucht Adblocker"
    },
    {
      "start": "00:19:25.973",
      "title": "Türkei spioniert in Deutschland"
    },
    {
      "start": "00:40:16.981",
      "title": "Netzwerkdurchsetzungsgesetz"
    },
    {
      "start": "00:52:38.746",
      "title": "Polizei warnte vor Amri, las Nachrichten mit"
    },
    {
      "start": "01:01:56.389",
      "title": "Neues Datenschutzgesetz DSAnpUG"
    },
    {
      "start": "01:13:16.464",
      "title": "VPN-Provider soll Daten rausgeben"
    },
    {
      "start": "01:16:16.101",
      "title": "Bundesnetzagentur schnappt sich Jabber-Clients"
    },
    {
      "start": "01:22:24.442",
      "title": "Laptop-Verbot in Flugzeugen"
    },
    {
      "start": "01:28:42.213",
      "title": "Internet ist langsamer als versprochen"
    },
    {
      "start": "01:34:18.416",
      "title": "Termine"
    },
    {
      "start": "01:36:53.253",
      "title": "Epilog"
    },
    {
      "start": "01:37:57.103",
      "title": "Bonus Track"
    }
  ],
  "audio": [
    {
      "url": "https://tracking.feedpress.it/link/13476/5589797/lnp215-ich-mach-mir-ne-tomate-warm.m4a",
      "mimeType": "audio/mp4",
      "size": 38126940,
      "title": "Audio MP4"
    }
  ],
  "reference": {
    "share": "//podlove-player.surge.sh/share",
    "config": "//podlove-player.surge.sh/fixtures/3ce0e2ee.json",
    "origin": "http://logbuch-netzpolitik.de/lnp215-ich-mach-mir-ne-tomate-warm"
  },
  "theme": {
    "main": "rgb(218,207,164)"
  }
}
