{
  "title": "NSFW076 Blattfisch",
  "subtitle": "Langeweile auf extrem hohen Niveau",
  "summary": "Wir sind dann endlich mal wieder gemeinsam in Berlin und müssen wie gewohnt erst mal wieder in Form geraten. Daher gehen wir dann auch gleich mal einem Fake auf dem Leim und sind bei lokalen politischen Ereignissen weitgehend uninformiert. Kein Grund für uns, uns nicht als kompetent und besserwissend in Szene zu setzen und so schafft es eine weitere Ausgabe der Internationalen Unterhaltungsgala auf eure mobilen Abspielgeräte.",
  "publicationDate": "2013-10-21T17:58:41.000Z",
  "link": "http://not-safe-for-work.de/nsfw076-blattfisch/",
  "show": {
    "title": "Not Safe For Work",
    "subtitle": "Die Internationale Unterhaltungsgala mit Tim Pritlove und Holger Klein",
    "summary": "NSFW ist unkonventionell, unregelmäßig, unsinnig und ungemein unanständig. Garantiert mindestens zwei Worte pro Sendung, die man nicht auf der Arbeit sagen sollte. NSFW sollte nicht zu ernst genommen werden und selbstverständlich als Richtlinie aller Eurer künftigen Handlungen gelten.",
    "poster": "http://not-safe-for-work.de/wp-content/cache/podlove/0f/63751ecd7feba0789d91d4f9a45191/not-safe-for-work_original.jpg",
    "link": "http://not-safe-for-work.de"
  },
  "duration": "02:35:44",
  "chapters": [
    {
      "start": "00:00:00.000",
      "title": "Intro"
    },
    {
      "start": "00:01:32.000",
      "title": "Erstes Kapitel"
    },
    {
      "start": "00:26:42.000",
      "title": "Holgis neues Telefon"
    },
    {
      "start": "00:38:00.000",
      "title": "Bundestagswahl 2013"
    },
    {
      "start": "01:06:35.000",
      "title": "Erste Geschenke"
    },
    {
      "start": "01:22:11.000",
      "title": "Holgi hat eine Trinkflasche geschenkt bekommen"
    },
    {
      "start": "01:29:16.000",
      "title": "Studio Connect"
    },
    {
      "start": "01:42:48.000",
      "title": "Geschenke, Teil 2"
    },
    {
      "start": "01:55:32.000",
      "title": "Tims Filmempfehlungen"
    },
    {
      "start": "02:02:30.000",
      "title": "Fernreisen"
    },
    {
      "start": "02:12:05.000",
      "title": "Tims Italienurlaub"
    },
    {
      "start": "02:19:14.000",
      "title": "Geschenke, Teil 3"
    },
    {
      "start": "02:22:30.000",
      "title": "Crazy Ideen aus dem Internet"
    },
    {
      "start": "02:26:49.000",
      "title": "Volksentscheid in Berlin zu den Wasser- und Stromnetzen"
    },
    {
      "start": "02:34:09.000",
      "title": "Outro"
    }
  ],
  "audio": [
    {
      "url": "https://tracking.feedpress.it/link/13444/1886699/nsfw076-blattfisch.m4a",
      "mimeType": "audio/mp4",
      "size": 58592312,
      "title": "Audio MP4"
    }
  ],
  "reference": {
    "share": "//podlove-player.surge.sh/share",
    "config": "//podlove-player.surge.sh/fixtures/3e7851e0.json",
    "origin": "http://not-safe-for-work.de/nsfw076-blattfisch/"
  },
  "theme": {
    "main": "rgb(242,156,148)"
  }
}
