{
  "title": "FS197 Trucker’s Hitch",
  "subtitle": "Segeln — Knoten — Pfeifen — Spendenplattformen — Pimp My Mac — Bitcoin — Superb Lyrebird — Computer bauen",
  "summary": "In kleinerer Runde treffen wir zusammen und besprechen zunächst einmal ausführlich hukls Erlebnisse in England, wo er jüngst seinen Segelschein machte. In dem Zuge begeistern wir uns über Knoten und Pfeifen und fordern ein Fach \"Leben\" in den Schulen. Dann reden wir über den Mac und neueste Trends im Bitcoin-Universum, schauen Software und Vögeln beim Imitieren von Sprache zu, nehmen einen 8-Bit-Computerkurs und fallen dann ins Bett.",
  "publicationDate": "2017-04-26T23:53:00.000Z",
  "link": "http://freakshow.fm/fs197-truckers-hitch",
  "show": {
    "title": "Freak Show",
    "subtitle": "Menschen! Technik! Sensationen!",
    "summary": "Die muntere Talk Show um Leben mit Technik, das Netz und Technikkultur. Bisweilen Apple-lastig aber selten einseitig. Wir leben und lieben Technologie und reden darüber. Mit Tim, hukl, roddi, Clemens und Denis. Freak Show hieß irgendwann mal mobileMacs.",
    "poster": "http://freakshow.fm/wp-content/cache/podlove/04/662a9d4edcf77ea2abe3c74681f509/freak-show_original.jpg",
    "link": "http://freakshow.fm"
  },
  "duration": "03:35:46",
  "chapters": [
    {
      "start": "00:00:00.000",
      "title": "Intro"
    },
    {
      "start": "00:01:35.722",
      "title": "Prolog"
    },
    {
      "start": "00:04:34.620",
      "title": "Day Skipper"
    },
    {
      "start": "00:29:13.322",
      "title": "Apps fürs Segeln"
    },
    {
      "start": "00:47:19.926",
      "title": "Knoten"
    },
    {
      "start": "01:02:05.398",
      "title": "Pfeifen"
    },
    {
      "start": "01:04:58.622",
      "title": "Ian Knot"
    },
    {
      "start": "01:07:23.050",
      "title": "Fundingplattformen und Spenden"
    },
    {
      "start": "01:45:21.201",
      "title": "Pimp My Mac: SSD"
    },
    {
      "start": "02:04:58.730",
      "title": "Pimp My Mac: Xserve G5 Netzteil"
    },
    {
      "start": "02:17:13.117",
      "title": "Pimp My Mac: Northbridge"
    },
    {
      "start": "02:21:10.936",
      "title": "Bitcoin Update"
    },
    {
      "start": "02:44:40.501",
      "title": "Bitcoin-Kurse ermitteln"
    },
    {
      "start": "02:58:26.484",
      "title": "Bitcoin Core"
    },
    {
      "start": "03:02:18.317",
      "title": "Flash"
    },
    {
      "start": "03:03:32.475",
      "title": "Alte Filme"
    },
    {
      "start": "03:07:13.087",
      "title": "The Economist"
    },
    {
      "start": "03:10:01.055",
      "title": "The Superb Lyrebird"
    },
    {
      "start": "03:19:22.486",
      "title": "Building an 8-bit breadboard computer"
    },
    {
      "start": "03:24:21.192",
      "title": "iPhone wiederfinden"
    },
    {
      "start": "03:30:50.283",
      "title": "Ausklang"
    },
    {
      "start": "03:32:21.429",
      "title": "Bonus Track"
    }
  ],
  "audio": [
    {
      "url": "https://tracking.feedpress.it/link/13453/5741014/fs197-truckers-hitch.m4a",
      "mimeType": "audio/mp4",
      "size": 82805238,
      "title": "Audio MP4"
    }
  ],
  "reference": {
    "share": "//podlove-player.surge.sh/share",
    "config": "//podlove-player.surge.sh/fixtures/3ee566d7.json",
    "origin": "http://freakshow.fm/fs197-truckers-hitch"
  },
  "theme": {
    "main": "rgb(251,237,186)"
  }
}
