{
  "title": "LNP203 Unglück im Glück im Unglück",
  "subtitle": "Feedback — Telekom Routerausfall — Big Data — Fake News — Wikileaks — ANISKI — Grundrechtecharta — Thoughtcrime — 33C3",
  "summary": "Wenn man mal ein paar Tage zu spät aufnimmt kann das Thementablett ganz schön schwer werden. Entsprechend kredenzen wir Euch heute eine Sendung in Überlänge, da wir es für nötig erachteten, ein paar Sachen mal ganz genau zu erklären. Und da Linus bei den beiden Hauptthemen (Telekom/Big Data) aus verschiedenen Gründen ganz tief in der Materie steckt, knacken wir eben mal die 3-Stunden-Marke. Wird sicherlich so schnell nicht wieder vorkommen, aber wir denken, es ist dafür eine Menge Gedankenanregung dabei.",
  "publicationDate": "2016-12-05T22:53:00.000Z",
  "show": {
    "title": "Logbuch:Netzpolitik",
    "subtitle": "Einblicke und Ausblicke in das netzpolitische Geschehen",
    "summary": "Logbuch:Netzpolitik ist ein in der Regel wöchentlich erscheinender Podcast, der im Dialog zwischen Linus Neumann und Tim Pritlove die wichtigsten Themen und Ereignisse mit netzpolitischem Bezug aufgreift und diskutiert.",
    "poster": "http://logbuch-netzpolitik.de/wp-content/cache/podlove/92/de7e775cef6431203e4666e628294b/logbuchnetzpolitik_original.jpg",
    "url": "http://logbuch-netzpolitik.de"
  },
  "duration": "03:03:37",
  "chapters": [
    {
      "start": "00:00:00.000",
      "title": "Intro"
    },
    {
      "start": "00:00:41.134",
      "title": "Prolog"
    },
    {
      "start": "00:01:36.216",
      "title": "Feedback: Social Bots"
    },
    {
      "start": "00:03:29.091",
      "title": "Feedback: Kommentarkultur"
    },
    {
      "start": "00:06:55.388",
      "title": "Feedback: Nachzählung in den USA"
    },
    {
      "start": "00:09:36.018",
      "title": "Telekom Routerausfall"
    },
    {
      "start": "00:53:25.426",
      "title": "IT-Sicherheitsgesetz schleppend"
    },
    {
      "start": "01:03:37.669",
      "title": "Big Data"
    },
    {
      "start": "02:20:59.825",
      "title": "Fake News"
    },
    {
      "start": "02:30:42.816",
      "title": "Wikileaks NSAUA"
    },
    {
      "start": "02:41:24.038",
      "title": "Projekt ANISKI"
    },
    {
      "start": "02:44:21.617",
      "title": "Grundrechtcharta"
    },
    {
      "start": "02:51:26.384",
      "title": "Thoughtcrime"
    },
    {
      "start": "02:54:31.665",
      "title": "Metaebene Update"
    },
    {
      "start": "02:58:39.150",
      "title": "33C3 Kidspace"
    },
    {
      "start": "03:00:17.920",
      "title": "There is no game"
    },
    {
      "start": "03:00:44.259",
      "title": "LNP Shirts"
    },
    {
      "start": "03:01:23.424",
      "title": "Epilog"
    }
  ],
  "audio": [
    "https://tracking.feedpress.it/link/13476/4912160/lnp203-unglueck-im-glueck-im-unglueck.m4a"
  ],
  "theme": {
    "primary": "#799BF2"
  },
  "reference": {
    "share": "//podlove-player.surge.sh/share",
    "config": "//podlove-player.surge.sh/fixtures/3ee870d9.json"
  }
}
