{
  "title": "NSFW069 Stereo macht doppelt froh",
  "subtitle": "",
  "summary": "Wir waren guter Laune und betreiben eifrig re:publica Nachlese und erfreuen uns an den schönen Gesten mit denen man Österreich vorstellen kann. Daneben gibt es weitere Diskussion über die Location des Hörerinnengrillens und andere Unwichtigkeiten.",
  "publicationDate": "2013-05-13T20:25:07.000Z",
  "link": "http://not-safe-for-work.de/nsfw069-stereo-macht-doppelt-froh/",
  "show": {
    "title": "Not Safe For Work",
    "subtitle": "Die Internationale Unterhaltungsgala mit Tim Pritlove und Holger Klein",
    "summary": "NSFW ist unkonventionell, unregelmäßig, unsinnig und ungemein unanständig. Garantiert mindestens zwei Worte pro Sendung, die man nicht auf der Arbeit sagen sollte. NSFW sollte nicht zu ernst genommen werden und selbstverständlich als Richtlinie aller Eurer künftigen Handlungen gelten.",
    "poster": "http://not-safe-for-work.de/wp-content/cache/podlove/0f/63751ecd7feba0789d91d4f9a45191/not-safe-for-work_original.jpg",
    "link": "http://not-safe-for-work.de"
  },
  "duration": "02:54:59",
  "chapters": [
    {
      "start": "00:00:00.000",
      "title": "Technik aus Österreich"
    },
    {
      "start": "00:14:09.000",
      "title": "re:publica 2013"
    },
    {
      "start": "00:51:58.000",
      "title": "YouTube und Podcasts"
    },
    {
      "start": "01:14:44.000",
      "title": "Raspberry Pi und Meme"
    },
    {
      "start": "01:44:25.000",
      "title": "Hörerpost, Reisen und ein Mem"
    },
    {
      "start": "02:22:25.000",
      "title": "Konzertbesuch, Drosselkom und ein Fußball-Podcast"
    }
  ],
  "audio": [
    {
      "url": "https://tracking.feedpress.it/link/13444/1886706/nsfw069-stereo-macht-doppelt-froh.m4a",
      "mimeType": "audio/mp4",
      "size": 65720224,
      "title": "Audio MP4"
    }
  ],
  "reference": {
    "share": "//podlove-player.surge.sh/share",
    "config": "//podlove-player.surge.sh/fixtures/3f71901a.json",
    "origin": "http://not-safe-for-work.de/nsfw069-stereo-macht-doppelt-froh/"
  },
  "theme": {
    "main": "rgb(242,156,148)"
  }
}
