{
  "title": "FS195 Dein Butler ist ein Zombie",
  "subtitle": "Open Source Development — Ultraschall — Podlove Publisher — Podcast Empanzipation — Thunderbolt Audio — Heimkino — Virtual Reality — E-Mobilität",
  "summary": "Heute haben wir ausnahmsweise zwei Gäste in der Sendung: Ralf und Heiko vom Ultraschall-Projekt berichten von ihrem neuesten Release und wir diskutieren ausführlich die Dynamiken und sozialen Aspekte der Entwicklung offener Software für nicht-technische Endanwender. Danach streiten wir über das Potential von VR für die Massenbespassung und schauen anschließend auf die Welt des E-Roller-Sharings und seiner Position in der neuen E-Mobilität.",
  "publicationDate": "2017-03-23T01:16:34.000Z",
  "link": "http://freakshow.fm/fs195-dein-butler-ist-ein-zombie",
  "show": {
    "title": "Freak Show",
    "subtitle": "Menschen! Technik! Sensationen!",
    "summary": "Die muntere Talk Show um Leben mit Technik, das Netz und Technikkultur. Bisweilen Apple-lastig aber selten einseitig. Wir leben und lieben Technologie und reden darüber. Mit Tim, hukl, roddi, Clemens und Denis. Freak Show hieß irgendwann mal mobileMacs.",
    "poster": "http://freakshow.fm/wp-content/cache/podlove/04/662a9d4edcf77ea2abe3c74681f509/freak-show_original.jpg",
    "link": "http://freakshow.fm"
  },
  "duration": "04:03:52",
  "chapters": [
    {
      "start": "00:00:00.000",
      "title": "Intro"
    },
    {
      "start": "00:01:13.254",
      "title": "Begrüßung"
    },
    {
      "start": "00:04:22.934",
      "title": "Ralf und Heiko"
    },
    {
      "start": "00:17:19.562",
      "title": "Freie Softwareentwicklung"
    },
    {
      "start": "00:47:51.829",
      "title": "Ultraschall Mitmachaufruf"
    },
    {
      "start": "01:06:35.210",
      "title": "Ultraschall 3"
    },
    {
      "start": "01:23:00.945",
      "title": "Podlove Publisher 2.5"
    },
    {
      "start": "01:24:17.375",
      "title": "Podcast Emanzipation"
    },
    {
      "start": "01:38:53.420",
      "title": "Clarett 4Pre Teil 1"
    },
    {
      "start": "01:44:54.417",
      "title": "iOS Security und App Store"
    },
    {
      "start": "02:02:29.002",
      "title": "Clarett 4Pre Teil 2"
    },
    {
      "start": "02:16:04.255",
      "title": "Heimkino"
    },
    {
      "start": "02:45:25.261",
      "title": "Virtual Reality"
    },
    {
      "start": "03:10:36.268",
      "title": "Gaming"
    },
    {
      "start": "03:23:45.443",
      "title": "E-Mobilität"
    },
    {
      "start": "03:50:13.549",
      "title": "Online-Registrierung per Video"
    },
    {
      "start": "03:56:31.128",
      "title": "E-Roller vs. Auto vs. Fahrrad"
    },
    {
      "start": "04:01:33.059",
      "title": "Ausklang"
    }
  ],
  "audio": [
    {
      "url": "https://tracking.feedpress.it/link/13453/5554460/fs195-dein-butler-ist-ein-zombie.m4a",
      "mimeType": "audio/mp4",
      "size": 93627212,
      "title": "Audio MP4"
    }
  ],
  "reference": {
    "share": "//podlove-player.surge.sh/share",
    "config": "//podlove-player.surge.sh/fixtures/43e37469.json",
    "origin": "http://freakshow.fm/fs195-dein-butler-ist-ein-zombie"
  },
  "theme": {
    "main": "rgb(251,237,186)"
  }
}
