{
  "title": "NSFW068 Viele Ausländer benutzen Linux",
  "subtitle": "",
  "summary": "Holgi war in England und Tim in Frankfurt. Das ergibt schon mal eine Menge Gesprächsstoff. So ergibt sich wieder ein mal ein illustres Potpourri Eurer Internationalen Unterhaltungsgala der Extraklasse.",
  "publicationDate": "2013-04-22T18:22:03.000Z",
  "link": "http://not-safe-for-work.de/nsfw068-viele-auslaender-benutzen-linux/",
  "show": {
    "title": "Not Safe For Work",
    "subtitle": "Die Internationale Unterhaltungsgala mit Tim Pritlove und Holger Klein",
    "summary": "NSFW ist unkonventionell, unregelmäßig, unsinnig und ungemein unanständig. Garantiert mindestens zwei Worte pro Sendung, die man nicht auf der Arbeit sagen sollte. NSFW sollte nicht zu ernst genommen werden und selbstverständlich als Richtlinie aller Eurer künftigen Handlungen gelten.",
    "poster": "http://not-safe-for-work.de/wp-content/cache/podlove/0f/63751ecd7feba0789d91d4f9a45191/not-safe-for-work_original.jpg",
    "link": "http://not-safe-for-work.de"
  },
  "duration": "02:38:00",
  "chapters": [
    {
      "start": "00:00:00.000",
      "title": "Frömmelnde Flucht-Schwaben"
    },
    {
      "start": "00:07:36.000",
      "title": "Magnum, Fleisch-Flat und amerikanischer Kulturimperialismus"
    },
    {
      "start": "00:21:42.000",
      "title": "Großbritannien, USA und Theater"
    },
    {
      "start": "00:42:29.000",
      "title": "Praktika, Bühne und industrialisierter Humor"
    },
    {
      "start": "00:57:00.000",
      "title": "Drosselung - die Alternative für Deutschland"
    },
    {
      "start": "01:12:52.000",
      "title": "Tim war auf der Musikmesse in Frankfurt"
    },
    {
      "start": "01:52:25.000",
      "title": "Crumpler Pi"
    },
    {
      "start": "02:08:05.000",
      "title": "Von SuSE bis Linpus"
    },
    {
      "start": "02:27:00.000",
      "title": "Drossel live"
    }
  ],
  "audio": [
    {
      "url": "https://tracking.feedpress.it/link/13444/1886707/nsfw068-viele-auslaender-benutzen-linux.m4a",
      "mimeType": "audio/mp4",
      "size": 59174725,
      "title": "Audio MP4"
    }
  ],
  "reference": {
    "share": "//podlove-player.surge.sh/share",
    "config": "//podlove-player.surge.sh/fixtures/44b7d409.json",
    "origin": "http://not-safe-for-work.de/nsfw068-viele-auslaender-benutzen-linux/"
  },
  "theme": {
    "main": "rgb(242,156,148)"
  }
}
