{
  "title": "NSFW097 Mentalpipi",
  "subtitle": "Trump's World — Kopfhörer — Sport — Bundestagswahl",
  "summary": "Kein halbes Jahr seit der letzten Sendung versuchen wir wieder unsere vergangene Relevanz nachzustellen und überfordern unsere Hörer mit schlechten Witzen und zweifelhaften Einspielern. Also alles wie immer. Dazu der Versuch, die Zeit zu reflektieren.",
  "publicationDate": "2017-03-15T08:23:41.000Z",
  "link": "http://not-safe-for-work.de/nsfw097-mentalpipi/",
  "show": {
    "title": "Not Safe For Work",
    "subtitle": "Die Internationale Unterhaltungsgala mit Tim Pritlove und Holger Klein",
    "summary": "NSFW ist unkonventionell, unregelmäßig, unsinnig und ungemein unanständig. Garantiert mindestens zwei Worte pro Sendung, die man nicht auf der Arbeit sagen sollte. NSFW sollte nicht zu ernst genommen werden und selbstverständlich als Richtlinie aller Eurer künftigen Handlungen gelten.",
    "poster": "http://not-safe-for-work.de/wp-content/cache/podlove/0f/63751ecd7feba0789d91d4f9a45191/not-safe-for-work_original.jpg",
    "link": "http://not-safe-for-work.de"
  },
  "duration": "03:32:43",
  "chapters": [
    {
      "start": "00:00:00.000",
      "title": "Intro"
    },
    {
      "start": "00:02:21.168",
      "title": "Krankheitsgeschichten"
    },
    {
      "start": "00:05:45.261",
      "title": "Trump World"
    },
    {
      "start": "00:20:49.450",
      "title": "Umgang mit den Idioten"
    },
    {
      "start": "00:26:53.056",
      "title": "Wahlkampf"
    },
    {
      "start": "00:30:43.607",
      "title": "Alex Jones und der Hass"
    },
    {
      "start": "00:52:03.404",
      "title": "Call Me Hitler"
    },
    {
      "start": "00:53:39.819",
      "title": "Geschenk"
    },
    {
      "start": "00:59:01.252",
      "title": "Kopfhörer"
    },
    {
      "start": "01:08:59.639",
      "title": "Holgis Teleshop"
    },
    {
      "start": "01:09:43.950",
      "title": "Tourettes Guy"
    },
    {
      "start": "01:20:31.129",
      "title": "Atlas der Wahren Namen"
    },
    {
      "start": "01:25:40.307",
      "title": "Science Slams und gutes Präsentieren"
    },
    {
      "start": "01:37:23.545",
      "title": "Ich und mein Holz"
    },
    {
      "start": "01:44:45.305",
      "title": "Sport"
    },
    {
      "start": "02:12:48.792",
      "title": "Riesenneger im Nieslregn"
    },
    {
      "start": "02:17:27.027",
      "title": "Sendungslängenfrage"
    },
    {
      "start": "02:20:33.727",
      "title": "Verwirrte"
    },
    {
      "start": "02:27:10.624",
      "title": "Urlaub in Lissabon"
    },
    {
      "start": "02:52:11.867",
      "title": "Bundestagswahl"
    },
    {
      "start": "03:27:51.267",
      "title": "Ausklang"
    }
  ],
  "audio": [
    {
      "url": "https://tracking.feedpress.it/link/13444/5510527/nsfw097-mentalpipi.m4a",
      "mimeType": "audio/mp4",
      "size": 81601096,
      "title": "Audio MP4"
    }
  ],
  "reference": {
    "share": "//podlove-player.surge.sh/share",
    "config": "//podlove-player.surge.sh/fixtures/46aacca8.json",
    "origin": "http://not-safe-for-work.de/nsfw097-mentalpipi/"
  },
  "theme": {
    "main": "rgb(242,156,148)"
  }
}
