{
  "title": "CRE170 Arcade Games",
  "subtitle": "Geschichte und Faszination der elektronischen Spielautomaten",
  "summary": "Computerspielautomaten mit Bezahlfunktion - die Arcade-Games - wurden in den siebziger Jahren in den Markt eingeführt und erfreuten sich bald größtmöglicher Beliebtheit und begründeten den Erfolg des Computerspielegenres an sich. Doch anders als die heutigen Spiele auf PCs und Konsolen bestachen die Spiele in Arcade-Automaten durch Reduktion und besonderen Spielwitz. Im Gespräch mit Tim Pritlove berichtet Mario Berluti vom Retro Games e.V. über Geschichte und Wesen der Spielautomaten, der elektronischen Spielekultur und dem Einfluss den die Arcade-Ära auch heute noch auf das gesamte Spielewesen hat.\n\nThemen: Frühe Pinball-Maschinen und die Arcade; erste Computerspiele; erste Arcade-Games; Atari; Pong; die goldene Ära der Arcade Games; technische Basis von Arcade-Geräten; Tricks mit Farbfolien und Spiegeln; Vektorgrafik; warum Atari fast gar nicht Atari geheißen hätte; wie Steve Jobs Steve Wozniak übers Ohr gehauen hat; die großen Arcade-Erfolge; die Geburt von Side-Scrollern und Leveln; der Aufstieg von Nintendo; Multiplayer-Automaten; Killer- und Prügelgames; Kreativität im Mangel; Skurrile Bugs; die Arcade in der Filmkultur; der Video Game Crash von 1983; Verbot von Arcade Games in Deutschland; Emulation der Arcade Games mit MAME; Arcade Games in der DDR; Filme und Bücher zum Thema.",
  "publicationDate": "2010-11-10T00:30:00.000Z",
  "poster": "http://cre.fm/wp-content/cache/podlove/6d/f1d77b8026b5a5e461e47dc293844c/cre170-arcade-games_original.jpg",
  "link": "http://cre.fm/cre170-arcade-games",
  "show": {
    "title": "CRE: Technik, Kultur, Gesellschaft",
    "subtitle": "Der Interview-Podcast mit Tim Pritlove",
    "summary": "Intensive und ausführliche Gespräche über Themen aus Technik, Kultur und Gesellschaft, das ist CRE. Interessante Gesprächspartner stehen Rede und Antwort zu Fragen, die man normalerweise selten gestellt bekommt. CRE möchte  aufklären, weiterbilden und unterhalten.",
    "poster": "http://cre.fm/wp-content/cache/podlove/6b/8074d85b886d8dedb4945715694ba7/cre-technik-kultur-gesellschaft_original.jpg",
    "link": "http://cre.fm"
  },
  "duration": "02:11:23",
  "chapters": [],
  "audio": [
    {
      "url": "https://tracking.feedpress.it/link/13440/1885666/cre170-arcade-games.m4a",
      "mimeType": "audio/mp4",
      "size": 49226128,
      "title": "Audio MP4"
    }
  ],
  "reference": {
    "share": "//podlove-player.surge.sh/share",
    "config": "//podlove-player.surge.sh/fixtures/4708210a.json",
    "origin": "http://cre.fm/cre170-arcade-games"
  },
  "theme": {
    "main": "rgb(164,188,212)"
  }
}
