{
  "title": "LS013 Ultraschall",
  "subtitle": "Die Entwicklung einer Podcast-optimierten Aufnahmesoftware für Podcasts",
  "summary": "Das Projekt Ultraschall von Ralf Stockmann startete zunächst als Screencast, um Wissen über Aufnahmetechniken zu teilen und entwickelte sich dann selbst in ein Software-Projekt, das auf Basis der Software Reaper versucht, eine für Podcasting optimierte Aufnahmeumgebung zu schaffen. Ralf erzählt in dieser Ausgabe, wie es dazu kam, was bisher geschaffen wurde und wohin die Reise gehen soll.",
  "publicationDate": "2014-06-24T10:30:08.000Z",
  "link": "http://der-lautsprecher.de/ls013-ultraschall",
  "show": {
    "title": "Der Lautsprecher",
    "subtitle": "Ein Podcast über das Senden und Empfangen werden",
    "summary": "Der Lautsprecher ist ein Forum für Podcaster und solche, die es vielleicht werden wollen. Tim Pritlove spricht mit ausgewählten Gästen über Technik, Kultur und Methoden des Podcastings.",
    "poster": "http://der-lautsprecher.de/wp-content/cache/podlove/f3/5801c434d3ae2e00e6b5ee5379b08b/der-lautsprecher_original.jpg",
    "link": "http://der-lautsprecher.de"
  },
  "duration": "01:19:09",
  "chapters": [
    {
      "start": "00:00:00.000",
      "title": "Einführung"
    },
    {
      "start": "00:01:12.021",
      "title": "Ultraschall Screencast"
    },
    {
      "start": "00:16:15.099",
      "title": "Ultraschall für Reaper"
    },
    {
      "start": "00:27:06.687",
      "title": "Design und Workflow"
    },
    {
      "start": "00:38:49.892",
      "title": "Team und Technik"
    },
    {
      "start": "01:04:15.058",
      "title": "Zukünftiges"
    }
  ],
  "audio": [
    {
      "url": "https://tracking.feedpress.it/link/12319/1327928/ls013-ultraschall.mp3",
      "mimeType": "audio/mpeg",
      "size": 47557003,
      "title": "Audio MP4"
    }
  ],
  "reference": {
    "share": "//podlove-player.surge.sh/share",
    "config": "//podlove-player.surge.sh/fixtures/480037cf.json",
    "origin": "http://der-lautsprecher.de/ls013-ultraschall"
  },
  "theme": {
    "main": "rgb(116,185,248)"
  }
}
