{
  "title": "CRE177 Commodore 64",
  "subtitle": "Der populäre Heimcomputer als universelles Lernobjekt für Hacker",
  "summary": "Der Commodore 64 ist der meistverkaufte Homecomputer der 1980er Jahre, der bei seiner Einführung mit für damalige Zeiten beindruckende Leistungsdaten bei einem vergleichsweise niedrigen Preis aufbieten konnte. Der C64 prägte damit eine ganze Generation von Computer-Früheinsteigern und hielt sich noch lange im Markt. Heute ist der C64 interessant, weil er gut dokumentiert ist und sich noch als ganzes System verstehen lässt. Michael Steil redet im Gespräch mit Tim Pritlove über den C64, seine technischen Details und lässt uns teilhaben an der Faszination, die so ein altes System auch heute noch entfachen kann.\n\nThemen: Computerindustrie und der Homecomputer-Markt Anfang der 1980er Jahre; über den Reiz, sich mit alter Technik zu befassen; MOS Technology; die Innereien des C64; Sound- und Grafikfähigkeiten des C64; die Geschwindigkeit des Systembus; Grafikmodi; Commodore und das Microsoft BASIC; Programmieren in Assembler; 3510 Transistoren; Instruktionen und Taktzyklen; Grafikprogrammierung; Zweierpotenzen; Floppy-Laufwerke; Mucke rausziehen; C64 Emulatoren; Demoszene; C64 Reimplementierungen mit FPGA.",
  "publicationDate": "2011-03-14T14:30:00.000Z",
  "poster": "http://cre.fm/wp-content/cache/podlove/f6/70c122d1503eec8c9e233068012678/cre177-commodore-64_original.jpg",
  "link": "http://cre.fm/cre177-commodore-64",
  "show": {
    "title": "CRE: Technik, Kultur, Gesellschaft",
    "subtitle": "Der Interview-Podcast mit Tim Pritlove",
    "summary": "Intensive und ausführliche Gespräche über Themen aus Technik, Kultur und Gesellschaft, das ist CRE. Interessante Gesprächspartner stehen Rede und Antwort zu Fragen, die man normalerweise selten gestellt bekommt. CRE möchte  aufklären, weiterbilden und unterhalten.",
    "poster": "http://cre.fm/wp-content/cache/podlove/6b/8074d85b886d8dedb4945715694ba7/cre-technik-kultur-gesellschaft_original.jpg",
    "link": "http://cre.fm"
  },
  "duration": "02:42:33",
  "chapters": [],
  "audio": [
    {
      "url": "https://tracking.feedpress.it/link/13440/1885659/cre177-commodore-64.m4a",
      "mimeType": "audio/mp4",
      "size": 60871320,
      "title": "Audio MP4"
    }
  ],
  "reference": {
    "share": "//podlove-player.surge.sh/share",
    "config": "//podlove-player.surge.sh/fixtures/49970ebd.json",
    "origin": "http://cre.fm/cre177-commodore-64"
  },
  "theme": {
    "main": "rgb(180,204,220)"
  }
}
