{
  "title": "FS182 Britzelpieps",
  "subtitle": "Pokémon Go — Podcast Apps — Bloggen — Urlaub — Health Tracking — EMF — Windows — Kopfhörerbuchsen — Fahrstühle — Per Anhalter durch die Galaxis — Passwörter — Python — Emerging Technology",
  "summary": "Nach einer sechswöchigen Auszeit meldet sich das Team zurück aus zahlreichen Urlauben von denen wir auch wechselseitig berichten. Außerdem reden wir über neue Podcast Apps und wie sie eigentlich sein sollten, Bloggen, Fahrstühle und das Elend mit den Passwörtern.",
  "publicationDate": "2016-09-01T00:31:01.000Z",
  "link": "http://freakshow.fm/fs182-britzelpieps",
  "show": {
    "title": "Freak Show",
    "subtitle": "Menschen! Technik! Sensationen!",
    "summary": "Die muntere Talk Show um Leben mit Technik, das Netz und Technikkultur. Bisweilen Apple-lastig aber selten einseitig. Wir leben und lieben Technologie und reden darüber. Mit Tim, hukl, roddi, Clemens und Denis. Freak Show hieß irgendwann mal mobileMacs.",
    "poster": "http://freakshow.fm/wp-content/cache/podlove/04/662a9d4edcf77ea2abe3c74681f509/freak-show_original.jpg",
    "link": "http://freakshow.fm"
  },
  "duration": "04:13:51",
  "chapters": [
    {
      "start": "00:00:00.000",
      "title": "Intro"
    },
    {
      "start": "00:01:17.280",
      "title": "Pokémon Go"
    },
    {
      "start": "00:06:53.869",
      "title": "Begrüßung"
    },
    {
      "start": "00:13:54.880",
      "title": "Podcast Apps"
    },
    {
      "start": "00:26:55.250",
      "title": "Bloggen"
    },
    {
      "start": "00:35:03.392",
      "title": "Google As A Fetish"
    },
    {
      "start": "00:38:44.499",
      "title": "Cloud Hype"
    },
    {
      "start": "00:44:03.093",
      "title": "Urlaub in Norwegen"
    },
    {
      "start": "00:53:23.180",
      "title": "E-Autos in Norwegen"
    },
    {
      "start": "00:55:43.572",
      "title": "Health Tracking"
    },
    {
      "start": "01:04:36.102",
      "title": "Roddi und die Apple Watch"
    },
    {
      "start": "01:09:34.428",
      "title": "Urlaub in Schweden und der Schweiz"
    },
    {
      "start": "01:24:07.064",
      "title": "EMF Camp"
    },
    {
      "start": "01:40:20.741",
      "title": "Windows 10"
    },
    {
      "start": "01:46:53.450",
      "title": "iPhone ohne Kopfhörerbuchse"
    },
    {
      "start": "02:09:51.910",
      "title": "Noch mehr Urlaub in Schweden"
    },
    {
      "start": "02:14:52.429",
      "title": "Fahrstühle"
    },
    {
      "start": "02:29:55.347",
      "title": "Elevator Algorithm"
    },
    {
      "start": "02:36:34.639",
      "title": "Per Anhalter durch die Galaxis"
    },
    {
      "start": "02:46:31.251",
      "title": "Passwort vergessen"
    },
    {
      "start": "03:09:07.136",
      "title": "Alternativen zum Passwort"
    },
    {
      "start": "03:24:42.388",
      "title": "Ausstieg aus der Computertechnologie"
    },
    {
      "start": "03:28:46.145",
      "title": "Berufliche Neuorientierungen"
    },
    {
      "start": "03:43:48.501",
      "title": "Lernen mit Python"
    },
    {
      "start": "03:59:27.839",
      "title": "Emerging Technology Hype Cycle"
    },
    {
      "start": "04:04:48.173",
      "title": "Ausklang"
    }
  ],
  "audio": [
    {
      "url": "https://tracking.feedpress.it/link/13453/4302962/fs182-britzelpieps.m4a",
      "mimeType": "audio/mp4",
      "size": 97169536,
      "title": "Audio MP4"
    }
  ],
  "reference": {
    "share": "//podlove-player.surge.sh/share",
    "config": "//podlove-player.surge.sh/fixtures/4b1663aa.json",
    "origin": "http://freakshow.fm/fs182-britzelpieps"
  },
  "theme": {
    "main": "rgb(251,237,186)"
  }
}
