{
  "title": "CRE211 Ziviler Luftverkehr",
  "subtitle": "Über die Arbeit von Piloten und die Abläufe, Herausforderungen, Technik und Tendenzen des zivilen Luftverkehrs",
  "summary": "Der zivile Luftverkehr hat in den letzten Jahrzehnten enorm zugenommen und ist für unsere Mobilität in ähnlichem Maße von Bedeutung wie die Telekommunikation. Entsprechend groß sind die Herausforderungen an die hochtechnisierte Branche, für eine verläßliche technische Basis und ein gut funktionierendes Personalkarussell zu sorgen, das bei niedrigen Preisen eine Vielzahl an Verbindungen sicher durchführen kann.\n\nIch spreche mit dem Boeing- und Airbus-Piloten Stefan Müller über diese Welt mit einem besonderen Fokus auf die Rolle der Piloten, die natürlich eine zentrale Rolle im Geschehen einnehmen und einen ungewöhnlichen und anspruchsvollen Beruf ausüben. Wir reden darüber wie man Pilot wird, über die die Sprachkakophonie im Luftraum, Ausbildung und Weiterbildung, die Arbeit von Fluglotsen und Flughafenpersonal, die Aufgaben von Luftfahrtbehörden, den Regeln der Lüfte, die Start-, Flug- und Landephase eines Fluges und wie man seine Crew und Passagiere bei Laune hält.",
  "publicationDate": "2016-01-21T20:45:16.000Z",
  "poster": "http://cre.fm/wp-content/cache/podlove/14/f3ed6eba911a10ed15577679407d4e/cre211-ziviler-luftverkehr_original.jpg",
  "link": "http://cre.fm/cre211-ziviler-luftverkehr",
  "show": {
    "title": "CRE: Technik, Kultur, Gesellschaft",
    "subtitle": "Der Interview-Podcast mit Tim Pritlove",
    "summary": "Intensive und ausführliche Gespräche über Themen aus Technik, Kultur und Gesellschaft, das ist CRE. Interessante Gesprächspartner stehen Rede und Antwort zu Fragen, die man normalerweise selten gestellt bekommt. CRE möchte  aufklären, weiterbilden und unterhalten.",
    "poster": "http://cre.fm/wp-content/cache/podlove/6b/8074d85b886d8dedb4945715694ba7/cre-technik-kultur-gesellschaft_original.jpg",
    "link": "http://cre.fm"
  },
  "duration": "03:53:09",
  "chapters": [
    {
      "start": "00:00:00.000",
      "title": "Intro"
    },
    {
      "start": "00:01:26.960",
      "title": "Einführung"
    },
    {
      "start": "00:02:20.128",
      "title": "Vorstellung"
    },
    {
      "start": "00:07:40.025",
      "title": "Persönlicher Werdegang"
    },
    {
      "start": "00:13:04.770",
      "title": "Sprachen im Luftverkehr"
    },
    {
      "start": "00:19:31.591",
      "title": "Pilotenausbildung"
    },
    {
      "start": "00:27:48.142",
      "title": "Erlernte Flugzeuge"
    },
    {
      "start": "00:34:13.287",
      "title": "Routine und Weiterbildung"
    },
    {
      "start": "00:39:39.957",
      "title": "Zusammensetzung des Cockpits"
    },
    {
      "start": "00:47:31.833",
      "title": "Fluglotsen"
    },
    {
      "start": "00:55:31.587",
      "title": "Bodenpersonal"
    },
    {
      "start": "00:57:02.163",
      "title": "Luftfahrt-Behörden"
    },
    {
      "start": "01:00:21.859",
      "title": "Rules of the Air"
    },
    {
      "start": "01:03:44.960",
      "title": "Flugvorbereitung"
    },
    {
      "start": "01:12:19.565",
      "title": "Flugplanung"
    },
    {
      "start": "01:29:10.485",
      "title": "Crew Briefing"
    },
    {
      "start": "01:35:54.620",
      "title": "Vorkehrungen und Einreisebedingungen"
    },
    {
      "start": "01:45:06.490",
      "title": "Überprüfung des Flugzeugs"
    },
    {
      "start": "02:01:48.306",
      "title": "Hochfahren der Systeme"
    },
    {
      "start": "02:05:22.037",
      "title": "Energieversorgung des Flugzeugs"
    },
    {
      "start": "02:12:50.105",
      "title": "Passagiere und Gewicht"
    },
    {
      "start": "02:17:39.341",
      "title": "Einnehmen der Startposition"
    },
    {
      "start": "02:26:01.264",
      "title": "Start und Durchführung des Flugs"
    },
    {
      "start": "02:40:51.686",
      "title": "Sicherung des Cockpits"
    },
    {
      "start": "02:45:09.230",
      "title": "Kommunikation mit den Passagieren"
    },
    {
      "start": "02:47:42.860",
      "title": "Autopilot und sicherer Flug"
    },
    {
      "start": "02:59:13.434",
      "title": "Avionics und Entertainment-Bordsysteme"
    },
    {
      "start": "03:02:07.436",
      "title": "Autonomer Flug und Fernsteuerung"
    },
    {
      "start": "03:05:11.395",
      "title": "Flugschreiber und Notfallsysteme"
    },
    {
      "start": "03:14:43.618",
      "title": "Der Landeanflug"
    },
    {
      "start": "03:25:55.178",
      "title": "Landung und Flugabschluss"
    },
    {
      "start": "03:30:37.590",
      "title": "Personalplanung"
    },
    {
      "start": "03:43:12.496",
      "title": "Wie sich der Luftverkehr ändert"
    },
    {
      "start": "03:50:44.596",
      "title": "Ausklang"
    }
  ],
  "audio": [
    {
      "url": "https://tracking.feedpress.it/link/13440/2393358/cre211-ziviler-luftverkehr.m4a",
      "mimeType": "audio/mp4",
      "size": 87681661,
      "title": "Audio MP4"
    }
  ],
  "reference": {
    "share": "//podlove-player.surge.sh/share",
    "config": "//podlove-player.surge.sh/fixtures/4b7bed2a.json",
    "origin": "http://cre.fm/cre211-ziviler-luftverkehr"
  }
}
