{
  "title": "LNP204 Factbook oder Fakebook, das ist hier die Frage",
  "subtitle": "Feedback — Wahlmanipulation — Fake News — Linkverbot — e-privacy-Richtlinie der EU — Yahoo — Ströbele",
  "summary": "Nach der Mammutepisode der letzten Woche gehen wir es wieder etwas kompakter an und begrüßen erstmalig Ingo Dachwitz in unserer Runde, der bei netzpolitik.org schreibt und sich zuletzt speziell mit der neuen EU-Richtlinie zu e-privacy beschäftigt hat, die einen Schwerpunkt in dieser Ausgabe darstellt. Dazu gibt es noch einiges an Feedback zur letzten Ausgabe und ein paar Kurzmeldungen sowie die kopfschüttelnde Zur-Kenntnisnahme einer realitätsfernen Verirrung der europäischen und nun auch deutschen Justiz zum Urheberrecht und Links.",
  "publicationDate": "2016-12-16T14:07:38.000Z",
  "show": {
    "title": "Logbuch:Netzpolitik",
    "subtitle": "Einblicke und Ausblicke in das netzpolitische Geschehen",
    "summary": "Logbuch:Netzpolitik ist ein in der Regel wöchentlich erscheinender Podcast, der im Dialog zwischen Linus Neumann und Tim Pritlove die wichtigsten Themen und Ereignisse mit netzpolitischem Bezug aufgreift und diskutiert.",
    "poster": "http://logbuch-netzpolitik.de/wp-content/cache/podlove/92/de7e775cef6431203e4666e628294b/logbuchnetzpolitik_original.jpg",
    "url": "http://logbuch-netzpolitik.de"
  },
  "duration": "01:24:49",
  "chapters": [
    {
      "start": "00:00:00.000",
      "title": "Intro"
    },
    {
      "start": "00:00:32.918",
      "title": "Prolog"
    },
    {
      "start": "00:04:06.000",
      "title": "Feedback: Telekom-Router"
    },
    {
      "start": "00:09:20.870",
      "title": "Feedback: Daten sammeln und Wahlmanipulation"
    },
    {
      "start": "00:12:14.002",
      "title": "Wahlmanipulation & Fake News"
    },
    {
      "start": "00:41:14.710",
      "title": "Wahlmanipulation & Hacking"
    },
    {
      "start": "00:43:34.909",
      "title": "Landgericht Hamburg verbietet wieder Links"
    },
    {
      "start": "00:52:21.067",
      "title": "e-privacy-Richtlinie der EU-Kommission"
    },
    {
      "start": "01:15:17.558",
      "title": "Neuer Yahoo-Rekord: 1 Milliarde"
    },
    {
      "start": "01:16:29.420",
      "title": "Ströbele tritt nicht mehr an"
    },
    {
      "start": "01:17:36.302",
      "title": "Epilog"
    },
    {
      "start": "01:20:57.585",
      "title": "Outro"
    },
    {
      "start": "01:21:51.771",
      "title": "Christian Streich über Facebook"
    }
  ],
  "audio": [
    "https://tracking.feedpress.it/link/13476/4982428/lnp204-factbook-oder-fakebook-das-ist-hier-die-frage.m4a"
  ],
  "theme": {
    "primary": "#F2E479"
  },
  "reference": {
    "share": "//podlove-player.surge.sh/share",
    "config": "//podlove-player.surge.sh/fixtures/4bb20f9.json"
  }
}
