{
  "title": "NSFW054 Click Shabbat",
  "subtitle": "",
  "summary": "Nach der kleinen Sommerpause kommt das Dynamische Duo wieder zusammen, um sich frisch erholt über Marslandungen, Olympioniken, Packstationen, Boulevard-Theater und die neuen Austragungsort des Chaos Communication Congress zu unterhalten.",
  "publicationDate": "2012-08-07T21:15:46.000Z",
  "link": "http://not-safe-for-work.de/nsfw054-click-shabbat/",
  "show": {
    "title": "Not Safe For Work",
    "subtitle": "Die Internationale Unterhaltungsgala mit Tim Pritlove und Holger Klein",
    "summary": "NSFW ist unkonventionell, unregelmäßig, unsinnig und ungemein unanständig. Garantiert mindestens zwei Worte pro Sendung, die man nicht auf der Arbeit sagen sollte. NSFW sollte nicht zu ernst genommen werden und selbstverständlich als Richtlinie aller Eurer künftigen Handlungen gelten.",
    "poster": "http://not-safe-for-work.de/wp-content/cache/podlove/0f/63751ecd7feba0789d91d4f9a45191/not-safe-for-work_original.jpg",
    "link": "http://not-safe-for-work.de"
  },
  "duration": "02:49:06",
  "chapters": [],
  "audio": [
    {
      "url": "https://tracking.feedpress.it/link/13444/1886721/nsfw054-click-shabbat.m4a",
      "mimeType": "audio/mp4",
      "size": 63324910,
      "title": "Audio MP4"
    }
  ],
  "reference": {
    "share": "//podlove-player.surge.sh/share",
    "config": "//podlove-player.surge.sh/fixtures/50f9be39.json",
    "origin": "http://not-safe-for-work.de/nsfw054-click-shabbat/"
  },
  "theme": {
    "main": "rgb(242,156,148)"
  }
}
