{
  "title": "CRE192 Poststrukturalismus 2",
  "subtitle": "Über die kulturelle Auflösung der Struktur im 21. Jahrhundert",
  "summary": "Gut Ding will Weile haben. Keine vier Jahre und ca. 100 Sendungen nach der ersten Behandlung des Themas Poststrukturalismus im CRE gibt es jetzt den schon lange angedachten und mitunter auch versprochenen zweiten Teil des Gesprächs. Daher ist, wer dieses Gespräch vollständig erfassen und verstehen möchte, angehalten, die erste Iteration über das Thema noch oder überhaupt erst einmal zu hören, bevor man sich auf die Fortsetzung stürzt. So oder so beginnt aber die zweite Ausgabe mit einer Zusammenfassung des ersten Teils.\n\nDamals wie heute steht die Idee des Poststrukturalismus im Mittelpunkt und während der erste Teil vor allem den historischen Kontext der Entstehung erläutert hat berichtet Gregor Sedlag im Gespräch mit Tim Pritlove nunmehr über die Auswirkungen des Poststrukturalismus in unserer heutigen Zeit.",
  "publicationDate": "2012-04-08T18:32:38.000Z",
  "poster": "http://cre.fm/wp-content/cache/podlove/92/2acda9613d6f91f03e1873bd72737e/cre192-poststrukturalismus-2_original.jpg",
  "link": "http://cre.fm/cre192-poststrukturalismus-2",
  "show": {
    "title": "CRE: Technik, Kultur, Gesellschaft",
    "subtitle": "Der Interview-Podcast mit Tim Pritlove",
    "summary": "Intensive und ausführliche Gespräche über Themen aus Technik, Kultur und Gesellschaft, das ist CRE. Interessante Gesprächspartner stehen Rede und Antwort zu Fragen, die man normalerweise selten gestellt bekommt. CRE möchte  aufklären, weiterbilden und unterhalten.",
    "poster": "http://cre.fm/wp-content/cache/podlove/6b/8074d85b886d8dedb4945715694ba7/cre-technik-kultur-gesellschaft_original.jpg",
    "link": "http://cre.fm"
  },
  "duration": "02:28:25",
  "chapters": [],
  "audio": [
    {
      "url": "https://tracking.feedpress.it/link/13440/1885502/cre192-poststrukturalismus-2.m4a",
      "mimeType": "audio/mp4",
      "size": 55614761,
      "title": "Audio MP4"
    }
  ],
  "reference": {
    "share": "//podlove-player.surge.sh/share",
    "config": "//podlove-player.surge.sh/fixtures/518138a5.json",
    "origin": "http://cre.fm/cre192-poststrukturalismus-2"
  }
}
