{
  "title": "NSFW087 Jesus hat mir eine Stereoanlage gekauft",
  "subtitle": "Europawahl — Flugsimulator — WM — Olsenband — Bleistifte — Tempelhof — Krautreporter",
  "summary": "Nachdem wir in der letzten Ausgabe auf diverse kommende Abstimmungen geblickt haben, schauen wir jetzt auf die Resultate der Europawahl und der Tempelhof-Abstimmung. Tim berichtet von seinen Eindrücken aus dem Flugsimulator, Holger von Tauchrobotern und gemeinsam freuen wir uns über frisch eingetroffene Postkarten mit GPS-Koordinaten. Zum Schluß rätseln wir noch über den Appeal der Krautreporter-Kampagne und geben uns weiterhin eingeschränkt entschlussfreudig, was die Auswahl des diesjährigen Hörerinnengrillens betrifft. Aber hört selbst!",
  "publicationDate": "2014-06-04T18:59:06.000Z",
  "link": "http://not-safe-for-work.de/nsfw087-jesus-hat-mir-eine-stereoanlage-gekauft/",
  "show": {
    "title": "Not Safe For Work",
    "subtitle": "Die Internationale Unterhaltungsgala mit Tim Pritlove und Holger Klein",
    "summary": "NSFW ist unkonventionell, unregelmäßig, unsinnig und ungemein unanständig. Garantiert mindestens zwei Worte pro Sendung, die man nicht auf der Arbeit sagen sollte. NSFW sollte nicht zu ernst genommen werden und selbstverständlich als Richtlinie aller Eurer künftigen Handlungen gelten.",
    "poster": "http://not-safe-for-work.de/wp-content/cache/podlove/0f/63751ecd7feba0789d91d4f9a45191/not-safe-for-work_original.jpg",
    "link": "http://not-safe-for-work.de"
  },
  "duration": "03:32:23",
  "chapters": [
    {
      "start": "00:00:00.000",
      "title": "Intro"
    },
    {
      "start": "00:06:28.000",
      "title": "Aufruf zur 88. Ausgabe"
    },
    {
      "start": "00:11:13.000",
      "title": "Europawahl 2014"
    },
    {
      "start": "01:02:36.000",
      "title": "Geschenke"
    },
    {
      "start": "01:16:06.000",
      "title": "Flugsimulator"
    },
    {
      "start": "01:36:19.000",
      "title": "Fußball-Weltmeisterschaft 2014"
    },
    {
      "start": "01:59:30.000",
      "title": "Olsenbande, Somuncu und Gonzalez"
    },
    {
      "start": "02:23:18.000",
      "title": "Geomar Kiel"
    },
    {
      "start": "02:30:21.000",
      "title": "Regenkleidung und Radfahren"
    },
    {
      "start": "02:53:33.000",
      "title": "100% Tempelhof"
    },
    {
      "start": "03:05:56.000",
      "title": "Krautreporter"
    },
    {
      "start": "03:18:38.000",
      "title": "Hörerinnentreffen"
    },
    {
      "start": "03:23:30.000",
      "title": "WWDC"
    },
    {
      "start": "03:30:37.000",
      "title": "Outro"
    }
  ],
  "audio": [
    {
      "url": "https://tracking.feedpress.it/link/13444/1886688/nsfw087-jesus-hat-mir-eine-stereoanlage-gekauft.m4a",
      "mimeType": "audio/mp4",
      "size": 79525491,
      "title": "Audio MP4"
    }
  ],
  "reference": {
    "share": "//podlove-player.surge.sh/share",
    "config": "//podlove-player.surge.sh/fixtures/52167635.json",
    "origin": "http://not-safe-for-work.de/nsfw087-jesus-hat-mir-eine-stereoanlage-gekauft/"
  },
  "theme": {
    "main": "rgb(242,156,148)"
  }
}
