{
  "title": "FS166 Schleifenlängenvergleich",
  "subtitle": "Freak Show Bingo — 32C3 — iPad Pro — PC Hardware — Raketentechnik — Cloud Gaming — Secure Messaging — Plattformen — WordPress — Audio Tips — 10 Jahre Metaebene",
  "summary": "Nach der Mammutsendung vor zwei Wochen liefern wir eine leicht kürzere Folge nach. hukl und Tim haben sich eine erste Meinung über das iPad Pro und den Apple Pencil gebildet und während die Live-Hörer Ferak Show Bingo spielen klappern wir uns durch eine Latte anderer Themen.",
  "publicationDate": "2015-11-26T01:33:57.000Z",
  "show": {
    "title": "Freak Show",
    "subtitle": "Menschen! Technik! Sensationen!",
    "summary": "Die muntere Talk Show um Leben mit Technik, das Netz und Technikkultur. Bisweilen Apple-lastig aber selten einseitig. Wir leben und lieben Technologie und reden darüber. Mit Tim, hukl, roddi, Clemens und Denis. Freak Show hieß irgendwann mal mobileMacs.",
    "poster": "http://freakshow.fm/wp-content/cache/podlove/04/662a9d4edcf77ea2abe3c74681f509/freak-show_original.jpg",
    "url": "http://freakshow.fm"
  },
  "duration": "03:30:59",
  "chapters": [
    {
      "start": "00:00:00.000",
      "title": "Intro"
    },
    {
      "start": "00:01:16.803",
      "title": "Begrüßung"
    },
    {
      "start": "00:08:25.966",
      "title": "Bingo OS"
    },
    {
      "start": "00:21:33.205",
      "title": "32C3 und Mobilfunk"
    },
    {
      "start": "00:30:51.090",
      "title": "iPad Pro"
    },
    {
      "start": "01:07:25.255",
      "title": "Atom Routerboard"
    },
    {
      "start": "01:16:19.246",
      "title": "Blue Origin"
    },
    {
      "start": "01:27:13.751",
      "title": "Cloud Gaming selbstgemacht"
    },
    {
      "start": "01:40:18.003",
      "title": "Building a PC for Fallout 4"
    },
    {
      "start": "01:53:32.581",
      "title": "Cloud Gaming Provider"
    },
    {
      "start": "01:59:47.298",
      "title": "Secure Messaging Scorecard"
    },
    {
      "start": "02:09:59.185",
      "title": "Standards und Verplattformung"
    },
    {
      "start": "02:30:36.844",
      "title": "Mail Server mit Crypto"
    },
    {
      "start": "02:36:08.932",
      "title": "WordPress.com Calypso Admin Client"
    },
    {
      "start": "02:46:42.434",
      "title": "OSX: File System Thumbnails"
    },
    {
      "start": "02:53:06.858",
      "title": "Audio Tips"
    },
    {
      "start": "03:09:12.165",
      "title": "10 Jahre Metaebene"
    },
    {
      "start": "03:18:04.084",
      "title": "Bingo, Schoki und Ausklang"
    },
    {
      "start": "03:26:30.383",
      "title": "Bonus Track"
    }
  ],
  "audio": [
    "https://tracking.feedpress.it/link/13453/2085981/fs166-schleifenlaengenvergleich.m4a"
  ],
  "theme": {
    "primary": "#7997F2"
  },
  "reference": {
    "share": "//podlove-player.surge.sh/share",
    "config": "//podlove-player.surge.sh/fixtures/521f5173.json"
  }
}
