{
  "title": "NSFW096 Spaß mit Toten",
  "subtitle": "Popmusik — Wrestling — Bedeutungslosigkeit — Parteien und Wahlen — Einbürgerung und Doppelpass — Brexit — Sport — Spaß mit Toten — Chorgesang",
  "summary": "Keine vier Monate nach unserer letzten Unterhaltungsgala haben wir uns wieder in der Metaebene eingefunden um über die vergangene Zeit zu quatschen und über die Zukunft zu orakeln. Viel Spaß damit.",
  "publicationDate": "2016-09-15T13:01:56.000Z",
  "link": "http://not-safe-for-work.de/nsfw096-spass-mit-toten/",
  "show": {
    "title": "Not Safe For Work",
    "subtitle": "Die Internationale Unterhaltungsgala mit Tim Pritlove und Holger Klein",
    "summary": "NSFW ist unkonventionell, unregelmäßig, unsinnig und ungemein unanständig. Garantiert mindestens zwei Worte pro Sendung, die man nicht auf der Arbeit sagen sollte. NSFW sollte nicht zu ernst genommen werden und selbstverständlich als Richtlinie aller Eurer künftigen Handlungen gelten.",
    "poster": "http://not-safe-for-work.de/wp-content/cache/podlove/0f/63751ecd7feba0789d91d4f9a45191/not-safe-for-work_original.jpg",
    "link": "http://not-safe-for-work.de"
  },
  "duration": "02:39:21",
  "chapters": [
    {
      "start": "00:00:00.000",
      "title": "Intro"
    },
    {
      "start": "00:03:28.540",
      "title": "Popmusik"
    },
    {
      "start": "00:13:19.616",
      "title": "Begrüßung"
    },
    {
      "start": "00:14:07.750",
      "title": "Wrestling"
    },
    {
      "start": "00:16:23.244",
      "title": "Discomusik"
    },
    {
      "start": "00:17:48.480",
      "title": "Bedeutungslosigkeit"
    },
    {
      "start": "00:22:52.927",
      "title": "Wahlen in Berlin"
    },
    {
      "start": "00:27:27.785",
      "title": "Einbürgerung"
    },
    {
      "start": "00:34:32.280",
      "title": "Doppelpass"
    },
    {
      "start": "00:36:17.217",
      "title": "Parteienlandschaft"
    },
    {
      "start": "00:42:01.902",
      "title": "Brexit und Europa"
    },
    {
      "start": "00:51:13.514",
      "title": "Cameron's Lament"
    },
    {
      "start": "00:57:32.081",
      "title": "Anpassung an Veränderungen"
    },
    {
      "start": "01:11:24.643",
      "title": "Sport"
    },
    {
      "start": "01:39:57.038",
      "title": "Körpergerüche"
    },
    {
      "start": "01:46:18.072",
      "title": "Spaß mit Toten"
    },
    {
      "start": "02:21:00.794",
      "title": "Chorgesang"
    },
    {
      "start": "02:28:25.485",
      "title": "Vollgummireifen"
    },
    {
      "start": "02:32:33.002",
      "title": "Orgasmische Musik"
    }
  ],
  "audio": [
    {
      "url": "https://tracking.feedpress.it/link/13444/4417473/nsfw096-spass-mit-toten.m4a",
      "mimeType": "audio/mp4",
      "size": 60010294,
      "title": "Audio MP4"
    }
  ],
  "reference": {
    "share": "//podlove-player.surge.sh/share",
    "config": "//podlove-player.surge.sh/fixtures/52f0e21f.json",
    "origin": "http://not-safe-for-work.de/nsfw096-spass-mit-toten/"
  },
  "theme": {
    "main": "rgb(242,156,148)"
  }
}
