{
  "title": "CRE173 Rollenspiele",
  "subtitle": "Gespielte Zauberwelten auf Papier und im Wald",
  "summary": "Rollenspiele sind eine beliebte Spielform der besonderen Art. In hohem Maße auf Fantasie und Kommunikation basierend faszinieren Rollenspiele eine große Zahl von Menschen weltweit. Im Gespräch mit Tim Pritlove erläutern die Rollenspieler Niels Kobschätzki und Sören Pusbatzkies woraus sich diese Faszination ableitet, welche Spielsysteme es gibt und wie man spielt.\n\nThemen: Entwicklung der Rollenspiele aus Konfliktsimulationen; Die Fantasy-Welt von Tolkien; Pen & Paper Rollenspiele und woraus sie bestehen; Dungeons & Dragons; Das schwarze Auge; Charaktere; Wie man spielt; Erfahrungspunkte; Spielwürfel; Rollenspiele und Nerds; die Bedeutung des Kampfes im Rollenspiel; die Stimmung am Tisch; Rollenspieler-Conventions; die Nervosität der Geheimdienste; Regeln; Spieldauer; Computer-Rollenspiele; Charakterbogen; Tabletop; Multimediale Begleitung von Rollenspiel-Sessions; Live-Action-Rollenspiele als Erlebnisurlaub; Läden und Websites für Rollenspiele.",
  "publicationDate": "2010-12-25T00:30:00.000Z",
  "poster": "http://cre.fm/wp-content/cache/podlove/f1/b353aa649b34eb5b4504c0dec54f11/cre173-rollenspiele_original.jpg",
  "link": "http://cre.fm/cre173-rollenspiele",
  "show": {
    "title": "CRE: Technik, Kultur, Gesellschaft",
    "subtitle": "Der Interview-Podcast mit Tim Pritlove",
    "summary": "Intensive und ausführliche Gespräche über Themen aus Technik, Kultur und Gesellschaft, das ist CRE. Interessante Gesprächspartner stehen Rede und Antwort zu Fragen, die man normalerweise selten gestellt bekommt. CRE möchte  aufklären, weiterbilden und unterhalten.",
    "poster": "http://cre.fm/wp-content/cache/podlove/6b/8074d85b886d8dedb4945715694ba7/cre-technik-kultur-gesellschaft_original.jpg",
    "link": "http://cre.fm"
  },
  "duration": "02:22:35",
  "chapters": [],
  "audio": [
    {
      "url": "https://tracking.feedpress.it/link/13440/1885663/cre173-rollenspiele.m4a",
      "mimeType": "audio/mp4",
      "size": 53577526,
      "title": "Audio MP4"
    }
  ],
  "reference": {
    "share": "//podlove-player.surge.sh/share",
    "config": "//podlove-player.surge.sh/fixtures/5505ae34.json",
    "origin": "http://cre.fm/cre173-rollenspiele"
  }
}
