{
  "title": "FS188 Gas, Wasser, Freak Show",
  "subtitle": "Heizungen — HomeKit — Telekom-Router — USB-C — MacBook Pro mit TouchBar — Bier brauen — Bluetooth Headsets — T-Mobile — Google Fi — WLAN Call — iPhone 7 — Apple 2FA — WLAN in ICEs — Podcasts und Tesla — Ladestationen",
  "summary": "Nach drei Wochen gab es dann doch wieder etwas mehr zu berichten und wir knacken mal wieder die 5-Stunden-Marke. Viel Spaß damit.",
  "publicationDate": "2016-12-08T13:23:34.000Z",
  "link": "http://freakshow.fm/fs188-gas-wasser-freak-show",
  "show": {
    "title": "Freak Show",
    "subtitle": "Menschen! Technik! Sensationen!",
    "summary": "Die muntere Talk Show um Leben mit Technik, das Netz und Technikkultur. Bisweilen Apple-lastig aber selten einseitig. Wir leben und lieben Technologie und reden darüber. Mit Tim, hukl, roddi, Clemens und Denis. Freak Show hieß irgendwann mal mobileMacs.",
    "poster": "http://freakshow.fm/wp-content/cache/podlove/04/662a9d4edcf77ea2abe3c74681f509/freak-show_original.jpg",
    "link": "http://freakshow.fm"
  },
  "duration": "05:05:12",
  "chapters": [
    {
      "start": "00:00:00.000",
      "title": "Intro"
    },
    {
      "start": "00:01:21.900",
      "title": "Begrüßung"
    },
    {
      "start": "00:03:08.394",
      "title": "Heizungen"
    },
    {
      "start": "00:17:19.162",
      "title": "Heizungssteuerungen und HomeKit"
    },
    {
      "start": "01:02:06.821",
      "title": "HomeKit Remote + Apple TV"
    },
    {
      "start": "01:15:35.338",
      "title": "Telekom-Router-Ausfall"
    },
    {
      "start": "01:31:46.976",
      "title": "USB-C Ethernet Adapter"
    },
    {
      "start": "01:34:49.762",
      "title": "MacBook Pro mit TouchBar"
    },
    {
      "start": "02:37:49.623",
      "title": "Brauhund"
    },
    {
      "start": "02:43:01.638",
      "title": "Brauhelfer"
    },
    {
      "start": "02:43:54.229",
      "title": "Bluetooth Headsets"
    },
    {
      "start": "03:19:28.704",
      "title": "T verschenkt Daten"
    },
    {
      "start": "03:26:49.975",
      "title": "Google Fi"
    },
    {
      "start": "03:31:30.965",
      "title": "WLAN Call"
    },
    {
      "start": "03:41:16.329",
      "title": "iPhone 7 mit Smart Battery Case"
    },
    {
      "start": "03:46:49.696",
      "title": "Apple Two-Factor Authentication"
    },
    {
      "start": "03:56:59.605",
      "title": "Neues WLAN in ICEs"
    },
    {
      "start": "04:27:01.591",
      "title": "Metaebene aktuell"
    },
    {
      "start": "04:31:00.288",
      "title": "Podcasts im Tesla"
    },
    {
      "start": "04:36:45.102",
      "title": "Ladestationen"
    },
    {
      "start": "04:59:26.803",
      "title": "Epilog"
    }
  ],
  "audio": [
    {
      "url": "https://tracking.feedpress.it/link/13453/4928304/fs188-gas-wasser-freak-show.m4a",
      "mimeType": "audio/mp4",
      "size": 116448130,
      "title": "Audio MP4"
    }
  ],
  "reference": {
    "share": "//podlove-player.surge.sh/share",
    "config": "//podlove-player.surge.sh/fixtures/55a695ad.json",
    "origin": "http://freakshow.fm/fs188-gas-wasser-freak-show"
  },
  "theme": {
    "main": "rgb(251,237,186)"
  }
}
