{
  "title": "CRE162 Brettspiele",
  "subtitle": "Die Lust der Gesellschaft am Gesellschaftsspiel und dem Spiel mit der Gesellschaft",
  "summary": "Brettspiele sind im deutschen Kulturraum im internationalen Vergleich überaus erfolgreich und renommiert. Trotzdem führt das Genre ein Schattendasein. Im Gespräch mit Tim Pritlove berichtet Brettspiele-Entwickler Marcel-André Casasola Merkle über das Wesen des Gesellschaftsspiel und was man aus dem Spielen über die Gesellschaft lernen kann.\n\nThemen: Typen von Brettspielen; besondere Bedeutung von Brettspielen in Deutschland; was an Brettspielen fasziniert; wie man ein Spiel gestalten muss, damit es erfolgreich wird; die gesellschaftliche Bedeutung von Brettspielen und ihre Funktion als sozialer Simulator; das Spiel des Jahres; Lizensierungen und der Begriff \"German Games\"; Namenskonflikte und das Verhältnis von Brett- zu Computerspielen; die Brettspiel-Ethik und der Umgang mit Gewalt und Satire; Brettspiele und das Bedingungslose Grundeinkommen; Forschung im Spielebereich und Autorenspiele; Brettspiele und Computerspiele; Adaptionen von Brettspielen auf dem Computer; das hohe Ziel des Wiederspielreizes; Selbsterklärendes Design und Accessibilty; Die Eignunng von Büchern und Filmen als Vorlagen für Brettspiele; Kommunikationssysteme als Spielkonzept; Spielkonzepte als Gestaltungselement für gesellschaftliche Regeln und Steuern.",
  "publicationDate": "2010-09-14T16:30:00.000Z",
  "poster": "http://cre.fm/wp-content/cache/podlove/c0/3ee129e8186f5349591079e5cfed9d/cre162-brettspiele_original.jpg",
  "link": "http://cre.fm/cre162-brettspiele",
  "show": {
    "title": "CRE: Technik, Kultur, Gesellschaft",
    "subtitle": "Der Interview-Podcast mit Tim Pritlove",
    "summary": "Intensive und ausführliche Gespräche über Themen aus Technik, Kultur und Gesellschaft, das ist CRE. Interessante Gesprächspartner stehen Rede und Antwort zu Fragen, die man normalerweise selten gestellt bekommt. CRE möchte  aufklären, weiterbilden und unterhalten.",
    "poster": "http://cre.fm/wp-content/cache/podlove/6b/8074d85b886d8dedb4945715694ba7/cre-technik-kultur-gesellschaft_original.jpg",
    "link": "http://cre.fm"
  },
  "duration": "02:24:30",
  "chapters": [],
  "audio": [
    {
      "url": "https://tracking.feedpress.it/link/13440/1885674/cre162-brettspiele.m4a",
      "mimeType": "audio/mp4",
      "size": 54157219,
      "title": "Audio MP4"
    }
  ],
  "reference": {
    "share": "//podlove-player.surge.sh/share",
    "config": "//podlove-player.surge.sh/fixtures/56987417.json",
    "origin": "http://cre.fm/cre162-brettspiele"
  }
}
