{
  "title": "ME001 Stand der Dinge (Sommer 2015)",
  "subtitle": "Über den Stand der Dinge bei den Produktionen der Metaebene",
  "summary": "Ich starte diesen Podcast, um einen Kanal zu allen Freunden und Hörern meiner Podcasts zu eröffnen. Hier werdet ihr künftig kompakte Beiträge finden, die Euch auf Änderungen oder Neuigkeiten hinweisen oder sonstige Podcast-Tips liefern.\n\nIn der ersten Ausgabe mache ich einen Rundumschlag und spreche einmal über jeden Podcast der Metaebene und sage, wie der Stand der Dinge ist.",
  "publicationDate": "2015-06-16T15:39:02.000Z",
  "link": "http://metaebene.me/blog/2015/06/16/me001-stand-der-dinge-sommer-2015/",
  "show": {
    "title": "Metaebene",
    "subtitle": "Aktuelles, Interessantes und Irrelevantes aus der Metaebene",
    "summary": "Willkommen auf der Metaebene. Dies ist der Meta-Kanal von Tim Pritlove, auf dem ihr in unregelmäßigen Abständen über Neuigkeiten, Unregelmäßigkeiten, Abschweifungen und andere Dinge rund um das kleine Podcast-Universum aus Berlin informiert werdet.",
    "poster": "http://metaebene.me/wp-content/cache/podlove/21/f0a792e5086d91026e8329ff106b67/metaebene_original.jpg",
    "link": "http://metaebene.me"
  },
  "duration": "00:18:09",
  "chapters": [
    {
      "start": "00:00:00.000",
      "title": "Begrüßung"
    },
    {
      "start": "00:00:52.738",
      "title": "Metaebene Podcast"
    },
    {
      "start": "00:01:38.145",
      "title": "Logbuch:Netzpolitik"
    },
    {
      "start": "00:02:37.833",
      "title": "Freak Show"
    },
    {
      "start": "00:03:39.892",
      "title": "Newz of the World"
    },
    {
      "start": "00:05:02.630",
      "title": "CRE"
    },
    {
      "start": "00:06:07.838",
      "title": "Der Lautsprecher"
    },
    {
      "start": "00:07:21.570",
      "title": "Not Safe For Work"
    },
    {
      "start": "00:08:26.290",
      "title": "Forschergeist"
    },
    {
      "start": "00:10:03.197",
      "title": "Fokus Europa"
    },
    {
      "start": "00:11:21.396",
      "title": "Kolophon"
    },
    {
      "start": "00:12:53.667",
      "title": "Raumzeit"
    },
    {
      "start": "00:15:04.044",
      "title": "Das Sendezentrum"
    },
    {
      "start": "00:16:04.966",
      "title": "Dank und Ausblick"
    }
  ],
  "audio": [
    {
      "url": "https://tracking.feedpress.it/link/11988/1268839/me001-stand-der-dinge-sommer-2015.mp3",
      "mimeType": "audio/mpeg",
      "size": 17468391,
      "title": "Audio MP4"
    }
  ],
  "reference": {
    "share": "//podlove-player.surge.sh/share",
    "config": "//podlove-player.surge.sh/fixtures/585ba1ae.json",
    "origin": "http://metaebene.me/blog/2015/06/16/me001-stand-der-dinge-sommer-2015/"
  }
}
