{
  "title": "FS183 Zukunftstechnologie Spreizblatt",
  "subtitle": "Apple Keynote — Apple Watch — iPhone 7 — iOS 10 — Slack — Pimp My Mac — Jobsuche",
  "summary": "Wie zu erwarten war stützen wir uns im ersten Teil der Sendung auf die Verlautbarungen der letzten großen Apple Keynote und kauen uns durch die Neuigkeiten und Spezifikationen. Das wird aber irgendwann langweilig, so dass wir uns mit Zukunftsthemen wie der Inbetriebnahme alter Macs und der Jobsuche für hukl auseinandersetzen.",
  "publicationDate": "2016-09-15T12:48:00.000Z",
  "link": "http://freakshow.fm/fs183-zukunftstechnologie-spreizblatt",
  "show": {
    "title": "Freak Show",
    "subtitle": "Menschen! Technik! Sensationen!",
    "summary": "Die muntere Talk Show um Leben mit Technik, das Netz und Technikkultur. Bisweilen Apple-lastig aber selten einseitig. Wir leben und lieben Technologie und reden darüber. Mit Tim, hukl, roddi, Clemens und Denis. Freak Show hieß irgendwann mal mobileMacs.",
    "poster": "http://freakshow.fm/wp-content/cache/podlove/04/662a9d4edcf77ea2abe3c74681f509/freak-show_original.jpg",
    "link": "http://freakshow.fm"
  },
  "duration": "03:52:46",
  "chapters": [
    {
      "start": "00:00:00.000",
      "title": "Intro"
    },
    {
      "start": "00:01:20.405",
      "title": "Begrüßung"
    },
    {
      "start": "00:07:11.033",
      "title": "Apple Keynote"
    },
    {
      "start": "00:10:08.288",
      "title": "Nintendo"
    },
    {
      "start": "00:15:38.959",
      "title": "Isao Tomita"
    },
    {
      "start": "00:19:56.849",
      "title": "iWork"
    },
    {
      "start": "00:26:01.888",
      "title": "Neue Apple Watch"
    },
    {
      "start": "00:49:57.925",
      "title": "iPhone SE kaputt"
    },
    {
      "start": "01:02:10.847",
      "title": "Watch OS 3"
    },
    {
      "start": "01:10:22.218",
      "title": "iPhone 7"
    },
    {
      "start": "01:22:05.694",
      "title": "Keine Klinke"
    },
    {
      "start": "01:29:46.537",
      "title": "AirPods"
    },
    {
      "start": "01:36:56.040",
      "title": "Beyerdynamic Kopfhörer"
    },
    {
      "start": "01:41:40.054",
      "title": "A10 Fusion"
    },
    {
      "start": "01:52:42.753",
      "title": "iPhone Kamera"
    },
    {
      "start": "01:55:58.441",
      "title": "Olloclip"
    },
    {
      "start": "02:02:34.008",
      "title": "Pro Apps"
    },
    {
      "start": "02:07:08.152",
      "title": "Slack for Mac"
    },
    {
      "start": "02:10:12.379",
      "title": "ApplePay"
    },
    {
      "start": "02:13:46.202",
      "title": "iOS 10"
    },
    {
      "start": "02:37:29.597",
      "title": "Networking in iOS 10 und Mac OS Sierra"
    },
    {
      "start": "02:49:00.813",
      "title": "Pimp My Mac"
    },
    {
      "start": "03:21:41.101",
      "title": "Neue Macs"
    },
    {
      "start": "03:37:38.720",
      "title": "hukl sucht einen neuen Job"
    },
    {
      "start": "03:50:37.917",
      "title": "Ausklang"
    }
  ],
  "audio": [
    {
      "url": "https://tracking.feedpress.it/link/13453/4417382/fs183-zukunftstechnologie-spreizblatt.m4a",
      "mimeType": "audio/mp4",
      "size": 88198435,
      "title": "Audio MP4"
    }
  ],
  "reference": {
    "share": "//podlove-player.surge.sh/share",
    "config": "//podlove-player.surge.sh/fixtures/591f2aaf.json",
    "origin": "http://freakshow.fm/fs183-zukunftstechnologie-spreizblatt"
  },
  "theme": {
    "main": "rgb(251,237,186)"
  }
}
