{
  "title": "TLF004 Tauchen in Moçambique",
  "subtitle": "",
  "summary": "",
  "publicationDate": "2006-03-27T01:27:09.000Z",
  "link": "http://tim.pritlove.org/2006/03/27/tlf004/",
  "show": {
    "title": "The Lunatic Fringe",
    "subtitle": "Merkwürdiges und Denkwürdiges von Tim Pritlove",
    "summary": "Lunatic Fringe ist ein experimenteller Audiopodcast mit wechselnden Inhalten und Stimmungslagen.",
    "poster": "http://tim.pritlove.org/wp-content/cache/podlove/a3/5f409d7acf6bc487c2023915e3afd8/the-lunatic-fringe_original.jpg",
    "link": "http://tim.pritlove.org"
  },
  "duration": "00:42:03",
  "chapters": [],
  "audio": [
    {
      "url": "https://tracking.feedpress.it/link/13551/1926866/tlf004.m4a",
      "mimeType": "audio/mp4",
      "size": 26355779,
      "title": "Audio MP4"
    }
  ],
  "reference": {
    "share": "//podlove-player.surge.sh/share",
    "config": "//podlove-player.surge.sh/fixtures/593ada6b.json",
    "origin": "http://tim.pritlove.org/2006/03/27/tlf004/"
  },
  "theme": {
    "main": "rgb(228,184,167)"
  }
}
