{
  "title": "CRE210 Die Jagd",
  "subtitle": "Über die Gestaltung von Lebensraum und dem Leben in und mit der Natur",
  "summary": "Kaum ein Beruf ist so nah an der Natur wie der des Jägers und die Jagd lässt sich bis in den evolutionären Ursprung des Homo sapiens zurückverfolgen. Die Jagd hat dem Menschen erst die Entwicklung zum heutigen Menschen ermöglicht und war und ist auch die Basis für den Aufbau und Betrieb der Landwirtschaft. Sie brachte auch die Evolution des Hundes und dessen Symbiose mit dem Menschen hervor. Heute wird die Bedeutung der Jagd nur selten gesehen und spielt sich jenseits der Öffentlichkeit ab.\n\nIch spreche mit Jäger und Podcaster Jochen Schumacher über Geschichte, Ausbildung, Ausübung und Bedeutung der Jagd, über das schwierige Verhältnis der modernen Gesellschaft zum Jägertum und vor allem was man persönlich aus der intensiven Begegnung mit der Natur für sich und das Leben lernen kann.",
  "publicationDate": "2015-11-23T10:03:35.000Z",
  "poster": "http://cre.fm/wp-content/cache/podlove/b1/fc4a557de2ae2e95feb4b0ed8bd320/cre210-die-jagd_original.jpg",
  "link": "http://cre.fm/cre210-die-jagd",
  "show": {
    "title": "CRE: Technik, Kultur, Gesellschaft",
    "subtitle": "Der Interview-Podcast mit Tim Pritlove",
    "summary": "Intensive und ausführliche Gespräche über Themen aus Technik, Kultur und Gesellschaft, das ist CRE. Interessante Gesprächspartner stehen Rede und Antwort zu Fragen, die man normalerweise selten gestellt bekommt. CRE möchte  aufklären, weiterbilden und unterhalten.",
    "poster": "http://cre.fm/wp-content/cache/podlove/6b/8074d85b886d8dedb4945715694ba7/cre-technik-kultur-gesellschaft_original.jpg",
    "link": "http://cre.fm"
  },
  "duration": "03:11:33",
  "chapters": [
    {
      "start": "00:00:00.000",
      "title": "Intro"
    },
    {
      "start": "00:00:49.144",
      "title": "Begrüßung"
    },
    {
      "start": "00:02:01.329",
      "title": "Vorstellung"
    },
    {
      "start": "00:09:56.961",
      "title": "Mensch und Hund"
    },
    {
      "start": "00:29:37.043",
      "title": "Jagdgesellschaft"
    },
    {
      "start": "00:34:12.339",
      "title": "Sammler und Jäger"
    },
    {
      "start": "00:41:55.644",
      "title": "Jagd als Verteidigung"
    },
    {
      "start": "00:46:21.722",
      "title": "Jagd im Altertum"
    },
    {
      "start": "00:50:32.477",
      "title": "Der Adel und die Jagdgesetze"
    },
    {
      "start": "01:00:26.454",
      "title": "Jagd und Naturschutz"
    },
    {
      "start": "01:06:08.530",
      "title": "Evolution, Populationen und Lebenszyklen"
    },
    {
      "start": "01:18:14.904",
      "title": "Ausbildung zum Jäger"
    },
    {
      "start": "01:34:06.660",
      "title": "Lebensräume entdecken und gestalten"
    },
    {
      "start": "01:44:27.648",
      "title": "Jäger und die Gesellschaft"
    },
    {
      "start": "01:56:45.342",
      "title": "Nutztiere und Landnutzung"
    },
    {
      "start": "02:04:43.888",
      "title": "Technologie des Tötens"
    },
    {
      "start": "02:09:55.238",
      "title": "Das verletzte Tier und die Nachsuche"
    },
    {
      "start": "02:22:17.322",
      "title": "Populationsreduzierung"
    },
    {
      "start": "02:26:10.693",
      "title": "Aufbrechen und Verwerten"
    },
    {
      "start": "02:34:27.413",
      "title": "Munition"
    },
    {
      "start": "02:40:21.816",
      "title": "Drückjagd"
    },
    {
      "start": "02:44:34.716",
      "title": "Abschusspläne, Hygiene und Krähenburger"
    },
    {
      "start": "02:58:30.249",
      "title": "Das Jagdhorn und soziale Rituale"
    },
    {
      "start": "03:04:35.471",
      "title": "Respekt vor der Welt"
    }
  ],
  "audio": [
    {
      "url": "https://tracking.feedpress.it/link/13440/2072376/cre210-die-jagd.m4a",
      "mimeType": "audio/mp4",
      "size": 73262587,
      "title": "Audio MP4"
    }
  ],
  "reference": {
    "share": "//podlove-player.surge.sh/share",
    "config": "//podlove-player.surge.sh/fixtures/60339562.json",
    "origin": "http://cre.fm/cre210-die-jagd"
  },
  "theme": {
    "main": "rgb(196,132,132)"
  }
}
