{
  "title": "LS017 Podcastverzeichnisse",
  "subtitle": "Ein Gespräch über Hörsuppen, Kuratierung und technische Herausforderungen",
  "summary": "Christian Bednarek ist der deutschsprachigen Podcastlandschaft durch sein Projekt Hörsuppe wohlbekannt, mit dem er ein wenig das \"Fernsehprogramm\" für geübte Podcasthörerinnen und -hörer bereitstellte. Jetzt zieht er weiter und entwickelt ein umfangreicheres Podcastverzeichnis (fyyd), um neue Herausforderungen anzugehen und Möglichkeiten zu schaffen. Wir sprechen über seine Erfahrungen damit und welchen Bedarf das Podcasting an neuen Datenformaten und Strukturen hat.",
  "publicationDate": "2016-06-16T10:46:01.000Z",
  "link": "http://der-lautsprecher.de/ls017-podcastverzeichnisse",
  "show": {
    "title": "Der Lautsprecher",
    "subtitle": "Ein Podcast über das Senden und Empfangen werden",
    "summary": "Der Lautsprecher ist ein Forum für Podcaster und solche, die es vielleicht werden wollen. Tim Pritlove spricht mit ausgewählten Gästen über Technik, Kultur und Methoden des Podcastings.",
    "poster": "http://der-lautsprecher.de/wp-content/cache/podlove/f3/5801c434d3ae2e00e6b5ee5379b08b/der-lautsprecher_original.jpg",
    "link": "http://der-lautsprecher.de"
  },
  "duration": "02:07:53",
  "chapters": [
    {
      "start": "00:00:00.000",
      "title": "Begrüßung"
    },
    {
      "start": "00:01:37.956",
      "title": "Hörsuppe"
    },
    {
      "start": "00:06:43.232",
      "title": "Live-Programm"
    },
    {
      "start": "00:16:12.669",
      "title": "fyyd"
    },
    {
      "start": "00:26:27.237",
      "title": "Feeds einlesen"
    },
    {
      "start": "00:34:42.605",
      "title": "Feedqualität"
    },
    {
      "start": "01:03:02.838",
      "title": "Feedwünsche"
    },
    {
      "start": "01:33:36.302",
      "title": "Kuratieren"
    },
    {
      "start": "01:47:51.455",
      "title": "Podcast Syncing"
    },
    {
      "start": "01:59:53.235",
      "title": "Verzeichnis API"
    },
    {
      "start": "02:04:38.178",
      "title": "Ausklang"
    }
  ],
  "audio": [
    {
      "url": "https://tracking.feedpress.it/link/12319/3632930/ls017-podcastverzeichnisse.mp3",
      "mimeType": "audio/mpeg",
      "size": 76973318,
      "title": "Audio MP4"
    }
  ],
  "reference": {
    "share": "//podlove-player.surge.sh/share",
    "config": "//podlove-player.surge.sh/fixtures/6103e7cc.json",
    "origin": "http://der-lautsprecher.de/ls017-podcastverzeichnisse"
  },
  "theme": {
    "main": "rgb(116,185,248)"
  }
}
