{
  "title": "CRE204 Geocaching",
  "subtitle": "Über den Spaß und die Motivation netzgestützte Ausflüge ins Ungewisse zu unternehmen",
  "summary": "Geocaching ist ein Breitensport, der sich erst mit Hilfe von moderner Technologie – GPS und Internet – hat entwickeln können, der aber immer mehr Freunde findet. Erfahrende Geocacher verstecken teils auf knifflige Art und Weise kleine Schätze und viele machen sich auf, diese Ort zu finden. Der ferne Betrachter wundert sich dabei über Leute, die an den unmöglichsten Stellen nach Dingen suchen und der Teilnehmer verbindet den Ausflug ins Grüne mit einer ganz besonderen Aufgabe.\n\nRegine Heidorn ist eine erfahrene Geocacherin und hat schon mehr als tausend Verstecken ihr Geheimnis entlocken können. Im Gespräch mit Tim Pritlove gibt sie einen breiten Einblick in Entwicklung und Wesen des Geocachings, was den Reiz des Suchens und Versteckens ausmacht und welche besonderen Belohnungsmomente besonders für den gemeinen Nerd im Angebot sind.",
  "publicationDate": "2013-11-05T12:49:58.000Z",
  "poster": "http://cre.fm/wp-content/cache/podlove/4d/6d24bf65918945b7debdee7f42b9bb/cre204-geocaching_original.jpg",
  "link": "http://cre.fm/cre204-geocaching",
  "show": {
    "title": "CRE: Technik, Kultur, Gesellschaft",
    "subtitle": "Der Interview-Podcast mit Tim Pritlove",
    "summary": "Intensive und ausführliche Gespräche über Themen aus Technik, Kultur und Gesellschaft, das ist CRE. Interessante Gesprächspartner stehen Rede und Antwort zu Fragen, die man normalerweise selten gestellt bekommt. CRE möchte  aufklären, weiterbilden und unterhalten.",
    "poster": "http://cre.fm/wp-content/cache/podlove/6b/8074d85b886d8dedb4945715694ba7/cre-technik-kultur-gesellschaft_original.jpg",
    "link": "http://cre.fm"
  },
  "duration": "02:55:04",
  "chapters": [
    {
      "start": "00:00:00.000",
      "title": "Intro"
    },
    {
      "start": "00:01:52.760",
      "title": "Vorstellung"
    },
    {
      "start": "00:10:34.021",
      "title": "Geocaching"
    },
    {
      "start": "00:22:28.474",
      "title": "Inhalt der Caches"
    },
    {
      "start": "00:26:51.698",
      "title": "Mystery Caches"
    },
    {
      "start": "00:33:34.000",
      "title": "Schwieriges Terrain"
    },
    {
      "start": "00:36:36.729",
      "title": "Bewertungen und Trackables"
    },
    {
      "start": "00:59:57.708",
      "title": "Hints, Reviewer und Community"
    },
    {
      "start": "01:14:21.141",
      "title": "Cachedesign"
    },
    {
      "start": "01:31:26.161",
      "title": "Spezielle Caches, Gadgets und EGCA"
    },
    {
      "start": "01:51:51.208",
      "title": "Der Reiz des Geocachings"
    },
    {
      "start": "01:58:08.000",
      "title": "Das Logbuch"
    },
    {
      "start": "02:03:22.078",
      "title": "OpenCaching.de"
    },
    {
      "start": "02:06:20.453",
      "title": "Statistiken"
    },
    {
      "start": "02:12:16.000",
      "title": "Alternative Plattformen"
    },
    {
      "start": "02:15:46.031",
      "title": "Tolle Caches und Gefahrenquellen"
    },
    {
      "start": "02:27:52.000",
      "title": "Umweltverträglichkeit und Kommerz"
    },
    {
      "start": "02:38:57.000",
      "title": "Geo-Lifestyle"
    }
  ],
  "audio": [
    {
      "url": "https://tracking.feedpress.it/link/13440/1885490/cre204-geocaching.m4a",
      "mimeType": "audio/mp4",
      "size": 65524350,
      "title": "Audio MP4"
    }
  ],
  "reference": {
    "share": "//podlove-player.surge.sh/share",
    "config": "//podlove-player.surge.sh/fixtures/632c9ae3.json",
    "origin": "http://cre.fm/cre204-geocaching"
  }
}
