{
  "title": "NSFW079 Die grüne Elke",
  "subtitle": "USVs – Jahresrückblick 1983 — Zigarettenrauchende Fussballer — Iran — Vibratoren — Bitcoins — Elektromobilität",
  "summary": "Zur letzten Sendung in diesem Jahr nehmen wir die schwere Bürde des Jahresrückblicks auf uns und schauen einfach mal in die unmittelbare Vergangenheit: 1983. Das mischen wir mit Skepsis über den Finanzmarkt und Hoffnung für die Politik, Klappmessern, zigarettenrauchende Fußballern, die politische Gesamtlage und überhaupt so viel unterschiedliches Zeug, dass wir mehr als nur glücklich sind, dass so viele Leute live die Shownotes mitführen.\n\nWir bedanken uns bei allen Unterstützern für ein tolles Podcast-Jahr und wünschen Euch einen guten Rutsch und was man sonst noch so braucht. Es macht viel Spaß mit Euch und wir sehen zu, Euch auch im nächsten Jahr angemessene Unterhaltung bereitzustellen.",
  "publicationDate": "2013-12-11T19:38:28.000Z",
  "link": "http://not-safe-for-work.de/nsfw079-die-gruene-elke/",
  "show": {
    "title": "Not Safe For Work",
    "subtitle": "Die Internationale Unterhaltungsgala mit Tim Pritlove und Holger Klein",
    "summary": "NSFW ist unkonventionell, unregelmäßig, unsinnig und ungemein unanständig. Garantiert mindestens zwei Worte pro Sendung, die man nicht auf der Arbeit sagen sollte. NSFW sollte nicht zu ernst genommen werden und selbstverständlich als Richtlinie aller Eurer künftigen Handlungen gelten.",
    "poster": "http://not-safe-for-work.de/wp-content/cache/podlove/0f/63751ecd7feba0789d91d4f9a45191/not-safe-for-work_original.jpg",
    "link": "http://not-safe-for-work.de"
  },
  "duration": "03:20:22",
  "chapters": [
    {
      "start": "00:00:00.000",
      "title": "Intro"
    },
    {
      "start": "00:01:38.000",
      "title": "Babo"
    },
    {
      "start": "00:11:14.000",
      "title": "Fluppdizität"
    },
    {
      "start": "00:26:33.000",
      "title": "Mach' det aues!"
    },
    {
      "start": "00:36:36.000",
      "title": "83/1"
    },
    {
      "start": "01:08:43.000",
      "title": "Pimmelschrank"
    },
    {
      "start": "01:35:31.000",
      "title": "Die Stille an der Ampel"
    },
    {
      "start": "02:01:05.000",
      "title": "Bitcoin"
    },
    {
      "start": "02:11:10.000",
      "title": "Walter Frosch"
    },
    {
      "start": "02:18:52.000",
      "title": "Der Seher"
    },
    {
      "start": "02:30:06.000",
      "title": "83/2"
    },
    {
      "start": "03:01:29.000",
      "title": "Behelmt, bemützt, bemantelt"
    },
    {
      "start": "03:14:57.000",
      "title": "Verabschiedung"
    },
    {
      "start": "03:17:19.000",
      "title": "Outro"
    }
  ],
  "audio": [
    {
      "url": "https://tracking.feedpress.it/link/13444/1886696/nsfw079-die-gruene-elke.m4a",
      "mimeType": "audio/mp4",
      "size": 75291024,
      "title": "Audio MP4"
    }
  ],
  "reference": {
    "share": "//podlove-player.surge.sh/share",
    "config": "//podlove-player.surge.sh/fixtures/634e733a.json",
    "origin": "http://not-safe-for-work.de/nsfw079-die-gruene-elke/"
  },
  "theme": {
    "main": "rgb(242,156,148)"
  }
}
