{
  "title": "LNP222 Mut zur Schutzlücke",
  "subtitle": "WannaCry — StreamOn — Staatstrojaner — eID-Gesetz — EU-Biometrie-Superdatenbank — Gib Handy! — IP-Adressen-Speicherung — netzDG — Chealsea Manning — Julian Assange — Facebook-Löschregeln — Sehempfehlungen",
  "summary": "Eine grauenhafte Woche mit nahezu keinen guten Nachrichten (mit einer Ausnahme), in der zahlreiche Gesetze durchgekämpft oder deren Planung angekündigt wurden, die uns gehörig nerven und gegen den Strich gehen. Da gibt's dann leider wenig zu lachen, aber wir versuchen trotzdem, den Humor nicht zu verlieren.",
  "publicationDate": "2017-05-23T11:06:49.000Z",
  "link": "http://logbuch-netzpolitik.de/lnp222-mut-zur-schutzluecke",
  "show": {
    "title": "Logbuch:Netzpolitik",
    "subtitle": "Einblicke und Ausblicke in das netzpolitische Geschehen",
    "summary": "Logbuch:Netzpolitik ist ein in der Regel wöchentlich erscheinender Podcast, der im Dialog zwischen Linus Neumann und Tim Pritlove die wichtigsten Themen und Ereignisse mit netzpolitischem Bezug aufgreift und diskutiert.",
    "poster": "http://logbuch-netzpolitik.de/wp-content/cache/podlove/92/de7e775cef6431203e4666e628294b/logbuchnetzpolitik_original.jpg",
    "link": "http://logbuch-netzpolitik.de"
  },
  "duration": "01:25:01",
  "chapters": [
    {
      "start": "00:00:00.000",
      "title": "Intro"
    },
    {
      "start": "00:00:28.322",
      "title": "Prolog"
    },
    {
      "start": "00:02:21.730",
      "title": "Feedback: WannaCry"
    },
    {
      "start": "00:08:41.260",
      "title": "Feedback: StreamOn"
    },
    {
      "start": "00:15:04.891",
      "title": "Staatstrojaner-Ausweitung"
    },
    {
      "start": "00:24:40.031",
      "title": "eID-Gesetz beschlossen"
    },
    {
      "start": "00:29:56.096",
      "title": "Biometrie-Superdatenbank der EU"
    },
    {
      "start": "00:34:30.097",
      "title": "Gib Handy!"
    },
    {
      "start": "00:36:06.691",
      "title": "IP-Adressen-Speicherung"
    },
    {
      "start": "00:39:14.107",
      "title": "netzDG verstößt gegen Europarecht"
    },
    {
      "start": "00:47:28.420",
      "title": "Chelsea Manning frei"
    },
    {
      "start": "00:49:09.219",
      "title": "Juri Assanschov \"frei\""
    },
    {
      "start": "00:59:55.124",
      "title": "Facebook Löschregeln"
    },
    {
      "start": "01:07:42.454",
      "title": "Die Sendung mit dem Chaos"
    },
    {
      "start": "01:15:39.947",
      "title": "National Bird"
    },
    {
      "start": "01:19:58.276",
      "title": "ZDF aspekte mit Linus"
    },
    {
      "start": "01:22:14.085",
      "title": "Epilog"
    },
    {
      "start": "01:23:31.380",
      "title": "Bonus Track"
    }
  ],
  "audio": [
    {
      "url": "https://tracking.feedpress.it/link/13476/5888871/lnp222-mut-zur-schutzluecke.m4a",
      "mimeType": "audio/mp4",
      "size": 31933383,
      "title": "Audio MP4"
    }
  ],
  "reference": {
    "share": "//podlove-player.surge.sh/share",
    "config": "//podlove-player.surge.sh/fixtures/63f3ba2a.json",
    "origin": "http://logbuch-netzpolitik.de/lnp222-mut-zur-schutzluecke"
  },
  "theme": {
    "main": "rgb(218,207,164)"
  }
}
