{
  "title": "LNP224 Mit dem Abgriff in Frankfurt wird das alles in Ordnung kommen",
  "subtitle": "Staatstrojaner — NSA-UA Abschlussbericht — VDS rechtswidrig — StreamOn — Videoüberwachung — Artificial Intelligence",
  "summary": "Nach drei Wochen Pause machen wir wieder weiter im Programm und wie Ihr Euch schon denken könnt, gibt es wenig Gutes zu berichten. Alle Gesetzesverschärfungen bezüglich der Massenüberwachung sind durch den Bundestag geboxt worden und der Abschlussbericht des NSA-UA",
  "publicationDate": "2017-06-23T13:43:07.000Z",
  "link": "http://logbuch-netzpolitik.de/lnp224-mit-dem-abgriff-in-frankfurt-wird-das-alles-in-ordnung-kommen",
  "show": {
    "title": "Logbuch:Netzpolitik",
    "subtitle": "Einblicke und Ausblicke in das netzpolitische Geschehen",
    "summary": "Logbuch:Netzpolitik ist ein in der Regel wöchentlich erscheinender Podcast, der im Dialog zwischen Linus Neumann und Tim Pritlove die wichtigsten Themen und Ereignisse mit netzpolitischem Bezug aufgreift und diskutiert.",
    "poster": "http://logbuch-netzpolitik.de/wp-content/cache/podlove/92/de7e775cef6431203e4666e628294b/logbuchnetzpolitik_original.jpg",
    "link": "http://logbuch-netzpolitik.de"
  },
  "duration": "01:48:00",
  "chapters": [
    {
      "start": "00:00:00.000",
      "title": "Intro"
    },
    {
      "start": "00:00:34.165",
      "title": "Prolog"
    },
    {
      "start": "00:03:44.862",
      "title": "Staatstrojaner kommt"
    },
    {
      "start": "00:34:01.290",
      "title": "NSAUA-Minderheitenvotum ist geheim"
    },
    {
      "start": "01:01:42.851",
      "title": "Surprise: VDS ist europarechtswidrig"
    },
    {
      "start": "01:07:33.669",
      "title": "StreamOn"
    },
    {
      "start": "01:14:21.262",
      "title": "BND–NSA 1:1"
    },
    {
      "start": "01:15:52.793",
      "title": "Real und die Post wollen Dich beobachten"
    },
    {
      "start": "01:24:48.328",
      "title": "Südkreuz-Gewinnspiel"
    },
    {
      "start": "01:30:46.979",
      "title": "Dawn of AI"
    },
    {
      "start": "01:46:35.635",
      "title": "Epilog"
    }
  ],
  "audio": [
    {
      "url": "https://tracking.feedpress.it/link/13476/6078011/lnp224-mit-dem-abgriff-in-frankfurt-wird-das-alles-in-ordnung-kommen.m4a",
      "mimeType": "audio/mp4",
      "size": 40487184,
      "title": "Audio MP4"
    }
  ],
  "reference": {
    "share": "//podlove-player.surge.sh/share",
    "config": "//podlove-player.surge.sh/fixtures/642bd8c8.json",
    "origin": "http://logbuch-netzpolitik.de/lnp224-mit-dem-abgriff-in-frankfurt-wird-das-alles-in-ordnung-kommen"
  },
  "theme": {
    "main": "rgb(218,207,164)"
  }
}
