{
  "title": "NSFW083 Darmspiegel Online",
  "subtitle": "Darmspiegelung — Gestorben 1968 — Alkoholika — Britische Fernsehserien — Kaffee — Dinner for One — Second Screen",
  "summary": "Eine pünktlich Sendung und dieses mal wieder mit 30% mehr Hitler und allerlei Lebensendzeitberatung dafür ohne nachhaltige Streitpunkte. Wir laufen uns erst langsam wieder warm und hoffen auf den Frühling während wir uns für die Fünf-Jahres-Sendung rüsten, die laut Prognose ausgerechnet die 88. sein wird. Ui ui ui.",
  "publicationDate": "2014-03-31T14:41:23.000Z",
  "link": "http://not-safe-for-work.de/nsfw083-darmspiegel-online/",
  "show": {
    "title": "Not Safe For Work",
    "subtitle": "Die Internationale Unterhaltungsgala mit Tim Pritlove und Holger Klein",
    "summary": "NSFW ist unkonventionell, unregelmäßig, unsinnig und ungemein unanständig. Garantiert mindestens zwei Worte pro Sendung, die man nicht auf der Arbeit sagen sollte. NSFW sollte nicht zu ernst genommen werden und selbstverständlich als Richtlinie aller Eurer künftigen Handlungen gelten.",
    "poster": "http://not-safe-for-work.de/wp-content/cache/podlove/0f/63751ecd7feba0789d91d4f9a45191/not-safe-for-work_original.jpg",
    "link": "http://not-safe-for-work.de"
  },
  "duration": "03:11:11",
  "chapters": [
    {
      "start": "00:00:00.000",
      "title": "Intro"
    },
    {
      "start": "00:08:50.000",
      "title": "Darmspiegel Online"
    },
    {
      "start": "00:19:38.000",
      "title": "1968 (Teil 1)"
    },
    {
      "start": "01:07:30.000",
      "title": "Geschenke (Teil 1)"
    },
    {
      "start": "01:22:54.000",
      "title": "TV (Teil 1)"
    },
    {
      "start": "01:43:11.000",
      "title": "Geschenke (Teil 2)"
    },
    {
      "start": "01:53:48.000",
      "title": "Plugging, Panzer, Premium-Cola"
    },
    {
      "start": "02:14:53.000",
      "title": "Geschenke (Teil 3) und Kaffee"
    },
    {
      "start": "02:32:35.000",
      "title": "1968 (Teil 2)"
    },
    {
      "start": "02:51:45.000",
      "title": "TV (Teil 2)"
    },
    {
      "start": "03:03:08.000",
      "title": "Verabschiedung"
    },
    {
      "start": "03:08:23.000",
      "title": "Outro"
    }
  ],
  "audio": [
    {
      "url": "https://tracking.feedpress.it/link/13444/1886692/nsfw083-darmspiegel-online.m4a",
      "mimeType": "audio/mp4",
      "size": 71917531,
      "title": "Audio MP4"
    }
  ],
  "reference": {
    "share": "//podlove-player.surge.sh/share",
    "config": "//podlove-player.surge.sh/fixtures/672c6186.json",
    "origin": "http://not-safe-for-work.de/nsfw083-darmspiegel-online/"
  },
  "theme": {
    "main": "rgb(242,156,148)"
  }
}
