{
  "title": "CRE199 NetHack",
  "subtitle": "Über das Spiel der Spiele der Frühzeit des Internets",
  "summary": "Als das Netz wie auch die gesamte Computerspielkultur noch in den Kinderschuhen steckten entwickelte sich im Zuge der UNIX-Bewegung nach einem frühen Vorbild mit \"NetHack\" ein coomputerbasiertes Rollenspiel der besonderen Art.\n\nIn der Ausgabe einerseits limitiert auf die ASCII-Terminals der Frühzeit trumpfte es dafür mit ungeahnter Komplexität und Spielwitz auf und reflektierte damit die Kreativität einer ganzen Computergeneration. NetHack war aber auch ein Pionier-Projekt der netzbasierten Open-Source-Softwareentwicklung, obwohl es der weltweiten Verbreitung des Internets schon einen Schritt voraus war.\n\nIm Gespräch mit Tim Pritlove berichtet Felix Vogel von seinen Erfahrungen mit NetHack und erläutert die besondere Faszination des Spiels, die Menschen auch heute noch weltweit in den Bann schlägt, wie durch zahlreiche öffentlichen Nethack-Servern, Spiel-Wettbewerbe und Software-Nachfolgeprojekte deutlich wird.",
  "publicationDate": "2013-01-11T22:39:01.000Z",
  "poster": "http://cre.fm/wp-content/cache/podlove/c1/e55790457b94132b92963eea649897/cre199-nethack_original.jpg",
  "link": "http://cre.fm/cre199-nethack",
  "show": {
    "title": "CRE: Technik, Kultur, Gesellschaft",
    "subtitle": "Der Interview-Podcast mit Tim Pritlove",
    "summary": "Intensive und ausführliche Gespräche über Themen aus Technik, Kultur und Gesellschaft, das ist CRE. Interessante Gesprächspartner stehen Rede und Antwort zu Fragen, die man normalerweise selten gestellt bekommt. CRE möchte  aufklären, weiterbilden und unterhalten.",
    "poster": "http://cre.fm/wp-content/cache/podlove/6b/8074d85b886d8dedb4945715694ba7/cre-technik-kultur-gesellschaft_original.jpg",
    "link": "http://cre.fm"
  },
  "duration": "02:00:09",
  "chapters": [
    {
      "start": "00:00:00.000",
      "title": "Intro"
    },
    {
      "start": "00:01:43.875",
      "title": "Vorstellung"
    },
    {
      "start": "00:08:50.750",
      "title": "Rogue-like Games"
    },
    {
      "start": "00:26:47.375",
      "title": "Hack und NetHack"
    },
    {
      "start": "00:48:12.073",
      "title": "Spielablauf"
    },
    {
      "start": "01:16:41.781",
      "title": "Einflüsse von NetHack"
    },
    {
      "start": "01:18:53.625",
      "title": "NetHack Community"
    },
    {
      "start": "01:22:43.750",
      "title": "Komplexität, Wettbewerbe und Voyeurismus"
    },
    {
      "start": "01:38:13.125",
      "title": "Kreative Spielmethoden"
    },
    {
      "start": "01:45:28.625",
      "title": "Der Wert des Spiels"
    },
    {
      "start": "01:49:05.625",
      "title": "Weitere Spielsituationen"
    },
    {
      "start": "01:55:07.125",
      "title": "Abschluss"
    }
  ],
  "audio": [
    {
      "url": "https://tracking.feedpress.it/link/13440/1885495/cre199-nethack.m4a",
      "mimeType": "audio/mp4",
      "size": 45055691,
      "title": "Audio MP4"
    }
  ],
  "reference": {
    "share": "//podlove-player.surge.sh/share",
    "config": "//podlove-player.surge.sh/fixtures/67ca5d7e.json",
    "origin": "http://cre.fm/cre199-nethack"
  },
  "theme": {
    "main": "rgb(196,124,125)"
  }
}
