{
  "title": "CRE189 Chaos macht Schule",
  "subtitle": "Medienkompetenz und Basiswissen über das Internet in die Schulen tragen",
  "summary": "Aus eigener Initiative heraus entstand in verschiedenen Teilen des Chaos Computer Clubs der Wunsch, die Themen des CCC in die Schulen zu tragen, um Schüler mit den Realitäten des Internets bekannt zu machen und Lehrer und Eltern im Bereich Medienkompetenz zu unterstützen. Unter dem Namen \"Chaos macht Schule\" bieten verschiedene Gruppen im CCC ihre Hilfe an.\n\nIm Gespräch mit Tim Pritlove berichten Peter Hecko und Florian Grunow vom CCC Mannheim über die Entstehung des Projekts, Motivation, Zielsetzung, Inhalte und Wirkung der Aktivitäten in den Schulen, die teilweise auch in Kooperation mit anderen gesellschaftlichen Gruppen durchgeführt wird.\n\nThemen: 28C3; Chaos macht Schule; Motivation und Zielgruppen; Inhaltliche Gestaltung; Hackerdemos; Kooperation mit anderen Gruppen; Medienscouts; Netzwerk Neue Medien Mannheim; Engagement der Polizei; Problembewusstsein der Schulen; Aufteilung der Anfragen; Eltern-Lehrer-Veranstaltungen; Themenbereiche; Dessousfotos im Netz; das Bild vom Hacker; Interne Treffen und alternative Ansätze; Vergütung und kommerzielle Angebote; Zukunft des Projekts.",
  "publicationDate": "2012-01-06T15:44:37.000Z",
  "poster": "http://cre.fm/wp-content/cache/podlove/13/55af3652826a3b3b66be3040351b16/cre189-chaos-macht-schule_original.jpg",
  "link": "http://cre.fm/cre189-chaos-macht-schule",
  "show": {
    "title": "CRE: Technik, Kultur, Gesellschaft",
    "subtitle": "Der Interview-Podcast mit Tim Pritlove",
    "summary": "Intensive und ausführliche Gespräche über Themen aus Technik, Kultur und Gesellschaft, das ist CRE. Interessante Gesprächspartner stehen Rede und Antwort zu Fragen, die man normalerweise selten gestellt bekommt. CRE möchte  aufklären, weiterbilden und unterhalten.",
    "poster": "http://cre.fm/wp-content/cache/podlove/6b/8074d85b886d8dedb4945715694ba7/cre-technik-kultur-gesellschaft_original.jpg",
    "link": "http://cre.fm"
  },
  "duration": "01:31:48",
  "chapters": [],
  "audio": [
    {
      "url": "https://tracking.feedpress.it/link/13440/1885505/cre189-chaos-macht-schule.m4a",
      "mimeType": "audio/mp4",
      "size": 34452679,
      "title": "Audio MP4"
    }
  ],
  "reference": {
    "share": "//podlove-player.surge.sh/share",
    "config": "//podlove-player.surge.sh/fixtures/68ecd760.json",
    "origin": "http://cre.fm/cre189-chaos-macht-schule"
  }
}
