{
  "title": "NSFW085 Fortsetzung der Evolution mit anderen Mitteln",
  "subtitle": "Europawahl — Weltraumfahrstuhl — Das Rad neu erfinden — Zach Anner — Verkehrsflüsse",
  "summary": "Nach der Heiligsprechung zweier Päpste steigen wir in den Ring und bringen unsere Bewerbung für die nächste Runde ein. Dafür streiten wir uns noch ein wenig über dies und das, Weltraumfahrstühle, Parteien und den richtigen Umgang und Vorratsmengen von Unterwäsche.",
  "publicationDate": "2014-04-28T17:28:20.000Z",
  "link": "http://not-safe-for-work.de/nsfw085-fortsetzung-der-evolution-mit-anderen-mitteln/",
  "show": {
    "title": "Not Safe For Work",
    "subtitle": "Die Internationale Unterhaltungsgala mit Tim Pritlove und Holger Klein",
    "summary": "NSFW ist unkonventionell, unregelmäßig, unsinnig und ungemein unanständig. Garantiert mindestens zwei Worte pro Sendung, die man nicht auf der Arbeit sagen sollte. NSFW sollte nicht zu ernst genommen werden und selbstverständlich als Richtlinie aller Eurer künftigen Handlungen gelten.",
    "poster": "http://not-safe-for-work.de/wp-content/cache/podlove/0f/63751ecd7feba0789d91d4f9a45191/not-safe-for-work_original.jpg",
    "link": "http://not-safe-for-work.de"
  },
  "duration": "03:18:48",
  "chapters": [
    {
      "start": "00:00:00.000",
      "title": "Intro"
    },
    {
      "start": "00:05:30.000",
      "title": "Intellektueller Verkehrsunfall"
    },
    {
      "start": "00:26:22.000",
      "title": "Wer heult, hat recht"
    },
    {
      "start": "00:36:30.000",
      "title": "Europawahl, Weltraumfahrstuhl, MLPD"
    },
    {
      "start": "01:15:28.000",
      "title": "Erfindungen"
    },
    {
      "start": "01:38:55.000",
      "title": "Salbungen"
    },
    {
      "start": "01:43:03.000",
      "title": "Zach Anner"
    },
    {
      "start": "02:01:43.000",
      "title": "Geschenke 1"
    },
    {
      "start": "02:08:32.000",
      "title": "Modem-Dialup-Visualisierung"
    },
    {
      "start": "02:18:25.000",
      "title": "Geschenke 2"
    },
    {
      "start": "02:39:46.000",
      "title": "Archäologie und Unterwäsche"
    },
    {
      "start": "02:49:22.000",
      "title": "Verkehr"
    },
    {
      "start": "02:56:53.000",
      "title": "Geschenke 3"
    },
    {
      "start": "03:07:55.000",
      "title": "Hörerinnengrillen"
    },
    {
      "start": "03:12:58.000",
      "title": "Outro"
    }
  ],
  "audio": [
    {
      "url": "https://tracking.feedpress.it/link/13444/1886690/nsfw085-fortsetzung-der-evolution-mit-anderen-mitteln.m4a",
      "mimeType": "audio/mp4",
      "size": 74761904,
      "title": "Audio MP4"
    }
  ],
  "reference": {
    "share": "//podlove-player.surge.sh/share",
    "config": "//podlove-player.surge.sh/fixtures/69c5c31.json",
    "origin": "http://not-safe-for-work.de/nsfw085-fortsetzung-der-evolution-mit-anderen-mitteln/"
  },
  "theme": {
    "main": "rgb(242,156,148)"
  }
}
