{
  "title": "CRE203 Online-Journalismus",
  "subtitle": "Die Digitalisierung ändert die Vorzeichen der journalistischen Berichterstattung",
  "summary": "Kaum eine Branche ist so tief betroffen und verstört vom digitalen Wandel wie der Journalismus und doch bietet gerade Digitalisierung und die Einbeziehung des Netzes ganz neue Chancen der Betätigung. Datenjournalismus und Crowdsourcing bilden sich als neue Werkzeuge innovativer Journalisten heraus und Crowdfunding könnte einst eine Alternative zum etablierten werbefinanzierten Distributionsmodell werden.\n\nTim Pritlove diskutiert mit dem Online-Journalisten Stephan Dörner über die Chancen und Krisen des Journalismus, dem Selbstverständnis von Onlinern, dem Erfolg und Miserfolg von Online-Formaten und den Schwierigkeiten, neue Bezahl- und Beteiligungsformen zu finden.",
  "publicationDate": "2013-08-16T14:19:30.000Z",
  "poster": "http://cre.fm/wp-content/cache/podlove/3f/010fd35f43b146ab4beaefc24f4d0a/cre203-online-journalismus_original.jpg",
  "link": "http://cre.fm/cre203-online-journalismus",
  "show": {
    "title": "CRE: Technik, Kultur, Gesellschaft",
    "subtitle": "Der Interview-Podcast mit Tim Pritlove",
    "summary": "Intensive und ausführliche Gespräche über Themen aus Technik, Kultur und Gesellschaft, das ist CRE. Interessante Gesprächspartner stehen Rede und Antwort zu Fragen, die man normalerweise selten gestellt bekommt. CRE möchte  aufklären, weiterbilden und unterhalten.",
    "poster": "http://cre.fm/wp-content/cache/podlove/6b/8074d85b886d8dedb4945715694ba7/cre-technik-kultur-gesellschaft_original.jpg",
    "link": "http://cre.fm"
  },
  "duration": "02:16:00",
  "chapters": [
    {
      "start": "00:00:00.000",
      "title": "Intro"
    },
    {
      "start": "00:01:17.125",
      "title": "Vorstellung"
    },
    {
      "start": "00:06:46.500",
      "title": "Bloggen und Öffentlichkeit"
    },
    {
      "start": "00:11:45.000",
      "title": "Journalismus und die Blogs"
    },
    {
      "start": "00:23:46.281",
      "title": "Online-Formate"
    },
    {
      "start": "00:35:21.458",
      "title": "Online vs. Print"
    },
    {
      "start": "00:45:13.516",
      "title": "Paywalls und Kundenbindung"
    },
    {
      "start": "00:59:40.266",
      "title": "Reichweitenmessung und Bezahlmodelle"
    },
    {
      "start": "01:17:48.505",
      "title": "Funding und der Journalist als Startup"
    },
    {
      "start": "01:32:00.208",
      "title": "Werbung und Abhängigkeiten"
    },
    {
      "start": "01:34:40.005",
      "title": "Datenjournalismus"
    },
    {
      "start": "01:45:12.130",
      "title": "Innovation"
    },
    {
      "start": "01:55:08.307",
      "title": "Individual- und Leitmedien"
    },
    {
      "start": "02:03:14.125",
      "title": "Mainstream vs. Nische"
    }
  ],
  "audio": [
    {
      "url": "https://tracking.feedpress.it/link/13440/1885491/cre203-online-journalismus.m4a",
      "mimeType": "audio/mp4",
      "size": 50927745,
      "title": "Audio MP4"
    }
  ],
  "reference": {
    "share": "//podlove-player.surge.sh/share",
    "config": "//podlove-player.surge.sh/fixtures/6e8eacb2.json",
    "origin": "http://cre.fm/cre203-online-journalismus"
  },
  "theme": {
    "main": "rgb(114,144,188)"
  }
}
