{
  "title": "TLF006 Audiogeschwätz",
  "subtitle": "",
  "summary": "",
  "publicationDate": "2006-07-01T22:54:15.000Z",
  "link": "http://tim.pritlove.org/2006/07/02/tlf006/",
  "show": {
    "title": "The Lunatic Fringe",
    "subtitle": "Merkwürdiges und Denkwürdiges von Tim Pritlove",
    "summary": "Lunatic Fringe ist ein experimenteller Audiopodcast mit wechselnden Inhalten und Stimmungslagen.",
    "poster": "http://tim.pritlove.org/wp-content/cache/podlove/a3/5f409d7acf6bc487c2023915e3afd8/the-lunatic-fringe_original.jpg",
    "link": "http://tim.pritlove.org"
  },
  "duration": "00:42:41",
  "chapters": [],
  "audio": [
    {
      "url": "https://tracking.feedpress.it/link/13551/1926864/tlf006.m4a",
      "mimeType": "audio/mp4",
      "size": 26383831,
      "title": "Audio MP4"
    }
  ],
  "reference": {
    "share": "//podlove-player.surge.sh/share",
    "config": "//podlove-player.surge.sh/fixtures/702ab73c.json",
    "origin": "http://tim.pritlove.org/2006/07/02/tlf006/"
  },
  "theme": {
    "main": "rgb(228,184,167)"
  }
}
