{
  "title": "NSFW084 Der Führer ist in Europa vorerst gescheitert",
  "subtitle": "Hitlertassen — Audio — Europa — Teleshopping — Bitcoin — Crowdfunding — Verkehr — Hörerinnengrillen — Komische Namen",
  "summary": "Pünktlich liefern wir die 84. Sendung ab und ziehen alles in den Schmutz, was bei drei nicht auf den Bäumen ist. Ne, Quatsch. Alle sind toll. Ne, so auch wieder nicht. Aber wir machen auf jeden Fall wieder amtlich Eigenwerbung, haben alle Hörer lieb und würden uns auch mal wieder gerne treffen irgendwo irgendwann.",
  "publicationDate": "2014-04-14T15:07:47.000Z",
  "link": "http://not-safe-for-work.de/nsfw084-der-fuehrer-ist-in-europa-vorerst-gescheitert/",
  "show": {
    "title": "Not Safe For Work",
    "subtitle": "Die Internationale Unterhaltungsgala mit Tim Pritlove und Holger Klein",
    "summary": "NSFW ist unkonventionell, unregelmäßig, unsinnig und ungemein unanständig. Garantiert mindestens zwei Worte pro Sendung, die man nicht auf der Arbeit sagen sollte. NSFW sollte nicht zu ernst genommen werden und selbstverständlich als Richtlinie aller Eurer künftigen Handlungen gelten.",
    "poster": "http://not-safe-for-work.de/wp-content/cache/podlove/0f/63751ecd7feba0789d91d4f9a45191/not-safe-for-work_original.jpg",
    "link": "http://not-safe-for-work.de"
  },
  "duration": "03:18:29",
  "chapters": [
    {
      "start": "00:00:00.000",
      "title": "Intro"
    },
    {
      "start": "00:06:52.000",
      "title": "Hitlertasse"
    },
    {
      "start": "00:09:54.000",
      "title": "Maschinenraum: Enterprise und Hindenburg"
    },
    {
      "start": "00:30:49.000",
      "title": "Fokus Europa: Böll und Lücke"
    },
    {
      "start": "00:46:19.000",
      "title": "Fahles Mahl"
    },
    {
      "start": "00:59:52.000",
      "title": "Teleshopping"
    },
    {
      "start": "01:22:25.000",
      "title": "Heartbleed und Mt.Gox"
    },
    {
      "start": "01:34:29.000",
      "title": "Crowdfunding"
    },
    {
      "start": "01:45:40.000",
      "title": "Internet-Videos"
    },
    {
      "start": "02:00:58.000",
      "title": "NSA und WRINT"
    },
    {
      "start": "02:08:49.000",
      "title": "Verkehrsmittel"
    },
    {
      "start": "02:30:33.000",
      "title": "Hörerinnen-Treffen und Soziale Netzwerke"
    },
    {
      "start": "03:10:07.000",
      "title": "Butros Butros und Urán Urán"
    },
    {
      "start": "03:16:13.000",
      "title": "Outro"
    }
  ],
  "audio": [
    {
      "url": "https://tracking.feedpress.it/link/13444/1886691/nsfw084-der-fuehrer-ist-in-europa-vorerst-gescheitert.m4a",
      "mimeType": "audio/mp4",
      "size": 74649025,
      "title": "Audio MP4"
    }
  ],
  "reference": {
    "share": "//podlove-player.surge.sh/share",
    "config": "//podlove-player.surge.sh/fixtures/703d14be.json",
    "origin": "http://not-safe-for-work.de/nsfw084-der-fuehrer-ist-in-europa-vorerst-gescheitert/"
  },
  "theme": {
    "main": "rgb(242,156,148)"
  }
}
