{
  "title": "LS015 Der Sender bin ich",
  "subtitle": "Eigene Senderstrukturen als Disruption der Medienlandschaft",
  "summary": "Philip Banse ist, wie man so schön sagt, Podcaster der ersten Stunde und ging mit seinem Projekt Küchenradio schon Anfang 2005 ans Netz. Jetzt erregt er gemeinsam mit Kollegen Aufmerksamkeit durch eine neue Idee, auf Basis eines Genossenschaftsmodells eine Infrastruktur für eine neue Sendeinfrastruktur in Berlin zu schaffen. Wir sprechen über seine (und gemeinsame) Aktivitäten der letzten zehn Jahre in der Podcast-Landschaft und über Erkenntnisse aus der (journalistischen) Arbeit mit  und für den öffentlich-rechtlichen Rundfunk.",
  "publicationDate": "2015-01-23T15:39:12.000Z",
  "link": "http://der-lautsprecher.de/ls015-der-sender-bin-ich",
  "show": {
    "title": "Der Lautsprecher",
    "subtitle": "Ein Podcast über das Senden und Empfangen werden",
    "summary": "Der Lautsprecher ist ein Forum für Podcaster und solche, die es vielleicht werden wollen. Tim Pritlove spricht mit ausgewählten Gästen über Technik, Kultur und Methoden des Podcastings.",
    "poster": "http://der-lautsprecher.de/wp-content/cache/podlove/f3/5801c434d3ae2e00e6b5ee5379b08b/der-lautsprecher_original.jpg",
    "link": "http://der-lautsprecher.de"
  },
  "duration": "01:24:15",
  "chapters": [
    {
      "start": "00:00:00.000",
      "title": "Vorstellung"
    },
    {
      "start": "00:02:52.652",
      "title": "Erfahrungen mit Podcasting"
    },
    {
      "start": "00:12:35.193",
      "title": "Experimente mit neuen Formaten"
    },
    {
      "start": "00:20:10.464",
      "title": "Radiojournalismus"
    },
    {
      "start": "00:27:29.629",
      "title": "Kommunikation, CMS und Feedback"
    },
    {
      "start": "00:41:56.092",
      "title": "Der Sender"
    }
  ],
  "audio": [
    {
      "url": "https://tracking.feedpress.it/link/12319/1327926/ls015-der-sender-bin-ich.mp3",
      "mimeType": "audio/mpeg",
      "size": 50610825,
      "title": "Audio MP4"
    }
  ],
  "reference": {
    "share": "//podlove-player.surge.sh/share",
    "config": "//podlove-player.surge.sh/fixtures/70f5de71.json",
    "origin": "http://der-lautsprecher.de/ls015-der-sender-bin-ich"
  },
  "theme": {
    "main": "rgb(116,185,248)"
  }
}
