{
  "title": "LNP199 Tod oder Internet",
  "subtitle": "LNP200 — BNG-Gesetz — BND im NSA-UA — UK-Überwachung illegal — EuGH zu IP-Adressen — Julio Assanchez ohne Netz — Mirai-botnet — EU-Copyright — Computer für Schulen - Abmahn-Abzocke — 33C3",
  "summary": "Heute ist Logbuch:Netzpolitik seit 5 Jahren auf Sendung. Wir bedanken uns bei unseren Hörer:innen für die aktive und kritische Begleitung über diese lange Zeit und wir hoffen, viele von Euch nächste Woche bei der 200. Sendung im ehemaligen Stummfilmkino Delphi in Berlin begrüßen zu können. Da wir jetzt aus organisatorischen Gründen schon seit drei Wochen keine Sendung mehr veröffentlicht hatten gibt es heute noch mal ein umfangreiches Paket mit Nachrichten der letzten Zeit. Gute Nachrichten sind natürlich wie immer Mangelware.",
  "publicationDate": "2016-10-28T15:40:19.000Z",
  "show": {
    "title": "Logbuch:Netzpolitik",
    "subtitle": "Einblicke und Ausblicke in das netzpolitische Geschehen",
    "summary": "Logbuch:Netzpolitik ist ein in der Regel wöchentlich erscheinender Podcast, der im Dialog zwischen Linus Neumann und Tim Pritlove die wichtigsten Themen und Ereignisse mit netzpolitischem Bezug aufgreift und diskutiert.",
    "poster": "http://logbuch-netzpolitik.de/wp-content/cache/podlove/92/de7e775cef6431203e4666e628294b/logbuchnetzpolitik_original.jpg",
    "url": "http://logbuch-netzpolitik.de"
  },
  "duration": "02:04:27",
  "chapters": [
    {
      "start": "00:00:00.000",
      "title": "Intro"
    },
    {
      "start": "00:00:32.592",
      "title": "Prolog"
    },
    {
      "start": "00:00:56.184",
      "title": "LNP Zweihundert"
    },
    {
      "start": "00:07:09.011",
      "title": "BND-Gesetz beschlossen"
    },
    {
      "start": "00:23:12.104",
      "title": "BND im NSA-UA"
    },
    {
      "start": "00:26:50.702",
      "title": "Bundesregierung verweigert NSA-UA Informationen zu Vorwürfen gegen Snowden"
    },
    {
      "start": "00:33:22.044",
      "title": "UK-Überwachung illegal"
    },
    {
      "start": "00:36:48.957",
      "title": "EUGH zu IP-Adressen"
    },
    {
      "start": "00:54:04.209",
      "title": "Julio Assanchez ohne Netz"
    },
    {
      "start": "01:06:15.627",
      "title": "Mirai-botnet"
    },
    {
      "start": "01:28:39.688",
      "title": "EU-Copyright"
    },
    {
      "start": "01:44:08.225",
      "title": "Hexenwerk: Schulen mit Computer und WLAN ausstatten?"
    },
    {
      "start": "01:59:30.111",
      "title": "Gesetz gegen Abmahn-Abzocke ist unwirksam"
    },
    {
      "start": "02:02:32.287",
      "title": "Epilog"
    }
  ],
  "audio": [
    "https://tracking.feedpress.it/link/13476/4709753/lnp199-tod-oder-internet.m4a"
  ],
  "theme": {
    "primary": "#F279B0"
  },
  "reference": {
    "share": "//podlove-player.surge.sh/share",
    "config": "//podlove-player.surge.sh/fixtures/715557de.json"
  }
}
