{
  "title": "NSFW055 Troll Comfort",
  "subtitle": "",
  "summary": "Die Hitze drückt und unsere Hirne schmolzen. Nicht ganz einfach bei so einem Wetter noch einen klaren Gedanken zu fassen. Also haben wir es auch erst gar nicht versucht.",
  "publicationDate": "2012-08-20T14:34:05.000Z",
  "link": "http://not-safe-for-work.de/nsfw055-troll-comfort/",
  "show": {
    "title": "Not Safe For Work",
    "subtitle": "Die Internationale Unterhaltungsgala mit Tim Pritlove und Holger Klein",
    "summary": "NSFW ist unkonventionell, unregelmäßig, unsinnig und ungemein unanständig. Garantiert mindestens zwei Worte pro Sendung, die man nicht auf der Arbeit sagen sollte. NSFW sollte nicht zu ernst genommen werden und selbstverständlich als Richtlinie aller Eurer künftigen Handlungen gelten.",
    "poster": "http://not-safe-for-work.de/wp-content/cache/podlove/0f/63751ecd7feba0789d91d4f9a45191/not-safe-for-work_original.jpg",
    "link": "http://not-safe-for-work.de"
  },
  "duration": "02:50:43",
  "chapters": [
    {
      "start": "00:00:00.000",
      "title": "Intro"
    },
    {
      "start": "00:09:10.000",
      "title": "Begrüßung"
    },
    {
      "start": "00:28:10.000",
      "title": "Popkultur"
    },
    {
      "start": "00:47:30.000",
      "title": "Intermission"
    },
    {
      "start": "00:50:10.000",
      "title": "Olympia-Rückblick"
    },
    {
      "start": "01:06:45.000",
      "title": "Twitter vs. App.net"
    },
    {
      "start": "01:51:50.000",
      "title": "Geschenke auspacken"
    },
    {
      "start": "02:15:00.000",
      "title": "Fahrradfahren und das Marsauto"
    },
    {
      "start": "02:33:40.000",
      "title": "Abschied 1"
    },
    {
      "start": "02:43:30.000",
      "title": "Abschied 2"
    },
    {
      "start": "02:47:34.000",
      "title": "Outro"
    }
  ],
  "audio": [
    {
      "url": "https://tracking.feedpress.it/link/13444/1886720/nsfw055-troll-comfort.m4a",
      "mimeType": "audio/mp4",
      "size": 63929378,
      "title": "Audio MP4"
    }
  ],
  "reference": {
    "share": "//podlove-player.surge.sh/share",
    "config": "//podlove-player.surge.sh/fixtures/71bea59e.json",
    "origin": "http://not-safe-for-work.de/nsfw055-troll-comfort/"
  },
  "theme": {
    "main": "rgb(242,156,148)"
  }
}
