{
  "title": "LNP207 Pressebrecher",
  "subtitle": "Chelsea Manning — Trump — Höcke — Botnetze",
  "summary": "In einer recht langen und vor allem recht nachdenklichen Folge eröffnen wir die Sendung mit einer Auseinandersetzung mit unserem Projekt selbst - was wir wollen, wo wir uns sehen und welche Grundhaltung wir für  unseren Podcast (und für die aktuelle Zeit) für angemessen halten. Danach müssen wir uns dem Unausweichlichen stellen und reflektieren das ganze Trump-Drama, das sich in den USA jetzt langsam abspielt. Zum Schluß blicken wir auf vergleichbare Tendenzen in Deutschland. Damit wir unseren eigentlichen Schwerpunkt noch halbwegs gerecht werden, blicken wir noch kurz auf ein paar Nachrichten über Botnetze.",
  "publicationDate": "2017-01-25T00:42:34.000Z",
  "link": "http://logbuch-netzpolitik.de/lnp207-pressebrecher",
  "show": {
    "title": "Logbuch:Netzpolitik",
    "subtitle": "Einblicke und Ausblicke in das netzpolitische Geschehen",
    "summary": "Logbuch:Netzpolitik ist ein in der Regel wöchentlich erscheinender Podcast, der im Dialog zwischen Linus Neumann und Tim Pritlove die wichtigsten Themen und Ereignisse mit netzpolitischem Bezug aufgreift und diskutiert.",
    "poster": "http://logbuch-netzpolitik.de/wp-content/cache/podlove/92/de7e775cef6431203e4666e628294b/logbuchnetzpolitik_original.jpg",
    "link": "http://logbuch-netzpolitik.de"
  },
  "duration": "02:26:49",
  "chapters": [
    {
      "start": "00:00:00.000",
      "title": "Intro"
    },
    {
      "start": "00:00:40.234",
      "title": "Prolog"
    },
    {
      "start": "00:01:53.190",
      "title": "LNP Supporter Shirts"
    },
    {
      "start": "00:04:46.442",
      "title": "Über Logbuch:Netzpolitik"
    },
    {
      "start": "00:44:52.039",
      "title": "Chelsea Manning"
    },
    {
      "start": "00:58:57.108",
      "title": "Trump: Inauguration"
    },
    {
      "start": "01:23:56.394",
      "title": "Trump: Erste Maßnahmen"
    },
    {
      "start": "01:31:43.989",
      "title": "Trump: Cyber"
    },
    {
      "start": "01:33:46.574",
      "title": "Trump: Netzneutralität"
    },
    {
      "start": "01:43:47.901",
      "title": "Women's March on Washington"
    },
    {
      "start": "01:49:36.804",
      "title": "Höcke und die neuen Nazis"
    },
    {
      "start": "02:12:33.755",
      "title": "Bot-Studie"
    },
    {
      "start": "02:13:46.564",
      "title": "Mirai Botnet"
    },
    {
      "start": "02:18:03.135",
      "title": "Epilog"
    },
    {
      "start": "02:23:25.078",
      "title": "Bonus Track"
    }
  ],
  "audio": [
    {
      "url": "https://tracking.feedpress.it/link/13476/5202004/lnp207-pressebrecher.m4a",
      "mimeType": "audio/mp4",
      "size": 54932322,
      "title": "Audio MP4"
    }
  ],
  "reference": {
    "share": "//podlove-player.surge.sh/share",
    "config": "//podlove-player.surge.sh/fixtures/71f10c9.json",
    "origin": "http://logbuch-netzpolitik.de/lnp207-pressebrecher"
  },
  "theme": {
    "main": "rgb(218,207,164)"
  }
}
