{
  "title": "FS181 Und ich hab selten Hals",
  "subtitle": "Telefonnetze — Messenger — Mac Onboarding — macOS Sierra — I/O Ports — ApplePay — Blitzschutz — iOS 10 — iTunes Match — Brexit",
  "summary": "Für unsere heutige Sendung haben wir uns Tobias Engel eingeladen, der seit Äonen die Telefonnetze erforscht und jüngst auf dem Chaos Communication Congress das \"Sicherheitsmodell\" des Telefonnetz-Protokolls SS7 zerlegt und für viel Aufruhr gesorgt hat. Wir reden über die aktuellen Trends in dem Bereich und über seine Erfahrungen als relativ neuer OSX-Nutzer. Im weiteren lassen wir noch mal die I/O-Port-Diskussion aufflammen und sprechen über ApplePay und seinen Nutzen.",
  "publicationDate": "2016-07-13T23:31:53.000Z",
  "link": "http://freakshow.fm/fs181-und-ich-hab-selten-hals",
  "show": {
    "title": "Freak Show",
    "subtitle": "Menschen! Technik! Sensationen!",
    "summary": "Die muntere Talk Show um Leben mit Technik, das Netz und Technikkultur. Bisweilen Apple-lastig aber selten einseitig. Wir leben und lieben Technologie und reden darüber. Mit Tim, hukl, roddi, Clemens und Denis. Freak Show hieß irgendwann mal mobileMacs.",
    "poster": "http://freakshow.fm/wp-content/cache/podlove/04/662a9d4edcf77ea2abe3c74681f509/freak-show_original.jpg",
    "link": "http://freakshow.fm"
  },
  "duration": "03:29:00",
  "chapters": [
    {
      "start": "00:00:00.214",
      "title": "Intro"
    },
    {
      "start": "00:01:44.965",
      "title": "Begrüßung"
    },
    {
      "start": "00:06:19.524",
      "title": "Tobias Engel"
    },
    {
      "start": "00:09:12.810",
      "title": "Telefonnetze"
    },
    {
      "start": "01:06:02.945",
      "title": "Messenger"
    },
    {
      "start": "01:21:54.844",
      "title": "Mac Onboarding"
    },
    {
      "start": "01:35:03.553",
      "title": "macOS Sierra"
    },
    {
      "start": "01:42:34.704",
      "title": "APFS"
    },
    {
      "start": "01:45:06.316",
      "title": "I/O Port Death Chart"
    },
    {
      "start": "02:04:11.437",
      "title": "Ethernet"
    },
    {
      "start": "02:08:08.204",
      "title": "Apple Pay"
    },
    {
      "start": "02:44:39.937",
      "title": "Blitzschutz"
    },
    {
      "start": "02:54:16.109",
      "title": "Schwächen des MacBook Pros"
    },
    {
      "start": "03:01:18.882",
      "title": "iOS 10 Device Support"
    },
    {
      "start": "03:07:51.300",
      "title": "Bitcoin Halving Party"
    },
    {
      "start": "03:10:20.310",
      "title": "iTunes Match"
    },
    {
      "start": "03:16:36.986",
      "title": "Brexit"
    }
  ],
  "audio": [
    {
      "url": "https://tracking.feedpress.it/link/13453/3869520/fs181-und-ich-hab-selten-hals.m4a",
      "mimeType": "audio/mp4",
      "size": 80513602,
      "title": "Audio MP4"
    }
  ],
  "reference": {
    "share": "//podlove-player.surge.sh/share",
    "config": "//podlove-player.surge.sh/fixtures/7262864d.json",
    "origin": "http://freakshow.fm/fs181-und-ich-hab-selten-hals"
  },
  "theme": {
    "main": "rgb(251,237,186)"
  }
}
