{
  "title": "FS177 Talk nerdy to me",
  "subtitle": "Bitcoin Economy — Nokia — Tastaturen — Google IO — Server — Damen und Herren — Towel Day — Kopfhörer — Das Geständnis — Dateisysteme — Star Wars",
  "summary": "Eine Sendung ohne hukl und Clemens, dafür begrüßen wir wieder einmal Letty in unserer Runde. Ein Internet-Mem bringt Star Wars wieder auf den Thementisch und auch der heutige Towel Day muss diskutiert werden. Wir quatschen ein wenig über Googles neueste Ankündigungen und Tim legt ein Geständnis ab.",
  "publicationDate": "2016-05-26T00:37:55.000Z",
  "link": "http://freakshow.fm/fs177-talk-nerdy-to-me",
  "show": {
    "title": "Freak Show",
    "subtitle": "Menschen! Technik! Sensationen!",
    "summary": "Die muntere Talk Show um Leben mit Technik, das Netz und Technikkultur. Bisweilen Apple-lastig aber selten einseitig. Wir leben und lieben Technologie und reden darüber. Mit Tim, hukl, roddi, Clemens und Denis. Freak Show hieß irgendwann mal mobileMacs.",
    "poster": "http://freakshow.fm/wp-content/cache/podlove/04/662a9d4edcf77ea2abe3c74681f509/freak-show_original.jpg",
    "link": "http://freakshow.fm"
  },
  "duration": "04:00:20",
  "chapters": [
    {
      "start": "00:00:00.000",
      "title": "Intro"
    },
    {
      "start": "00:01:29.361",
      "title": "Begrüßung"
    },
    {
      "start": "00:04:20.160",
      "title": "iPhone Dock"
    },
    {
      "start": "00:09:48.036",
      "title": "Satoshi Nakamoto"
    },
    {
      "start": "00:12:42.606",
      "title": "291 Bitcoin Transaktionsgebühr"
    },
    {
      "start": "00:19:25.358",
      "title": "Blockchain Business"
    },
    {
      "start": "00:23:25.013",
      "title": "Nokia und Blackberry"
    },
    {
      "start": "00:30:04.482",
      "title": "Blockchain Business 2"
    },
    {
      "start": "00:32:26.073",
      "title": "Telefon-Tastaturen"
    },
    {
      "start": "00:44:43.215",
      "title": "Google Home"
    },
    {
      "start": "00:51:33.944",
      "title": "Google Allo"
    },
    {
      "start": "01:05:37.862",
      "title": "Instant Apps"
    },
    {
      "start": "01:13:27.243",
      "title": "Das N-Wort"
    },
    {
      "start": "01:15:01.284",
      "title": "Java"
    },
    {
      "start": "01:17:56.686",
      "title": "Neuer Metaebene Server"
    },
    {
      "start": "01:42:22.218",
      "title": "Warum Mädchen nicht programmieren können"
    },
    {
      "start": "02:09:20.652",
      "title": "Towel Day"
    },
    {
      "start": "02:25:53.334",
      "title": "UNSUBSCRIBE in Wien"
    },
    {
      "start": "02:29:21.020",
      "title": "Kopfhörer"
    },
    {
      "start": "02:46:22.212",
      "title": "Das Geständnis"
    },
    {
      "start": "02:56:26.457",
      "title": "MacBook Pro Gerüchteküche"
    },
    {
      "start": "03:17:16.142",
      "title": "Freak Show Termine"
    },
    {
      "start": "03:21:32.676",
      "title": "Movpak"
    },
    {
      "start": "03:26:41.401",
      "title": "TimeCapsule Backups"
    },
    {
      "start": "03:31:45.078",
      "title": "ZFS Encryption"
    },
    {
      "start": "03:35:13.358",
      "title": "Dropbox und BitTorrent Sync"
    },
    {
      "start": "03:40:56.014",
      "title": "Star Wars"
    },
    {
      "start": "03:54:01.892",
      "title": "Suchmaschinen"
    },
    {
      "start": "03:57:12.313",
      "title": "Ausklang"
    }
  ],
  "audio": [
    {
      "url": "https://tracking.feedpress.it/link/13453/3441719/fs177-talk-nerdy-to-me.m4a",
      "mimeType": "audio/mp4",
      "size": 92146608,
      "title": "Audio MP4"
    }
  ],
  "reference": {
    "share": "//podlove-player.surge.sh/share",
    "config": "//podlove-player.surge.sh/fixtures/7398db64.json",
    "origin": "http://freakshow.fm/fs177-talk-nerdy-to-me"
  },
  "theme": {
    "main": "rgb(251,237,186)"
  }
}
