{
  "title": "FS163 Mentale Menopause",
  "subtitle": "Sensorik — Jelly Splash — Ads und Content Blocker — Electronic Payment — Neue Macs und Apple TV — Falträder — Tesla — Podcasts und Overcast — Voice over LTE",
  "summary": "Nach einer Weile kommt das ganze Team mal wieder zusammen und wir schaffen es mal wieder aus dem Nichts Themen für einen Vier-Stunden-Spaß zusammenzutragen. Von CO2-Sensoren über Geigerzähler, Content Blocker, Macs, Falträder, Elektroautos und Podcasting Apps ist, wie wir denken, mal wieder etwas für jeden dabei. Wir wünschen beste Unterhaltung.",
  "publicationDate": "2015-10-15T11:18:09.000Z",
  "show": {
    "title": "Freak Show",
    "subtitle": "Menschen! Technik! Sensationen!",
    "summary": "Die muntere Talk Show um Leben mit Technik, das Netz und Technikkultur. Bisweilen Apple-lastig aber selten einseitig. Wir leben und lieben Technologie und reden darüber. Mit Tim, hukl, roddi, Clemens und Denis. Freak Show hieß irgendwann mal mobileMacs.",
    "poster": "http://freakshow.fm/wp-content/cache/podlove/04/662a9d4edcf77ea2abe3c74681f509/freak-show_original.jpg",
    "url": "http://freakshow.fm"
  },
  "duration": "04:06:41",
  "chapters": [
    {
      "start": "00:00:00.000",
      "title": "Intro"
    },
    {
      "start": "00:01:00.214",
      "title": "Begrüßung"
    },
    {
      "start": "00:10:49.760",
      "title": "Sensorik"
    },
    {
      "start": "00:36:12.050",
      "title": "Jelly Splash"
    },
    {
      "start": "00:47:59.425",
      "title": "Ads und Content Blocker"
    },
    {
      "start": "01:04:07.761",
      "title": "Electronic Payment"
    },
    {
      "start": "01:36:13.416",
      "title": "Macs"
    },
    {
      "start": "01:59:50.485",
      "title": "Neue Peripherie für Macs"
    },
    {
      "start": "02:14:03.778",
      "title": "Pimp my Mac"
    },
    {
      "start": "02:23:45.264",
      "title": "Neues Apple TV"
    },
    {
      "start": "02:39:59.939",
      "title": "Faltrad Birdy"
    },
    {
      "start": "03:04:42.991",
      "title": "Tesla-Testfahrt"
    },
    {
      "start": "03:43:10.891",
      "title": "Podcasts und Overcast"
    },
    {
      "start": "03:57:49.194",
      "title": "Voice over LTE"
    },
    {
      "start": "04:01:25.218",
      "title": "Outro"
    },
    {
      "start": "04:03:12.670",
      "title": "Bonus Track"
    }
  ],
  "audio": [
    "https://tracking.feedpress.it/link/13453/1887552/fs163-mentale-menopause.m4a"
  ],
  "theme": {
    "primary": "#79C0F2"
  },
  "reference": {
    "share": "//podlove-player.surge.sh/share",
    "config": "//podlove-player.surge.sh/fixtures/74e5db85.json"
  }
}
