{
  "title": "LNP225 Dringende Bitte",
  "subtitle": "Ein Logbuch Spezial zu den Nachwehen des G20-Gipfels in Hamburg",
  "summary": "Sowohl Linus als auch Tim haben den G20-Gipfel in Hamburg nur aus der Ferne verfolgen können und daher sprechen wir mit John F. Nebel, der in dieser Woche vor Ort war und seine zahlreichen Eindrücke schildert. Die ausufernde Polizeigewalt und das politische Nachbeben lässt uns in Sorge über den weiteren Weg der Demokratie in Deutschland.",
  "publicationDate": "2017-07-10T15:28:24.000Z",
  "link": "http://logbuch-netzpolitik.de/lnp225-dringende-bitte",
  "show": {
    "title": "Logbuch:Netzpolitik",
    "subtitle": "Einblicke und Ausblicke in das netzpolitische Geschehen",
    "summary": "Logbuch:Netzpolitik ist ein in der Regel wöchentlich erscheinender Podcast, der im Dialog zwischen Linus Neumann und Tim Pritlove die wichtigsten Themen und Ereignisse mit netzpolitischem Bezug aufgreift und diskutiert.",
    "poster": "http://logbuch-netzpolitik.de/wp-content/cache/podlove/92/de7e775cef6431203e4666e628294b/logbuchnetzpolitik_original.jpg",
    "link": "http://logbuch-netzpolitik.de"
  },
  "duration": "02:28:35",
  "chapters": [
    {
      "start": "00:00:00.000",
      "title": "Intro"
    },
    {
      "start": "00:00:30.240",
      "title": "Prolog"
    },
    {
      "start": "00:01:58.435",
      "title": "VDS außer Kraft gesetzt"
    },
    {
      "start": "00:03:46.441",
      "title": "Staatstrojaner passiert Bundesrat"
    },
    {
      "start": "00:05:31.488",
      "title": "Türkei nimmt Menschenrechtsaktivisten gefangen"
    },
    {
      "start": "00:12:43.659",
      "title": "G20: Gipfelkunde"
    },
    {
      "start": "00:18:39.849",
      "title": "G20: Standort Hamburg"
    },
    {
      "start": "00:24:41.513",
      "title": "G20: Dudde und die Hamburger Linie"
    },
    {
      "start": "00:32:22.938",
      "title": "G20: Pfefferspray"
    },
    {
      "start": "00:35:50.805",
      "title": "G20: Protestcamps"
    },
    {
      "start": "00:42:29.714",
      "title": "G20: Vielfältige Protestformen"
    },
    {
      "start": "00:50:10.596",
      "title": "G20: Welcome to Hell"
    },
    {
      "start": "01:13:08.545",
      "title": "G20: Blockadestrategien"
    },
    {
      "start": "01:20:32.554",
      "title": "G20: Gewaltanwendung der Polizei"
    },
    {
      "start": "01:29:03.926",
      "title": "G20: Verpasste Chancen"
    },
    {
      "start": "01:38:40.086",
      "title": "G20: Elbphilharmonie und Schanzenviertel"
    },
    {
      "start": "01:52:50.745",
      "title": "G20: Großdemo am Samstag"
    },
    {
      "start": "02:00:37.888",
      "title": "G20: Übergriffe auf Journalisten"
    },
    {
      "start": "02:13:47.745",
      "title": "G20: Politischer Fallout"
    },
    {
      "start": "02:25:25.262",
      "title": "Termine"
    },
    {
      "start": "02:26:57.177",
      "title": "Epilog"
    }
  ],
  "audio": [
    {
      "url": "https://tracking.feedpress.it/link/13476/6195784/lnp225-dringende-bitte.m4a",
      "mimeType": "audio/mp4",
      "size": 55590200,
      "title": "Audio MP4"
    }
  ],
  "reference": {
    "share": "//podlove-player.surge.sh/share",
    "config": "//podlove-player.surge.sh/fixtures/75eaba10.json",
    "origin": "http://logbuch-netzpolitik.de/lnp225-dringende-bitte"
  },
  "theme": {
    "main": "rgb(218,207,164)"
  }
}
