{
  "title": "FS185 Haltbares Wasser",
  "subtitle": "LNP200 — SUBSCRIBE 8 — Jobsuche — Exploding Phones — WLAN in Zügen — FreeBSD 11 — Ethernet — iOS 10 — CA Fuckups — Flughäfen",
  "summary": "Nach langer Zeit ist Clemens mal wieder da und die alte Stammcrew beisammen. Nur Letty turnt gerade in anderen Ländern herum. Zu Beginn klären wir zunächst mal die Sache mit der Aussprache in bestem Denglisch und kullern ansonsten durch die Themen wie sie uns auf die Füße fallen. Also alles wie immer.",
  "publicationDate": "2016-10-20T19:59:54.000Z",
  "link": "http://freakshow.fm/fs185-haltbares-wasser",
  "show": {
    "title": "Freak Show",
    "subtitle": "Menschen! Technik! Sensationen!",
    "summary": "Die muntere Talk Show um Leben mit Technik, das Netz und Technikkultur. Bisweilen Apple-lastig aber selten einseitig. Wir leben und lieben Technologie und reden darüber. Mit Tim, hukl, roddi, Clemens und Denis. Freak Show hieß irgendwann mal mobileMacs.",
    "poster": "http://freakshow.fm/wp-content/cache/podlove/04/662a9d4edcf77ea2abe3c74681f509/freak-show_original.jpg",
    "link": "http://freakshow.fm"
  },
  "duration": "04:05:39",
  "chapters": [
    {
      "start": "00:00:00.000",
      "title": "Intro"
    },
    {
      "start": "00:01:11.054",
      "title": "Aussprache"
    },
    {
      "start": "00:08:26.988",
      "title": "Logbuch:Netzpolitik Zweihundert"
    },
    {
      "start": "00:13:14.670",
      "title": "Clemens auf Reisen"
    },
    {
      "start": "00:14:35.895",
      "title": "SUBSCRIBE 8"
    },
    {
      "start": "00:28:03.164",
      "title": "hukls Jobsuche"
    },
    {
      "start": "00:41:34.414",
      "title": "ESA"
    },
    {
      "start": "00:46:17.144",
      "title": "Exploding Phones"
    },
    {
      "start": "00:56:57.768",
      "title": "WLAN in Zügen und Flughäfen"
    },
    {
      "start": "01:14:42.525",
      "title": "WLAN Call und Datentarife"
    },
    {
      "start": "01:32:01.899",
      "title": "App Store Politics"
    },
    {
      "start": "02:20:16.049",
      "title": "FreeBSD goes to 11"
    },
    {
      "start": "02:27:10.328",
      "title": "Ethernet ist geil"
    },
    {
      "start": "02:41:48.273",
      "title": "CallKit"
    },
    {
      "start": "02:50:14.499",
      "title": "GlobalSign Fuckup und OCSP"
    },
    {
      "start": "03:12:20.767",
      "title": "Raketentechnik"
    },
    {
      "start": "03:27:12.383",
      "title": "Braumeister"
    },
    {
      "start": "03:33:04.585",
      "title": "Elektroautoträume"
    },
    {
      "start": "03:47:01.643",
      "title": "Community iX"
    },
    {
      "start": "03:52:04.088",
      "title": "ISDN-Datencalls via VoIP"
    },
    {
      "start": "03:55:04.872",
      "title": "Flughäfen in Deutschland"
    },
    {
      "start": "03:59:02.339",
      "title": "Wissenswertes über Schweden"
    },
    {
      "start": "04:03:11.456",
      "title": "Ausklang"
    }
  ],
  "audio": [
    {
      "url": "https://tracking.feedpress.it/link/13453/4671005/fs185-haltbares-wasser.m4a",
      "mimeType": "audio/mp4",
      "size": 91241124,
      "title": "Audio MP4"
    }
  ],
  "reference": {
    "share": "//podlove-player.surge.sh/share",
    "config": "//podlove-player.surge.sh/fixtures/76decd5b.json",
    "origin": "http://freakshow.fm/fs185-haltbares-wasser"
  },
  "theme": {
    "main": "rgb(251,237,186)"
  }
}
