{
  "title": "FS178 Make the MacBook Pro pro again",
  "subtitle": "Lieferdienste — MacBook Pro und Mac Pro Ausblicke — Farben für Farbenblinde — Taschenrechner — Ultraschall 2.2 und Studio Link — SIP",
  "summary": "Heute gibt es aus Zeitgründen eine leicht kürzere Sendung und mangels nennenswerter Themenwetterlage ein wenig Gestocher im Gerüchtekochtopf. Ultraschall 2.0 mit seiner Integration zu Studio Link ist auch Thema. Dazu ein wenig Klimbim und Tamtam und wie auch immer.",
  "publicationDate": "2016-06-09T08:15:39.000Z",
  "link": "http://freakshow.fm/fs178-make-the-macbook-pro-pro-again",
  "show": {
    "title": "Freak Show",
    "subtitle": "Menschen! Technik! Sensationen!",
    "summary": "Die muntere Talk Show um Leben mit Technik, das Netz und Technikkultur. Bisweilen Apple-lastig aber selten einseitig. Wir leben und lieben Technologie und reden darüber. Mit Tim, hukl, roddi, Clemens und Denis. Freak Show hieß irgendwann mal mobileMacs.",
    "poster": "http://freakshow.fm/wp-content/cache/podlove/04/662a9d4edcf77ea2abe3c74681f509/freak-show_original.jpg",
    "link": "http://freakshow.fm"
  },
  "duration": "02:45:38",
  "chapters": [
    {
      "start": "00:00:00.000",
      "title": "Intro"
    },
    {
      "start": "00:01:44.982",
      "title": "Begrüßung"
    },
    {
      "start": "00:05:16.885",
      "title": "Lieferdienste"
    },
    {
      "start": "00:09:21.518",
      "title": "CO2-neutrales Live-Podcasting"
    },
    {
      "start": "00:18:26.868",
      "title": "MacBook Pro Ausblick"
    },
    {
      "start": "00:54:14.452",
      "title": "Mac Pro"
    },
    {
      "start": "01:01:50.176",
      "title": "Audio-Performance via Thunderbolt"
    },
    {
      "start": "01:06:23.417",
      "title": "Mac Pro Teil 2"
    },
    {
      "start": "01:13:54.616",
      "title": "Kleine Danksagung"
    },
    {
      "start": "01:14:48.777",
      "title": "Farben für Farbenblinde"
    },
    {
      "start": "01:23:04.053",
      "title": "Podcasts für Blinde"
    },
    {
      "start": "01:25:44.874",
      "title": "Ultraschall 2.2 und Studio Link"
    },
    {
      "start": "01:55:00.735",
      "title": "Groundwire SIP Client für iOS"
    },
    {
      "start": "02:01:26.732",
      "title": "Grußwort"
    },
    {
      "start": "02:02:58.885",
      "title": "Taschenrechner"
    },
    {
      "start": "02:07:56.554",
      "title": "Kraftwerk"
    },
    {
      "start": "02:14:57.673",
      "title": "App und Akku Size"
    },
    {
      "start": "02:21:39.405",
      "title": "Tabs vs. Spaces vs. vim vs. emacs"
    },
    {
      "start": "02:29:00.938",
      "title": "Shining 360"
    },
    {
      "start": "02:34:06.538",
      "title": "Bluetooth Gear"
    },
    {
      "start": "02:36:42.064",
      "title": "IPv6"
    }
  ],
  "audio": [
    {
      "url": "https://tracking.feedpress.it/link/13453/3564658/fs178-make-the-macbook-pro-pro-again.m4a",
      "mimeType": "audio/mp4",
      "size": 64407762,
      "title": "Audio MP4"
    }
  ],
  "reference": {
    "share": "//podlove-player.surge.sh/share",
    "config": "//podlove-player.surge.sh/fixtures/77b2afb3.json",
    "origin": "http://freakshow.fm/fs178-make-the-macbook-pro-pro-again"
  },
  "theme": {
    "main": "rgb(251,237,186)"
  }
}
