{
  "title": "CRE186 Astropeiler",
  "subtitle": "Hobbyastronomie mit alter Hochtechnologie",
  "summary": "Mit der Zeit wird einstige Hochtechnologie schnell zum \"alten Eisen\", doch nicht immer ist dieses Eisen unbrauchbar. Mit ein wenig Aufwand lässt sich auch ein Bote einer vergangenen Technikära reaktivieren und für private Forschung nutzen.\n\nSo ist es geschehen mit dem \"Astropeiler\", einem ausgedienten Radioteleskop, dass von einem Förderverein wieder auf Vordermann gebracht und wieder in Betrieb genommen wurde. Trotz einiger technischen Limitierungen lässt sich das Gerät mit Einschränkung auch heute noch für die astronomische Forschung nutzen und dient vor allem interessierten Astrohackern als überdimensionales Spielgerät zum Austesten von Algorithmen, Verfahren und selbstgebauter Technik.\n\nIm Gespräch mit Tim Pritlove erläutert Jürgen Starek vom Verein Astropeiler Stockert e.V. wie es zu diesem ungewöhnlichen Vorhaben kam, welche technischen und organisatorischen Herausforderungen die Instandsetzung und die Wiederinbetriebnahme des Radioteleskops mit sich gebracht haben.\n\nThemen: Bau und Zweck des Astropeilers; Stillegung und Wiederinbetriebnahme; Gründung des Fördervereins; Beschränkungen im empfangbaren Frequenzband durch die Bauausführung; Beoabachtung neutralen Wasserstoffs durch Auswertung der Spektrallinien; wie man nachweist, dass die Milchstraße eine Spiralgalaxie ist; mögliche Experimente mit dem Astropeiler; Neutrinos und der Mond; Neubau der Steuerelektronik; neue Messtechnik; Störeinflüsse und Signalstärke; das Handy auf dem Mond; Verarbeitung und Auswertung der Signale; Detektion von Pulsaren; der Verein als Hackerspace; Steuerachsen der Teleskope; Beobachtung der Sonne; Amaterufunk mit 10m Teleskop; den Mond als Reflektor nutzen; warum der Mond nach Vollmond am wärmsten ist; Anforderungen an die Antennen zur Nutzung als Satelliten-Bodenstation; Mithilfe vor Ort.",
  "publicationDate": "2011-12-22T03:08:38.000Z",
  "poster": "http://cre.fm/wp-content/cache/podlove/1f/2bfc8fc0e13ea3ca33c468e1440b72/cre186-astropeiler_original.jpg",
  "link": "http://cre.fm/cre186-astropeiler",
  "show": {
    "title": "CRE: Technik, Kultur, Gesellschaft",
    "subtitle": "Der Interview-Podcast mit Tim Pritlove",
    "summary": "Intensive und ausführliche Gespräche über Themen aus Technik, Kultur und Gesellschaft, das ist CRE. Interessante Gesprächspartner stehen Rede und Antwort zu Fragen, die man normalerweise selten gestellt bekommt. CRE möchte  aufklären, weiterbilden und unterhalten.",
    "poster": "http://cre.fm/wp-content/cache/podlove/6b/8074d85b886d8dedb4945715694ba7/cre-technik-kultur-gesellschaft_original.jpg",
    "link": "http://cre.fm"
  },
  "duration": "01:50:29",
  "chapters": [],
  "audio": [
    {
      "url": "https://tracking.feedpress.it/link/13440/1885508/cre186-astropeiler.m4a",
      "mimeType": "audio/mp4",
      "size": 41429400,
      "title": "Audio MP4"
    }
  ],
  "reference": {
    "share": "//podlove-player.surge.sh/share",
    "config": "//podlove-player.surge.sh/fixtures/78fd50d2.json",
    "origin": "http://cre.fm/cre186-astropeiler"
  },
  "theme": {
    "main": "rgb(180,204,221)"
  }
}
