{
  "title": "CRE169 Bluetooth",
  "subtitle": "Ein Blick in Struktur und Sicherheit des Bluetooth Protocol Stacks",
  "summary": "Bluetooth ist eine dieser Technologien, die so weitverbreitet sind, dass man sie schon fast nicht mehr wahrnimmt. Im Gespräch mit Tim Pritlove erklärt Martin Herfurt Hintergrund, Entwicklung, Technologie und Struktur des Bluetooth Standards.\n\nThemen: Bluetooth War Driving; Frühe Sicherheitslücken; Bluetooth Kommunikationsrollen; Pairing und Verschlüsselung; Voreingestellte PINs und dynamischer Schlüsselaustausch; Piconets und Personal Area Networks; Bluetooth Communication Walkthrough; Autokonfiguration; Geräteklassen; Kabelose Sprachinjektion auf der Autobahn; Pairing mit Geräten ohne Display; Pairing von Tastaturen; Bluetooth Profile; Denial of Service und andere Probleme; Internet via Bluetooth; Implementierungen des Bluetooth Protocol Stack; Bluetooth 3.0 und die Koexistenz mit WLAN; ungewöhnliche Bluetooth-Geräte; Bluetooth in Embedded Devices.",
  "publicationDate": "2010-10-25T23:30:00.000Z",
  "poster": "http://cre.fm/wp-content/cache/podlove/61/91fd234251bf0f6d9d964ac26b64fa/cre169-bluetooth_original.jpg",
  "link": "http://cre.fm/cre169-bluetooth",
  "show": {
    "title": "CRE: Technik, Kultur, Gesellschaft",
    "subtitle": "Der Interview-Podcast mit Tim Pritlove",
    "summary": "Intensive und ausführliche Gespräche über Themen aus Technik, Kultur und Gesellschaft, das ist CRE. Interessante Gesprächspartner stehen Rede und Antwort zu Fragen, die man normalerweise selten gestellt bekommt. CRE möchte  aufklären, weiterbilden und unterhalten.",
    "poster": "http://cre.fm/wp-content/cache/podlove/6b/8074d85b886d8dedb4945715694ba7/cre-technik-kultur-gesellschaft_original.jpg",
    "link": "http://cre.fm"
  },
  "duration": "01:59:10",
  "chapters": [],
  "audio": [
    {
      "url": "https://tracking.feedpress.it/link/13440/1885667/cre169-bluetooth.m4a",
      "mimeType": "audio/mp4",
      "size": 44636548,
      "title": "Audio MP4"
    }
  ],
  "reference": {
    "share": "//podlove-player.surge.sh/share",
    "config": "//podlove-player.surge.sh/fixtures/79299c99.json",
    "origin": "http://cre.fm/cre169-bluetooth"
  },
  "theme": {
    "main": "rgb(180,204,220)"
  }
}
