{
  "title": "NSFW090 Vegane Gürtelschließe",
  "subtitle": "Die letzte Sendung",
  "summary": "Nach fünf Jahren kontinuierlicher Bespaßung des Podcast-Äthers geht das Projekt Not Safe For Work zu Ende. Wir verabschieden uns mit einer Sendung voll von Hörerpost, die wir nicht unter den Tisch fallen lassen wollten, auch wenn es dann doch viel Raum in dieser Folge einnimmt. Aber die Hörerinnen und Hörer waren uns immer das Wichtigste in diesem Projekt, denn der Zuspruch und die Unterstützung, die wir über diese lange Zeit erfahren haben, ehrt uns sehr. Es wird also nun keine weitere Internationale Unterhaltungsgala in der bekannten Form mehr geben und wir schaffen damit Raum, damit auch wieder mal etwas Neues entstehen kann. Denn nichts ist schlimmer als immer nur die ausgetretenen Pfade zu verfolgen. Wir bedanken uns für Eure Aufmerksamkeit!",
  "publicationDate": "2014-07-28T15:27:10.000Z",
  "link": "http://not-safe-for-work.de/nsfw090-vegane-guertelschliesse/",
  "show": {
    "title": "Not Safe For Work",
    "subtitle": "Die Internationale Unterhaltungsgala mit Tim Pritlove und Holger Klein",
    "summary": "NSFW ist unkonventionell, unregelmäßig, unsinnig und ungemein unanständig. Garantiert mindestens zwei Worte pro Sendung, die man nicht auf der Arbeit sagen sollte. NSFW sollte nicht zu ernst genommen werden und selbstverständlich als Richtlinie aller Eurer künftigen Handlungen gelten.",
    "poster": "http://not-safe-for-work.de/wp-content/cache/podlove/0f/63751ecd7feba0789d91d4f9a45191/not-safe-for-work_original.jpg",
    "link": "http://not-safe-for-work.de"
  },
  "duration": "03:16:03",
  "chapters": [
    {
      "start": "00:00:00.000",
      "title": "Intro"
    },
    {
      "start": "00:03:09.000",
      "title": "Begrüßung"
    },
    {
      "start": "00:19:42.000",
      "title": "Advertisment at its best"
    },
    {
      "start": "01:11:40.000",
      "title": "Hörerpost/Podkarten"
    },
    {
      "start": "03:14:17.000",
      "title": "Outro"
    }
  ],
  "audio": [
    {
      "url": "https://tracking.feedpress.it/link/13444/1886548/nsfw090-vegane-guertelschliesse.m4a",
      "mimeType": "audio/mp4",
      "size": 73732709,
      "title": "Audio MP4"
    }
  ],
  "reference": {
    "share": "//podlove-player.surge.sh/share",
    "config": "//podlove-player.surge.sh/fixtures/792a2a18.json",
    "origin": "http://not-safe-for-work.de/nsfw090-vegane-guertelschliesse/"
  },
  "theme": {
    "main": "rgb(242,156,148)"
  }
}
