{
  "title": "NSFW047 Dein Blog ist braun",
  "subtitle": "",
  "summary": "",
  "publicationDate": "2012-03-21T18:53:17.000Z",
  "show": {
    "title": "Not Safe For Work",
    "subtitle": "Die Internationale Unterhaltungsgala mit Tim Pritlove und Holger Klein",
    "summary": "NSFW ist unkonventionell, unregelmäßig, unsinnig und ungemein unanständig. Garantiert mindestens zwei Worte pro Sendung, die man nicht auf der Arbeit sagen sollte. NSFW sollte nicht zu ernst genommen werden und selbstverständlich als Richtlinie aller Eurer künftigen Handlungen gelten.",
    "poster": "http://not-safe-for-work.de/wp-content/cache/podlove/0f/63751ecd7feba0789d91d4f9a45191/not-safe-for-work_original.jpg",
    "url": "http://not-safe-for-work.de"
  },
  "duration": "02:57:56",
  "chapters": [],
  "audio": [
    "http://tracking.feedpress.it/link/13444/1886728/nsfw047-dein-blog-ist-braun.m4a"
  ],
  "theme": {
    "primary": "#79F2DC"
  },
  "reference": {
    "share": "//podlove-player.surge.sh/share",
    "config": "//podlove-player.surge.sh/fixtures/79a6db1e.json"
  }
}
