{
  "title": "NSFW058 Prolozän",
  "subtitle": "",
  "summary": "Wir streiten uns ob wir Grönemeyer oder Westernhagen toller fanden und zeigen uns fortgesetzt unüberzeugt von unwissenschaftlichem Klimbim. Holgi erzählt von seinem unerholsamen Urlaub und Tim blickt auf seine anstehende Reise. Dazwischen blicken wir ein zweites Mal kurz auf das Gangnam-Style-Phänomen und debattieren über anstehende Zeitalter. Also alles in allem eine ganz normale Folge. Bitte weitergehen. Es gibt nichts zu sehen.",
  "publicationDate": "2012-10-24T21:05:53.000Z",
  "link": "http://not-safe-for-work.de/nsfw058-prolozaen/",
  "show": {
    "title": "Not Safe For Work",
    "subtitle": "Die Internationale Unterhaltungsgala mit Tim Pritlove und Holger Klein",
    "summary": "NSFW ist unkonventionell, unregelmäßig, unsinnig und ungemein unanständig. Garantiert mindestens zwei Worte pro Sendung, die man nicht auf der Arbeit sagen sollte. NSFW sollte nicht zu ernst genommen werden und selbstverständlich als Richtlinie aller Eurer künftigen Handlungen gelten.",
    "poster": "http://not-safe-for-work.de/wp-content/cache/podlove/0f/63751ecd7feba0789d91d4f9a45191/not-safe-for-work_original.jpg",
    "link": "http://not-safe-for-work.de"
  },
  "duration": "03:17:20",
  "chapters": [
    {
      "start": "00:00:00.000",
      "title": "Intro"
    },
    {
      "start": "00:04:00.000",
      "title": "Grönemeyer und die Mondverschwörung"
    },
    {
      "start": "00:35:00.000",
      "title": "Holgis Urlaub in Italien"
    },
    {
      "start": "00:41:45.000",
      "title": "Tim fliegt nach Bogotá"
    },
    {
      "start": "00:50:05.000",
      "title": "Memes, Videos und WLAN-Hotspots"
    },
    {
      "start": "01:11:10.000",
      "title": "Zeitalter und Höhensprünge"
    },
    {
      "start": "01:56:44.000",
      "title": "Pause"
    },
    {
      "start": "01:59:10.000",
      "title": "Holgis Italien-Urlaub (Fortsetzung)"
    },
    {
      "start": "02:07:35.000",
      "title": "Flattr, App.net und Fotografie"
    },
    {
      "start": "02:37:30.000",
      "title": "Geschenke"
    },
    {
      "start": "03:00:00.000",
      "title": "Audiokram"
    }
  ],
  "audio": [
    {
      "url": "https://tracking.feedpress.it/link/13444/1886717/nsfw058-prolozaen.m4a",
      "mimeType": "audio/mp4",
      "size": 73888203,
      "title": "Audio MP4"
    }
  ],
  "reference": {
    "share": "//podlove-player.surge.sh/share",
    "config": "//podlove-player.surge.sh/fixtures/7a6f36ca.json",
    "origin": "http://not-safe-for-work.de/nsfw058-prolozaen/"
  },
  "theme": {
    "main": "rgb(242,156,148)"
  }
}
