{
  "title": "CRE154 Digital Audio",
  "subtitle": "Warum die Darstellung von Klängen und Geräuschen in Nullen und Einsen nicht so einfach ist",
  "summary": "Die Digitalisierung von Klängen und Geräuschen ist ein komplexes Thema, was jeder, der sich mal damit beschäftigt hat, bestätigen kann. Im Gespräch mit Tim Pritlove erläutert Daniel Mack die zahlreichen Probleme und Stolperfallen bei der Überführung von Musik und Sprache in diskrete Werte.\n\nThemen: wie Klang digital dargestellt wird; wie man Audio digitalisiert und welche Rolle die Lautstärke dabei spielt; Samplingfreuqenzen; Karajan und die CD; der Klang von Live- und aufgezeichneter Musik; AD-DA-Wandlung; moderne Wandlungsverfahren; die Rolle des Rauschens; das Problem mit der Zeit; digitale Audio-Schnittstellen; Audioübertragung über Ethernet, USB und FireWire; Computer-Audio-Subsysteme der Betriebssysteme.",
  "publicationDate": "2010-05-11T20:45:00.000Z",
  "poster": "http://cre.fm/wp-content/cache/podlove/ce/e10b53c82b3cd9283e14d85ec0d304/cre154-digital-audio_original.jpg",
  "link": "http://cre.fm/cre154-digital-audio",
  "show": {
    "title": "CRE: Technik, Kultur, Gesellschaft",
    "subtitle": "Der Interview-Podcast mit Tim Pritlove",
    "summary": "Intensive und ausführliche Gespräche über Themen aus Technik, Kultur und Gesellschaft, das ist CRE. Interessante Gesprächspartner stehen Rede und Antwort zu Fragen, die man normalerweise selten gestellt bekommt. CRE möchte  aufklären, weiterbilden und unterhalten.",
    "poster": "http://cre.fm/wp-content/cache/podlove/6b/8074d85b886d8dedb4945715694ba7/cre-technik-kultur-gesellschaft_original.jpg",
    "link": "http://cre.fm"
  },
  "duration": "02:34:14",
  "chapters": [],
  "audio": [
    {
      "url": "https://tracking.feedpress.it/link/13440/1885682/cre154-digital-audio.m4a",
      "mimeType": "audio/mp4",
      "size": 57741963,
      "title": "Audio MP4"
    }
  ],
  "reference": {
    "share": "//podlove-player.surge.sh/share",
    "config": "//podlove-player.surge.sh/fixtures/7ad5dfed.json",
    "origin": "http://cre.fm/cre154-digital-audio"
  },
  "theme": {
    "main": "rgb(140,168,204)"
  }
}
