{
  "title": "FS170 Laden läuft",
  "subtitle": "Bitcoin — Wikipedia-Relevanz — Mobile Soundsysteme — 80er HiFi-Kram — Videotext — Untertitel — Star Wars — iPhone — Telekom Kundencenter",
  "summary": "Eine Sendung in kleinerer Besetzung: Tim, Roddi und Denis sind an Bord. Und wir haben eigentlich keine Themen. Also reden wir über den angekündigten Untergang von Bitcoin, die Relevanzkriterien der Wikipedia, Bluetooth-Speaker und alte HiFi-Geräte und bringen auch noch mal einen Nachtrag zur Star Wars Diskussion der letzten Sendung. Und dann loggen wir uns in das Kundencenter der Telekom ein und haben Spaß. Wir hoffen ihr auch.",
  "publicationDate": "2016-01-28T01:18:03.000Z",
  "show": {
    "title": "Freak Show",
    "subtitle": "Menschen! Technik! Sensationen!",
    "summary": "Die muntere Talk Show um Leben mit Technik, das Netz und Technikkultur. Bisweilen Apple-lastig aber selten einseitig. Wir leben und lieben Technologie und reden darüber. Mit Tim, hukl, roddi, Clemens und Denis. Freak Show hieß irgendwann mal mobileMacs.",
    "poster": "http://freakshow.fm/wp-content/cache/podlove/04/662a9d4edcf77ea2abe3c74681f509/freak-show_original.jpg",
    "url": "http://freakshow.fm"
  },
  "duration": "03:28:02",
  "chapters": [
    {
      "start": "00:00:00.000",
      "title": "Intro"
    },
    {
      "start": "00:01:40.037",
      "title": "Begrüßung"
    },
    {
      "start": "00:05:56.056",
      "title": "Bitcoin Trouble"
    },
    {
      "start": "00:39:34.932",
      "title": "Wikipedia-Relevanz"
    },
    {
      "start": "01:15:37.112",
      "title": "Mobile Soundsysteme"
    },
    {
      "start": "01:31:56.970",
      "title": "HiFi-Kram in den 80ern"
    },
    {
      "start": "01:54:40.534",
      "title": "Videotext-Archäologie"
    },
    {
      "start": "02:04:15.824",
      "title": "Untertitel"
    },
    {
      "start": "02:07:11.142",
      "title": "Star Wars"
    },
    {
      "start": "02:24:10.748",
      "title": "Troll Bridge"
    },
    {
      "start": "02:29:05.577",
      "title": "iPhone 5s und Apple Store"
    },
    {
      "start": "02:41:58.307",
      "title": "iPhone 5se"
    },
    {
      "start": "02:46:12.111",
      "title": "iOS 9.3"
    },
    {
      "start": "02:58:15.293",
      "title": "Telekom Kundencenter"
    },
    {
      "start": "03:21:23.905",
      "title": "Ausklang"
    },
    {
      "start": "03:24:54.236",
      "title": "Bonus Track"
    }
  ],
  "audio": [
    "https://tracking.feedpress.it/link/13453/2442894/fs170-laden-laeuft.m4a"
  ],
  "theme": {
    "primary": "#79B2F2"
  },
  "reference": {
    "share": "//podlove-player.surge.sh/share",
    "config": "//podlove-player.surge.sh/fixtures/7eb51f6b.json"
  }
}
