{
  "title": "NSFW094 Porno-Starksinn aus der Hölle",
  "subtitle": "Live vom 32. Chaos Communication Congress in Hamburg",
  "summary": "Nach gerade mal einer Studiosendung lockt uns schon wieder eine Chaos-Veranstaltung auf die Bühne: auf dem 32. Chaos Communication Congress finden wir uns auf der Bühne des Sendezentrums vor einem Live-Publikum wieder.",
  "publicationDate": "2016-01-05T14:02:42.000Z",
  "link": "http://not-safe-for-work.de/nsfw094-porno-starksinn-aus-der-hoelle/",
  "show": {
    "title": "Not Safe For Work",
    "subtitle": "Die Internationale Unterhaltungsgala mit Tim Pritlove und Holger Klein",
    "summary": "NSFW ist unkonventionell, unregelmäßig, unsinnig und ungemein unanständig. Garantiert mindestens zwei Worte pro Sendung, die man nicht auf der Arbeit sagen sollte. NSFW sollte nicht zu ernst genommen werden und selbstverständlich als Richtlinie aller Eurer künftigen Handlungen gelten.",
    "poster": "http://not-safe-for-work.de/wp-content/cache/podlove/0f/63751ecd7feba0789d91d4f9a45191/not-safe-for-work_original.jpg",
    "link": "http://not-safe-for-work.de"
  },
  "duration": "01:20:27",
  "chapters": [
    {
      "start": "00:00:00.000",
      "title": "Intro"
    },
    {
      "start": "00:03:15.954",
      "title": "Begrüßung"
    },
    {
      "start": "00:05:37.221",
      "title": "Struktur und Ordnung"
    },
    {
      "start": "00:07:41.354",
      "title": "Scherzmücke"
    },
    {
      "start": "00:11:08.454",
      "title": "Rohrpost 1"
    },
    {
      "start": "00:14:18.971",
      "title": "32C3"
    },
    {
      "start": "00:16:10.254",
      "title": "Technogetränke"
    },
    {
      "start": "00:20:41.214",
      "title": "Politik"
    },
    {
      "start": "00:24:54.731",
      "title": "Der Prediger"
    },
    {
      "start": "00:32:13.815",
      "title": "Deutschland ist gar nicht so scheiße"
    },
    {
      "start": "00:37:36.510",
      "title": "Ein Lied für Berlin"
    },
    {
      "start": "00:40:44.458",
      "title": "Rohrpost 2"
    },
    {
      "start": "00:45:15.214",
      "title": "Der Router"
    },
    {
      "start": "00:49:28.232",
      "title": "Der große Umschlag"
    },
    {
      "start": "00:51:28.195",
      "title": "Pornoheftchen"
    },
    {
      "start": "00:55:29.619",
      "title": "Der kleine Umschlag"
    },
    {
      "start": "00:59:16.320",
      "title": "Mehr beruflicher und privater Erfolg"
    },
    {
      "start": "01:01:39.278",
      "title": "Jägerlatein"
    },
    {
      "start": "01:04:34.219",
      "title": "Preaching to the converted"
    },
    {
      "start": "01:10:02.459",
      "title": "Ausklang"
    },
    {
      "start": "01:14:54.366",
      "title": "Outro"
    }
  ],
  "audio": [
    {
      "url": "https://tracking.feedpress.it/link/13444/2288332/nsfw094-porno-starksinn-aus-der-hoelle.m4a",
      "mimeType": "audio/mp4",
      "size": 30281603,
      "title": "Audio MP4"
    }
  ],
  "reference": {
    "share": "//podlove-player.surge.sh/share",
    "config": "//podlove-player.surge.sh/fixtures/7f3a563f.json",
    "origin": "http://not-safe-for-work.de/nsfw094-porno-starksinn-aus-der-hoelle/"
  },
  "theme": {
    "main": "rgb(242,156,148)"
  }
}
