{
  "title": "CRE213 Brot",
  "subtitle": "Über die Geschichte und das Wesen des Brotbackens",
  "summary": "Das Brot war einer der Schlüssel zur Entwicklung des Menschen zur dominanten Spezies auf diesem Planeten und bis heute ist es ein unverzichtbares Grundnahrungsmittel. Doch wie mit vielen grundlegenden Dingen geht das Wissen und Handwerk rund um diese Kulturtechnik langsam verloren bzw. wird sie durch industrielle Trends verzerrt. Ich spreche mit Lutz Geißler, der sich selbst das Brot backen als Hobby erarbeitet und mittlerweile zu seinem Beruf gemacht hat über das Wesen des Brots, die Herstellung von Sauer- und Hefeteigen und was alles dazugehört, ein rundum vollwertiges Brot herzustellen.",
  "publicationDate": "2016-11-19T01:09:57.000Z",
  "poster": "http://cre.fm/wp-content/cache/podlove/d4/066b2fd809eb200edb814ce4c99011/cre213-brot_original.jpg",
  "link": "http://cre.fm/cre213-brot",
  "show": {
    "title": "CRE: Technik, Kultur, Gesellschaft",
    "subtitle": "Der Interview-Podcast mit Tim Pritlove",
    "summary": "Intensive und ausführliche Gespräche über Themen aus Technik, Kultur und Gesellschaft, das ist CRE. Interessante Gesprächspartner stehen Rede und Antwort zu Fragen, die man normalerweise selten gestellt bekommt. CRE möchte  aufklären, weiterbilden und unterhalten.",
    "poster": "http://cre.fm/wp-content/cache/podlove/6b/8074d85b886d8dedb4945715694ba7/cre-technik-kultur-gesellschaft_original.jpg",
    "link": "http://cre.fm"
  },
  "duration": "02:55:53",
  "chapters": [
    {
      "start": "00:00:00.000",
      "title": "Intro"
    },
    {
      "start": "00:01:46.541",
      "title": "Vorstellung"
    },
    {
      "start": "00:08:23.853",
      "title": "Hintergrund"
    },
    {
      "start": "00:11:06.391",
      "title": "Plötzblog"
    },
    {
      "start": "00:19:01.773",
      "title": "Die Erfindung von Brot"
    },
    {
      "start": "00:23:25.822",
      "title": "Sauerteig"
    },
    {
      "start": "00:33:24.436",
      "title": "Hefeteige"
    },
    {
      "start": "00:45:33.453",
      "title": "Zusammenfassung Sauerteig vs. Backhefen"
    },
    {
      "start": "00:50:37.709",
      "title": "Das Getreide"
    },
    {
      "start": "01:05:24.022",
      "title": "Vollkorn"
    },
    {
      "start": "01:08:03.405",
      "title": "Mehle"
    },
    {
      "start": "01:18:46.156",
      "title": "Welches Mehl für welchen Teig?"
    },
    {
      "start": "01:21:12.365",
      "title": "Gluten"
    },
    {
      "start": "01:27:59.885",
      "title": "Sauerteig ansetzen"
    },
    {
      "start": "01:51:10.254",
      "title": "Brotteig erstellen und backen"
    },
    {
      "start": "02:05:02.750",
      "title": "Brotsorten"
    },
    {
      "start": "02:10:14.829",
      "title": "Brotrezepturen"
    },
    {
      "start": "02:17:46.403",
      "title": "Brotqualität und Frischhaltung"
    },
    {
      "start": "02:31:58.922",
      "title": "Homebaking"
    },
    {
      "start": "02:40:39.980",
      "title": "Zukunft des Bäckereihandwerks"
    },
    {
      "start": "02:54:34.914",
      "title": "Ausklang"
    }
  ],
  "audio": [
    {
      "url": "https://tracking.feedpress.it/link/13440/4816854/cre213-brot.m4a",
      "mimeType": "audio/mp4",
      "size": 66939590,
      "title": "Audio MP4"
    }
  ],
  "reference": {
    "share": "//podlove-player.surge.sh/share",
    "config": "//podlove-player.surge.sh/fixtures/7ff8290a.json",
    "origin": "http://cre.fm/cre213-brot"
  }
}
