{
  "title": "LNP200 Aus Mitlike",
  "subtitle": "Live-Mitschnitt der großen Jubiläumsgala in Berlin",
  "summary": "Nun ist es also so weit: die zweihunderste Sendung stand an und wir trafen uns mit 400 Hörerinnen und Hörern des Formats und zahlreichen illustren wie interessanten Gästen in Berlin im ehemaligen Stummfilmkino Delphi in Berlin.",
  "publicationDate": "2016-11-14T01:03:54.000Z",
  "show": {
    "title": "Logbuch:Netzpolitik",
    "subtitle": "Einblicke und Ausblicke in das netzpolitische Geschehen",
    "summary": "Logbuch:Netzpolitik ist ein in der Regel wöchentlich erscheinender Podcast, der im Dialog zwischen Linus Neumann und Tim Pritlove die wichtigsten Themen und Ereignisse mit netzpolitischem Bezug aufgreift und diskutiert.",
    "poster": "http://logbuch-netzpolitik.de/wp-content/cache/podlove/92/de7e775cef6431203e4666e628294b/logbuchnetzpolitik_original.jpg",
    "url": "http://logbuch-netzpolitik.de"
  },
  "duration": "02:05:36",
  "chapters": [
    {
      "start": "00:00:00.000",
      "title": "Intro"
    },
    {
      "start": "00:01:20.710",
      "title": "Encore"
    },
    {
      "start": "00:02:20.564",
      "title": "Prolog"
    },
    {
      "start": "00:05:34.673",
      "title": "Rayk Anders"
    },
    {
      "start": "00:29:14.160",
      "title": "Maria Reimer"
    },
    {
      "start": "00:48:36.800",
      "title": "Intermezzo"
    },
    {
      "start": "00:49:42.121",
      "title": "Judith Horchert"
    },
    {
      "start": "01:15:42.992",
      "title": "Intermezzo"
    },
    {
      "start": "01:17:20.700",
      "title": "Anke und Daniel Domscheit-Berg"
    },
    {
      "start": "01:53:26.725",
      "title": "Intermezzo"
    },
    {
      "start": "01:56:36.846",
      "title": "Das Schlüsselwort"
    },
    {
      "start": "01:58:52.273",
      "title": "Epilog"
    },
    {
      "start": "02:04:42.415",
      "title": "Moll"
    }
  ],
  "audio": [
    "https://tracking.feedpress.it/link/13476/4787373/lnp200-aus-mitlike.m4a"
  ],
  "theme": {
    "primary": "#CEF279"
  },
  "reference": {
    "share": "//podlove-player.surge.sh/share",
    "config": "//podlove-player.surge.sh/fixtures/810dd599.json"
  }
}
