{
  "title": "NSFW056 Regensburg ist überall",
  "subtitle": "",
  "summary": "Holgi hat nichts erlebt und Tim nur schlechte Veranstaltungen besucht. Die besten Voraussetzungen für eine Unterhaltsgala, die ihren eigenen Schatten jagt. Dafür ist sie auch nicht so lang. Bitte weitergehen! Hier gibt es nichts zu sehen! Und schon gar nicht zu hören! Lauft! Lauft! LAUFT!!!",
  "publicationDate": "2012-09-03T14:48:42.000Z",
  "link": "http://not-safe-for-work.de/nsfw056-regensburg-ist-ueberall/",
  "show": {
    "title": "Not Safe For Work",
    "subtitle": "Die Internationale Unterhaltungsgala mit Tim Pritlove und Holger Klein",
    "summary": "NSFW ist unkonventionell, unregelmäßig, unsinnig und ungemein unanständig. Garantiert mindestens zwei Worte pro Sendung, die man nicht auf der Arbeit sagen sollte. NSFW sollte nicht zu ernst genommen werden und selbstverständlich als Richtlinie aller Eurer künftigen Handlungen gelten.",
    "poster": "http://not-safe-for-work.de/wp-content/cache/podlove/0f/63751ecd7feba0789d91d4f9a45191/not-safe-for-work_original.jpg",
    "link": "http://not-safe-for-work.de"
  },
  "duration": "02:37:20",
  "chapters": [
    {
      "start": "00:00:00.000",
      "title": "Intro"
    },
    {
      "start": "00:04:30.000",
      "title": "Begrüßung: Pakete Statt Themen"
    },
    {
      "start": "00:12:00.000",
      "title": "Campus Party Berlin"
    },
    {
      "start": "00:27:50.000",
      "title": "Social Networking/Twitter"
    },
    {
      "start": "00:52:00.000",
      "title": "Raumfahrt"
    },
    {
      "start": "01:00:20.000",
      "title": "Geschenke"
    },
    {
      "start": "01:15:55.000",
      "title": "Geschenke 2"
    },
    {
      "start": "01:23:00.000",
      "title": "IFA"
    },
    {
      "start": "01:35:30.000",
      "title": "Leistungsschutzrecht"
    },
    {
      "start": "01:41:30.000",
      "title": "Hörertreffen in Regensburg und München"
    },
    {
      "start": "01:43:30.000",
      "title": "Geschenke 3"
    },
    {
      "start": "01:47:30.000",
      "title": "Diverses"
    },
    {
      "start": "02:03:20.000",
      "title": "Solarstrom"
    },
    {
      "start": "02:11:30.000",
      "title": "Reisen"
    },
    {
      "start": "02:17:00.000",
      "title": "Kulturunterschiede in Berlin und München"
    },
    {
      "start": "02:31:25.000",
      "title": "Outro"
    }
  ],
  "audio": [
    {
      "url": "https://tracking.feedpress.it/link/13444/1886719/nsfw056-regensburg-ist-ueberall.m4a",
      "mimeType": "audio/mp4",
      "size": 59187774,
      "title": "Audio MP4"
    }
  ],
  "reference": {
    "share": "//podlove-player.surge.sh/share",
    "config": "//podlove-player.surge.sh/fixtures/81e4d6.json",
    "origin": "http://not-safe-for-work.de/nsfw056-regensburg-ist-ueberall/"
  },
  "theme": {
    "main": "rgb(242,156,148)"
  }
}
