{
  "title": "CRE201 Höhlenforschung",
  "subtitle": "Über Entdeckung und Schutz der letzten unbekannten Orte der Welt",
  "summary": "Es gibt nur noch wenige weiße Flecke auf dieser Erde, die noch nie ein Mensch zuvor betreten hat - und diese liegen unter der Erde. Viele Regionen der Welt sind geologisch günstig für die Entstehung von Höhlengebieten und eine kleine Gemeinde von Menschen kümmert sich um die Entdeckung aber auch den Schutz dieser Geotope: die Höhlenforscher.\n\nObwohl bereits eine Vielzahl von Höhlen bekannt sind, ermöglichen es neue Technologien, dass auch bisher versteckte Untergrundsituationen aufgespürt werden können. Auch Fortschritte in der Abseil- und Lichttechnik trugen zum Fortschritt bei doch ist am Ende des Tages das Höhlenforscher-Geschäft auch sehr untechnologisch und im wahrsten Sinne des Wortes erdverbunden.\n\nIm Gespräch mit Tim Pritlove berichtet Doobee von Höhlen, Höhlenforschung und welchen Wert dieses Hobby für ihn persönlich und vor allem für die Wissenschaft und Gesellschaft darstellt.",
  "publicationDate": "2013-03-13T12:28:41.000Z",
  "poster": "http://cre.fm/wp-content/cache/podlove/8b/ecc3eb0ef31f4bc651b27bdd104968/cre201-hoehlenforschung_original.jpg",
  "link": "http://cre.fm/cre201-hoehlenforschung",
  "show": {
    "title": "CRE: Technik, Kultur, Gesellschaft",
    "subtitle": "Der Interview-Podcast mit Tim Pritlove",
    "summary": "Intensive und ausführliche Gespräche über Themen aus Technik, Kultur und Gesellschaft, das ist CRE. Interessante Gesprächspartner stehen Rede und Antwort zu Fragen, die man normalerweise selten gestellt bekommt. CRE möchte  aufklären, weiterbilden und unterhalten.",
    "poster": "http://cre.fm/wp-content/cache/podlove/6b/8074d85b886d8dedb4945715694ba7/cre-technik-kultur-gesellschaft_original.jpg",
    "link": "http://cre.fm"
  },
  "duration": "02:40:19",
  "chapters": [
    {
      "start": "00:00:00.000",
      "title": "Intro"
    },
    {
      "start": "00:01:21.276",
      "title": "Vorstellung"
    },
    {
      "start": "00:08:43.057",
      "title": "Ein neues Hobby"
    },
    {
      "start": "00:18:42.484",
      "title": "Schutz der Geotope"
    },
    {
      "start": "00:27:23.005",
      "title": "Höhlen entdecken"
    },
    {
      "start": "00:32:28.177",
      "title": "Eine neue Höhle"
    },
    {
      "start": "00:44:18.089",
      "title": "Antrieb und Motivation"
    },
    {
      "start": "00:51:13.854",
      "title": "Entstehung der Höhlen"
    },
    {
      "start": "00:56:45.130",
      "title": "In der Höhle"
    },
    {
      "start": "01:07:06.583",
      "title": "Technik und Ausrüstung"
    },
    {
      "start": "01:19:11.401",
      "title": "Vermessung und Dokumentation"
    },
    {
      "start": "01:35:27.969",
      "title": "Höhlenroboter"
    },
    {
      "start": "01:37:39.344",
      "title": "Bewegen in der Höhle"
    },
    {
      "start": "01:49:46.594",
      "title": "Körperliche Belastung"
    },
    {
      "start": "01:53:49.594",
      "title": "Klettern lernen"
    },
    {
      "start": "01:59:24.078",
      "title": "Nazis und DDR und die Höhlen"
    },
    {
      "start": "02:03:09.453",
      "title": "Behörden, Recht, Geheimhaltung und Höhlenschutz"
    },
    {
      "start": "02:24:01.578",
      "title": "Eigentumsfragen"
    },
    {
      "start": "02:29:28.578",
      "title": "Wissen erhalten"
    },
    {
      "start": "02:35:09.328",
      "title": "Selbst forschen"
    }
  ],
  "audio": [
    {
      "url": "https://tracking.feedpress.it/link/13440/1885493/cre201-hoehlenforschung.m4a",
      "mimeType": "audio/mp4",
      "size": 60167966,
      "title": "Audio MP4"
    }
  ],
  "reference": {
    "share": "//podlove-player.surge.sh/share",
    "config": "//podlove-player.surge.sh/fixtures/84ae636c.json",
    "origin": "http://cre.fm/cre201-hoehlenforschung"
  }
}
