{
  "title": "LNP210 Netzpolitische Südkurve",
  "subtitle": "Feedback — NSA-UA — BND-Satellitenüberwachung — Wahlsoftware — Trojaner-Regulierung — IP-Speicherung — CETA — Prototype Fund",
  "summary": "Am Tag der letzten Sitzung des NSA-Untersuchungsausschusses kommen wir zusammen und sprechen über Eindrücke bei den letzten Sitzungen. Wir schauen außerdem auf Pläne des BND zur Überwachung von Inmarsat, räudige Software für Wahlen, eine Blaupause für eine Trojaner-Regulierung, CETA und anderes.",
  "publicationDate": "2017-02-16T19:32:20.000Z",
  "link": "http://logbuch-netzpolitik.de/lnp210-netzpolitische-suedkurve",
  "show": {
    "title": "Logbuch:Netzpolitik",
    "subtitle": "Einblicke und Ausblicke in das netzpolitische Geschehen",
    "summary": "Logbuch:Netzpolitik ist ein in der Regel wöchentlich erscheinender Podcast, der im Dialog zwischen Linus Neumann und Tim Pritlove die wichtigsten Themen und Ereignisse mit netzpolitischem Bezug aufgreift und diskutiert.",
    "poster": "http://logbuch-netzpolitik.de/wp-content/cache/podlove/92/de7e775cef6431203e4666e628294b/logbuchnetzpolitik_original.jpg",
    "link": "http://logbuch-netzpolitik.de"
  },
  "duration": "01:33:18",
  "chapters": [
    {
      "start": "00:00:00.000",
      "title": "Intro"
    },
    {
      "start": "00:00:58.890",
      "title": "Prolog"
    },
    {
      "start": "00:01:22.789",
      "title": "Feedback: Trump-Psychologie"
    },
    {
      "start": "00:10:44.846",
      "title": "Feedback: Quellen-Sperrungen in Facebook"
    },
    {
      "start": "00:16:52.814",
      "title": "NSA-UA"
    },
    {
      "start": "00:40:14.567",
      "title": "BND Satellitenüberwachung"
    },
    {
      "start": "00:47:00.746",
      "title": "Wahlsoftware-Spende an CCC erbeten"
    },
    {
      "start": "01:05:49.407",
      "title": "Italien: Vorschlag für Regulation von Staatstrojanern"
    },
    {
      "start": "01:22:33.263",
      "title": "BGH: IP-Adressenspeicherung"
    },
    {
      "start": "01:24:27.363",
      "title": "CETA beschlossen"
    },
    {
      "start": "01:25:19.813",
      "title": "Prototype Fund: nächste Runde"
    },
    {
      "start": "01:27:29.255",
      "title": "Epilog"
    }
  ],
  "audio": [
    {
      "url": "https://tracking.feedpress.it/link/13476/5328844/lnp210-netzpolitische-suedkurve.m4a",
      "mimeType": "audio/mp4",
      "size": 35016621,
      "title": "Audio MP4"
    }
  ],
  "reference": {
    "share": "//podlove-player.surge.sh/share",
    "config": "//podlove-player.surge.sh/fixtures/84d280f.json",
    "origin": "http://logbuch-netzpolitik.de/lnp210-netzpolitische-suedkurve"
  },
  "theme": {
    "main": "rgb(218,207,164)"
  }
}
