{
  "title": "LNP194 Nicht mal die Ausnahmen sind erlaubt",
  "subtitle": "Ein Logbuch:Netzpolitik Spezial zum BND-Prüfbericht der Bundesdatenschutzbeauftragten",
  "summary": "Da Linus immer noch viel unterwegs ist gibt es ein drittes Spezial hintereinander. Dieses Mal ist Andre Meister zu Gast und erläutert die Breaking News der letzten Woche: die Veröffentlichung der rechtlichen Prüfung der Bundesdatenschutzbeauftragten zum Sachstandsbericht der BND-Außenstelle in Bad Aibling. Dazu sprechen wir noch über die anstehende Gesetzesnovelle des BND-Gesetzes, die leider auch nicht viel bessere Laune macht.",
  "publicationDate": "2016-09-07T15:45:03.000Z",
  "show": {
    "title": "Logbuch:Netzpolitik",
    "subtitle": "Einblicke und Ausblicke in das netzpolitische Geschehen",
    "summary": "Logbuch:Netzpolitik ist ein in der Regel wöchentlich erscheinender Podcast, der im Dialog zwischen Linus Neumann und Tim Pritlove die wichtigsten Themen und Ereignisse mit netzpolitischem Bezug aufgreift und diskutiert.",
    "poster": "http://logbuch-netzpolitik.de/wp-content/cache/podlove/92/de7e775cef6431203e4666e628294b/logbuchnetzpolitik_original.jpg",
    "url": "http://logbuch-netzpolitik.de"
  },
  "duration": "01:23:41",
  "chapters": [
    {
      "start": "00:00:36.065",
      "title": "Prolog"
    },
    {
      "start": "00:03:32.266",
      "title": "BND-Prüfbericht der Bundesdatenschutzbeauftragten"
    },
    {
      "start": "00:51:47.412",
      "title": "Entwurf für ein neues BND-Gesetz"
    },
    {
      "start": "01:12:03.620",
      "title": "3. \"Das ist Netzpolitik!\"-Konferenz in Berlin"
    },
    {
      "start": "01:19:06.802",
      "title": "33C3 Call for Participation"
    },
    {
      "start": "01:22:01.781",
      "title": "Epilog"
    }
  ],
  "audio": [
    "https://tracking.feedpress.it/link/13476/4357915/lnp194-nicht-mal-die-ausnahmen-sind-erlaubt.m4a"
  ],
  "theme": {
    "primary": "#79F2C0"
  },
  "reference": {
    "share": "//podlove-player.surge.sh/share",
    "config": "//podlove-player.surge.sh/fixtures/85aa5bf4.json"
  }
}
