{
  "title": "FS184 Dringendes Klickbedürfnis",
  "subtitle": "Autos — Mars — Sport — zStandard — ZFS — Sierra — iOS 10 — KLF",
  "summary": "Eine etwas dünne Themenlage legt sich wie Mehltau auf die Sendung, die nicht nur etwas kürzer als sonst ausfällt sondern auch etwas schlapper als gewohnt. Da ist das Previously am Anfang irgendwie Programm geworden. Muss auch mal sein. Wir hoffen Ihr habt trotzdem Spaß mit der Runde ansonsten machen wir das später bestimmt wieder gut, wenn wir unsere geistigen Lymphtrainingshosen angezogen haben.",
  "publicationDate": "2016-09-29T08:41:08.000Z",
  "link": "http://freakshow.fm/fs184-dringendes-klickbeduerfnis",
  "show": {
    "title": "Freak Show",
    "subtitle": "Menschen! Technik! Sensationen!",
    "summary": "Die muntere Talk Show um Leben mit Technik, das Netz und Technikkultur. Bisweilen Apple-lastig aber selten einseitig. Wir leben und lieben Technologie und reden darüber. Mit Tim, hukl, roddi, Clemens und Denis. Freak Show hieß irgendwann mal mobileMacs.",
    "poster": "http://freakshow.fm/wp-content/cache/podlove/04/662a9d4edcf77ea2abe3c74681f509/freak-show_original.jpg",
    "link": "http://freakshow.fm"
  },
  "duration": "02:50:59",
  "chapters": [
    {
      "start": "00:00:00.000",
      "title": "Intro"
    },
    {
      "start": "00:02:30.389",
      "title": "Begrüßung"
    },
    {
      "start": "00:08:55.018",
      "title": "Autos"
    },
    {
      "start": "00:30:45.919",
      "title": "Mars"
    },
    {
      "start": "01:00:21.653",
      "title": "Sport"
    },
    {
      "start": "01:17:43.552",
      "title": "Noch mehr Sport"
    },
    {
      "start": "01:31:55.392",
      "title": "Datenkompression mit zStandard"
    },
    {
      "start": "01:45:10.012",
      "title": "Native Encryption mit ZFS"
    },
    {
      "start": "01:53:44.661",
      "title": "macOS Sierra"
    },
    {
      "start": "02:07:59.047",
      "title": "Garbage Collection No More"
    },
    {
      "start": "02:12:58.784",
      "title": "iOS 10"
    },
    {
      "start": "02:15:23.485",
      "title": "Wahlkram"
    },
    {
      "start": "02:16:24.458",
      "title": "Roddi ist jetzt Podcaster"
    },
    {
      "start": "02:19:25.504",
      "title": "Trauer um BlackBerry"
    },
    {
      "start": "02:21:44.371",
      "title": "iOS 10 Klagen"
    },
    {
      "start": "02:26:49.738",
      "title": "The KLF"
    },
    {
      "start": "02:38:49.504",
      "title": "Kleinkram"
    }
  ],
  "audio": [
    {
      "url": "https://tracking.feedpress.it/link/13453/4526790/fs184-dringendes-klickbeduerfnis.m4a",
      "mimeType": "audio/mp4",
      "size": 63512334,
      "title": "Audio MP4"
    }
  ],
  "reference": {
    "share": "//podlove-player.surge.sh/share",
    "config": "//podlove-player.surge.sh/fixtures/85de509b.json",
    "origin": "http://freakshow.fm/fs184-dringendes-klickbeduerfnis"
  },
  "theme": {
    "main": "rgb(251,237,186)"
  }
}
