{
  "title": "FS164 Die Sendung ohne Maus",
  "subtitle": "Podcast Feeds — Overcast — Flattr — Apps und Games für angehende Programmierer — Selbstgebaute CPU — Eingabegeräte — FreeBSD auf dem Mac — Let's Encrypt — Dystopische Dokus — BahnCard Kalkulation",
  "summary": "Clemens ist explodiert und muss erst mal wieder neu zusammengesetzt werden. Der Rest des Teams nimmt sich daher den wirklich spannenden Themen wie Podcasting, Apps und Games sowie modernen Eingabgegeräten an.",
  "publicationDate": "2015-10-29T01:25:51.000Z",
  "show": {
    "title": "Freak Show",
    "subtitle": "Menschen! Technik! Sensationen!",
    "summary": "Die muntere Talk Show um Leben mit Technik, das Netz und Technikkultur. Bisweilen Apple-lastig aber selten einseitig. Wir leben und lieben Technologie und reden darüber. Mit Tim, hukl, roddi, Clemens und Denis. Freak Show hieß irgendwann mal mobileMacs.",
    "poster": "http://freakshow.fm/wp-content/cache/podlove/04/662a9d4edcf77ea2abe3c74681f509/freak-show_original.jpg",
    "url": "http://freakshow.fm"
  },
  "duration": "03:49:46",
  "chapters": [
    {
      "start": "00:00:00.000",
      "title": "Intro"
    },
    {
      "start": "00:02:09.141",
      "title": "Begrüßung"
    },
    {
      "start": "00:05:06.811",
      "title": "Feedumstellung in der Metaebene"
    },
    {
      "start": "00:27:53.301",
      "title": "Google Podcasting"
    },
    {
      "start": "00:40:31.661",
      "title": "Overcast, Kapitelmarken und Flattr"
    },
    {
      "start": "00:59:51.679",
      "title": "Human Resource Machine"
    },
    {
      "start": "01:14:48.245",
      "title": "Lightbot"
    },
    {
      "start": "01:19:01.109",
      "title": "SpaceAge 2 CPU"
    },
    {
      "start": "01:37:50.752",
      "title": "SPL-T"
    },
    {
      "start": "01:52:57.560",
      "title": "Apple Pay"
    },
    {
      "start": "02:01:39.593",
      "title": "Apple Quartalszahlen"
    },
    {
      "start": "02:06:55.194",
      "title": "Tesla Nachtrag"
    },
    {
      "start": "02:08:55.707",
      "title": "Magic TrackPad 2"
    },
    {
      "start": "02:21:22.105",
      "title": "A1242"
    },
    {
      "start": "02:24:28.341",
      "title": "Apple TV"
    },
    {
      "start": "02:28:03.129",
      "title": "Pimp My Mac: FreeBSD"
    },
    {
      "start": "02:45:49.200",
      "title": "Ports used by OSX"
    },
    {
      "start": "02:53:23.418",
      "title": "Let's Encrypt"
    },
    {
      "start": "03:08:28.761",
      "title": "Zucker und Sand"
    },
    {
      "start": "03:14:57.670",
      "title": "hackertyper.net"
    },
    {
      "start": "03:19:39.233",
      "title": "hukl braucht Strom"
    },
    {
      "start": "03:26:21.008",
      "title": "BahnCard"
    },
    {
      "start": "03:45:12.370",
      "title": "Abschied"
    },
    {
      "start": "03:46:48.532",
      "title": "Bonus Track"
    }
  ],
  "audio": [
    "https://tracking.feedpress.it/link/13453/1949996/fs164-die-sendung-ohne-maus.m4a"
  ],
  "theme": {
    "primary": "#9B79F2"
  },
  "reference": {
    "share": "//podlove-player.surge.sh/share",
    "config": "//podlove-player.surge.sh/fixtures/863f966d.json"
  }
}
