{
  "title": "FS198 Er kennt den Admin",
  "subtitle": "re:publica 17 — 34C3 in Leipzig — Buchhaltung und Nerds — Zahlungsplattformen — Pretix — LTE — Feinstaubsensoren — HD Telefonie — MP3",
  "summary": "Nach längerer Pause ist Clemens wieder an Bord und wir begrüßen in dieser Sendung auch tomate als Gast in unserer Runde. Wir sprechen über Veranstaltungen und die rp17 und den 34C3 im besonderen und besuchen ine weiteres Mal die wunderbare Welt der Buchhaltung und sprechen erneut über Tims weitere Recherchen zum Thema Zahlungsplattformen und Ticketvorverkaufsysteme. Dazu gibt es noch eine Reihe von Netzwerkthemen, im Kern also für jeden was dabei. Also fast.",
  "publicationDate": "2017-05-19T06:49:33.000Z",
  "link": "http://freakshow.fm/fs198-er-kennt-den-admin",
  "show": {
    "title": "Freak Show",
    "subtitle": "Menschen! Technik! Sensationen!",
    "summary": "Die muntere Talk Show um Leben mit Technik, das Netz und Technikkultur. Bisweilen Apple-lastig aber selten einseitig. Wir leben und lieben Technologie und reden darüber. Mit Tim, hukl, roddi, Clemens und Denis. Freak Show hieß irgendwann mal mobileMacs.",
    "poster": "http://freakshow.fm/wp-content/cache/podlove/04/662a9d4edcf77ea2abe3c74681f509/freak-show_original.jpg",
    "link": "http://freakshow.fm"
  },
  "duration": "03:36:54",
  "chapters": [
    {
      "start": "00:00:00.000",
      "title": "Intro"
    },
    {
      "start": "00:01:21.251",
      "title": "Begrüßung"
    },
    {
      "start": "00:03:58.777",
      "title": "tomate"
    },
    {
      "start": "00:06:53.109",
      "title": "re:publica 2017"
    },
    {
      "start": "00:27:44.138",
      "title": "Netz auf der re:publica 2017"
    },
    {
      "start": "00:51:41.109",
      "title": "34C3"
    },
    {
      "start": "01:10:54.197",
      "title": "Steuer und Nerds"
    },
    {
      "start": "01:29:43.807",
      "title": "Zahlungsplattformen"
    },
    {
      "start": "01:59:56.207",
      "title": "Müslilöffel"
    },
    {
      "start": "02:05:55.602",
      "title": "Pretix"
    },
    {
      "start": "02:16:49.639",
      "title": "Feinstaubsensor"
    },
    {
      "start": "02:28:49.919",
      "title": "Pimp My Mac"
    },
    {
      "start": "02:39:44.970",
      "title": "LTE to go"
    },
    {
      "start": "02:49:11.562",
      "title": "Externer Akku 12V"
    },
    {
      "start": "02:53:58.335",
      "title": "Star Wars Universe"
    },
    {
      "start": "03:15:23.818",
      "title": "LTE Test"
    },
    {
      "start": "03:20:38.111",
      "title": "HD Telefonie im Mobilfunk"
    },
    {
      "start": "03:25:20.273",
      "title": "MP3 ist frei"
    },
    {
      "start": "03:32:04.381",
      "title": "FS200"
    },
    {
      "start": "03:34:15.350",
      "title": "Ausklang"
    }
  ],
  "audio": [
    {
      "url": "https://tracking.feedpress.it/link/13453/5863523/fs198-er-kennt-den-admin.m4a",
      "mimeType": "audio/mp4",
      "size": 83223583,
      "title": "Audio MP4"
    }
  ],
  "reference": {
    "share": "//podlove-player.surge.sh/share",
    "config": "//podlove-player.surge.sh/fixtures/878c45ed.json",
    "origin": "http://freakshow.fm/fs198-er-kennt-den-admin"
  },
  "theme": {
    "main": "rgb(251,237,186)"
  }
}
