{
  "title": "LS006 Open Source Tools",
  "subtitle": "Welche freie Software einem beim Podcasting helfen kann",
  "summary": "Ingo Ebel von RadioTux ist zu Gast und wir reden über seine Radioproduktion für die Linux-Szene und vor allem über frei verfügbare Software, die man zur Podcastproduktion einsetzen kann. Da Software ohne Hardware nichts ist kommen aber auch zahlreiche Audiohardware-Lösungen zur Sprache, besonders für den mobilen Einsatz.",
  "publicationDate": "2011-11-16T13:20:07.000Z",
  "link": "http://der-lautsprecher.de/ls006",
  "show": {
    "title": "Der Lautsprecher",
    "subtitle": "Ein Podcast über das Senden und Empfangen werden",
    "summary": "Der Lautsprecher ist ein Forum für Podcaster und solche, die es vielleicht werden wollen. Tim Pritlove spricht mit ausgewählten Gästen über Technik, Kultur und Methoden des Podcastings.",
    "poster": "http://der-lautsprecher.de/wp-content/cache/podlove/f3/5801c434d3ae2e00e6b5ee5379b08b/der-lautsprecher_original.jpg",
    "link": "http://der-lautsprecher.de"
  },
  "duration": "02:00:27",
  "chapters": [],
  "audio": [
    {
      "url": "https://tracking.feedpress.it/link/12319/1327935/ls006-open-source-tools.mp3",
      "mimeType": "audio/mpeg",
      "size": 57868552,
      "title": "Audio MP4"
    }
  ],
  "reference": {
    "share": "//podlove-player.surge.sh/share",
    "config": "//podlove-player.surge.sh/fixtures/87c55bce.json",
    "origin": "http://der-lautsprecher.de/ls006"
  },
  "theme": {
    "main": "rgb(116,185,248)"
  }
}
