{
  "title": "ME004 Januar 2016",
  "subtitle": "Veröffentlichungen der Metaebene seit Dezember 2016 — 32C3 — Sendegate",
  "summary": "Ich habe für Euch wieder eine kleine Zusammenfassung gemacht, was in den letzten knapp zwei Monaten so alles aus der Metaebene rausgekullert ist, in welche Sendungen ihr vielleicht mal reinschnuppern solltet und was für mich und Euch in der nächsten Zeit so alles im Busche ist.",
  "publicationDate": "2016-01-21T11:05:07.000Z",
  "link": "http://metaebene.me/blog/2016/01/21/me004-januar-2016/",
  "show": {
    "title": "Metaebene",
    "subtitle": "Aktuelles, Interessantes und Irrelevantes aus der Metaebene",
    "summary": "Willkommen auf der Metaebene. Dies ist der Meta-Kanal von Tim Pritlove, auf dem ihr in unregelmäßigen Abständen über Neuigkeiten, Unregelmäßigkeiten, Abschweifungen und andere Dinge rund um das kleine Podcast-Universum aus Berlin informiert werdet.",
    "poster": "http://metaebene.me/wp-content/cache/podlove/21/f0a792e5086d91026e8329ff106b67/metaebene_original.jpg",
    "link": "http://metaebene.me"
  },
  "duration": "00:14:20",
  "chapters": [
    {
      "start": "00:00:00.000",
      "title": "Begrüßung"
    },
    {
      "start": "00:01:05.871",
      "title": "Logbuch:Netzpolitik"
    },
    {
      "start": "00:03:20.373",
      "title": "Fokus Europa"
    },
    {
      "start": "00:04:59.547",
      "title": "Freak Show"
    },
    {
      "start": "00:06:04.982",
      "title": "Forschergeist"
    },
    {
      "start": "00:07:47.649",
      "title": "Raumzeit"
    },
    {
      "start": "00:08:48.400",
      "title": "Der Lautsprecher"
    },
    {
      "start": "00:10:30.988",
      "title": "Sendezentrum auf dem 32C3"
    },
    {
      "start": "00:11:41.055",
      "title": "Ausblick"
    },
    {
      "start": "00:12:56.057",
      "title": "Sendegate"
    },
    {
      "start": "00:13:47.691",
      "title": "Ausklang"
    }
  ],
  "audio": [
    {
      "url": "https://tracking.feedpress.it/link/11988/2389648/me004-januar-2016.mp3",
      "mimeType": "audio/mpeg",
      "size": 13962804,
      "title": "Audio MP4"
    }
  ],
  "reference": {
    "share": "//podlove-player.surge.sh/share",
    "config": "//podlove-player.surge.sh/fixtures/880d2a3f.json",
    "origin": "http://metaebene.me/blog/2016/01/21/me004-januar-2016/"
  }
}
