{
  "title": "FS168 Staubsauger as a Service",
  "subtitle": "Die Live-Sendung vom 32. Chaos Communication Congress",
  "summary": "Es war Congress und wir waren dabei. Auf der Bühne des Sendezentrums gab es am 2. Tag eine unterhaltsame Zusammenkunft mit unseren Hörern vor Ort. Wie nicht anders zu erwarten werdet ihr weder eine umfangreiche Congress-Zusammenfassung noch andere sinnvolle Sätze zu hören bekommen, aber wir hoffen, ihr habt trotzdem Spaß  damit.",
  "publicationDate": "2016-01-06T15:14:29.000Z",
  "show": {
    "title": "Freak Show",
    "subtitle": "Menschen! Technik! Sensationen!",
    "summary": "Die muntere Talk Show um Leben mit Technik, das Netz und Technikkultur. Bisweilen Apple-lastig aber selten einseitig. Wir leben und lieben Technologie und reden darüber. Mit Tim, hukl, roddi, Clemens und Denis. Freak Show hieß irgendwann mal mobileMacs.",
    "poster": "http://freakshow.fm/wp-content/cache/podlove/04/662a9d4edcf77ea2abe3c74681f509/freak-show_original.jpg",
    "url": "http://freakshow.fm"
  },
  "duration": "01:07:33",
  "chapters": [
    {
      "start": "00:00:00.000",
      "title": "Intro"
    },
    {
      "start": "00:01:58.852",
      "title": "Begrüßung"
    },
    {
      "start": "00:04:58.362",
      "title": "Clemens ruft an"
    },
    {
      "start": "00:07:33.440",
      "title": "Getränkesituation"
    },
    {
      "start": "00:08:43.287",
      "title": "Kasse"
    },
    {
      "start": "00:09:36.995",
      "title": "Club-Mate vs. Flora Power"
    },
    {
      "start": "00:12:26.376",
      "title": "Tschunk"
    },
    {
      "start": "00:14:56.237",
      "title": "Seidenstraße"
    },
    {
      "start": "00:24:39.913",
      "title": "Congress-Alltag"
    },
    {
      "start": "00:26:14.560",
      "title": "Star Wars"
    },
    {
      "start": "00:30:02.475",
      "title": "Themenwürfel"
    },
    {
      "start": "00:31:49.523",
      "title": "3D Kinos"
    },
    {
      "start": "00:34:58.712",
      "title": "Wünsche an das Internet"
    },
    {
      "start": "00:40:03.407",
      "title": "Congress-Foo"
    },
    {
      "start": "00:46:02.722",
      "title": "Elektrosmog C30"
    },
    {
      "start": "00:47:15.986",
      "title": "C3 Garderobe"
    },
    {
      "start": "00:49:10.712",
      "title": "Bingo?"
    },
    {
      "start": "00:49:42.400",
      "title": "Das erste Mal"
    },
    {
      "start": "00:52:27.484",
      "title": "C3 Organisation"
    },
    {
      "start": "00:57:53.762",
      "title": "Trööt"
    },
    {
      "start": "00:59:59.381",
      "title": "Wundertüten"
    },
    {
      "start": "01:01:24.709",
      "title": "Nerds und Fußball"
    },
    {
      "start": "01:02:46.424",
      "title": "Diversität und Neueinsteiger"
    },
    {
      "start": "01:05:36.795",
      "title": "Ausklang"
    }
  ],
  "audio": [
    "https://tracking.feedpress.it/link/13453/2295177/fs168-staubsauger-as-a-service.m4a"
  ],
  "theme": {
    "primary": "#93F279"
  },
  "reference": {
    "share": "//podlove-player.surge.sh/share",
    "config": "//podlove-player.surge.sh/fixtures/8a9e3e07.json"
  }
}
