{
  "title": "LS011 Podlove Publisher",
  "subtitle": "Ein Überblick über die letzten vier Monate der Entwicklung und ein Ausblick auf kommende Features und Konzepte",
  "summary": "Der Podlove Publisher, das WordPress-Plugin zum Publizieren von Podcasts des Podlove-Projekts, wird jetzt seit einem Vierteljahr durch Crowdfunding weiterentwickelt und hat seitdem einen großen Sprung nach vorne gemacht.\n\nModeriert von Ralf Stockmann berichten In dieser Folge Eric Teubert und Tim Pritlove über die bisherige Entwicklung und welche Features für die nächste Zeit geplant sind und in Angriff genommen werden sollen.\n\nDamit verbunden ist ein Aufruf für eine zweite Runde des Crowdfundings, die die Entwicklung im Idealfall bis zum Ende dieses Jahres tragen soll.",
  "publicationDate": "2013-06-28T21:41:44.000Z",
  "link": "http://der-lautsprecher.de/ls011-podlove-publisher",
  "show": {
    "title": "Der Lautsprecher",
    "subtitle": "Ein Podcast über das Senden und Empfangen werden",
    "summary": "Der Lautsprecher ist ein Forum für Podcaster und solche, die es vielleicht werden wollen. Tim Pritlove spricht mit ausgewählten Gästen über Technik, Kultur und Methoden des Podcastings.",
    "poster": "http://der-lautsprecher.de/wp-content/cache/podlove/f3/5801c434d3ae2e00e6b5ee5379b08b/der-lautsprecher_original.jpg",
    "link": "http://der-lautsprecher.de"
  },
  "duration": "02:30:11",
  "chapters": [],
  "audio": [
    {
      "url": "https://tracking.feedpress.it/link/12319/1327930/ls011-podlove-publisher.mp3",
      "mimeType": "audio/mpeg",
      "size": 90177791,
      "title": "Audio MP4"
    }
  ],
  "reference": {
    "share": "//podlove-player.surge.sh/share",
    "config": "//podlove-player.surge.sh/fixtures/8b20b20f.json",
    "origin": "http://der-lautsprecher.de/ls011-podlove-publisher"
  },
  "theme": {
    "main": "rgb(116,185,248)"
  }
}
