{
  "title": "ME002 Stand der Dinge (Herbst 2015)",
  "subtitle": "Updates zu allen Podcasts",
  "summary": "Es ist so einiges passiert und ich wollte mal wieder kurz einen Überblick über alle Produktionen der Metaebene geben und was sich geändert hat.",
  "publicationDate": "2015-12-01T15:46:46.000Z",
  "link": "http://metaebene.me/blog/2015/12/01/me002-stand-der-dinge-herbst-2015/",
  "show": {
    "title": "Metaebene",
    "subtitle": "Aktuelles, Interessantes und Irrelevantes aus der Metaebene",
    "summary": "Willkommen auf der Metaebene. Dies ist der Meta-Kanal von Tim Pritlove, auf dem ihr in unregelmäßigen Abständen über Neuigkeiten, Unregelmäßigkeiten, Abschweifungen und andere Dinge rund um das kleine Podcast-Universum aus Berlin informiert werdet.",
    "poster": "http://metaebene.me/wp-content/cache/podlove/21/f0a792e5086d91026e8329ff106b67/metaebene_original.jpg",
    "link": "http://metaebene.me"
  },
  "duration": "00:08:05",
  "chapters": [
    {
      "start": "00:00:00.000",
      "title": "Metaebene"
    },
    {
      "start": "00:00:59.520",
      "title": "Logbuch:Netzpolitik"
    },
    {
      "start": "00:01:40.736",
      "title": "Freak Show"
    },
    {
      "start": "00:02:12.746",
      "title": "Newz of the World"
    },
    {
      "start": "00:02:50.944",
      "title": "Der Lautsprecher"
    },
    {
      "start": "00:03:18.208",
      "title": "Forschergeist"
    },
    {
      "start": "00:03:54.570",
      "title": "Fokus Europa"
    },
    {
      "start": "00:04:39.082",
      "title": "Not Safe For Work"
    },
    {
      "start": "00:05:23.616",
      "title": "CRE"
    },
    {
      "start": "00:06:35.914",
      "title": "Kolophon"
    },
    {
      "start": "00:06:59.680",
      "title": "Sendezentrum"
    },
    {
      "start": "00:07:49.269",
      "title": "Abschied"
    }
  ],
  "audio": [
    {
      "url": "https://tracking.feedpress.it/link/11988/2111214/me002-stand-der-dinge-herbst-2015.mp3",
      "mimeType": "audio/mpeg",
      "size": 7953694,
      "title": "Audio MP4"
    }
  ],
  "reference": {
    "share": "//podlove-player.surge.sh/share",
    "config": "//podlove-player.surge.sh/fixtures/8e0af3bc.json",
    "origin": "http://metaebene.me/blog/2015/12/01/me002-stand-der-dinge-herbst-2015/"
  }
}
