{
  "title": "CRE172 Holland und die Hacker",
  "subtitle": "Ein Gespräch über die Hackergeschichte Hollands und die Themen der Zeit",
  "summary": "Die europäische Hackerkultur hat sich in den letzten drei Jahrzehnten vor allem im deutschsprachigen Raum entwickelt - doch auch die holländische Szene spielte eine große und wichtige Rolle. Die internationale und weltoffene Ausrichtung der Stadt Amsterdam hatte dabei eine besondere Bedeutung und sorgte dafür, dass hier zuerst die Internet-Verbindungen in die USA in Betrieb genommen wurden und darüberhinaus ein reger internationaler persönlicher Austausch stattfand. Amsterdam beherbert heute den größten Internetknoten weltweit und der gesellschaftspolitische Einfluss auf die deutsche Szene ist immer noch groß.\n\nNetzpionier Rop Gonggrijp ist Hacker der ersten Stunde und ist auch heute noch aktiv. Im Gespräch mit Tim Pritlove berichtet er über Geschichte und Hintergründe der holländischen Szene, der Verflechtung mit dem Chaos Computer Club, netzpolitischen Aktivismus und die Bedeutung der Hackerbewegung im allgemeinen.\n\nThemen: Datenreisen der Frühzeit; Phone Phreaking; die Verbindung nach Deutschland; 2600 und die Verbindung in die USA; erste Hackerpartys; das erste Hacker-Camp \"Hacking at the End of the Universe\" (HEU); das Spiel mit den Medien; die Gründung von XS4ALL; wenn man Telefonleitungen mit dem Geheimdienst tauscht; Wahrnehmung der Hackerszene in der holländischen Gesellschaft; Freiheit und das Leaking von Dokumenten im Netz; Kampf gegen Scientology; zweites Camp \"Hacking In Progress\" (HIP); gehackte Leihtelefonzellen; Verhältnis zum CCC; der Niedergang der holländischen Gesellschaft; die Glaskugel der Hackerszene; Verstehen wie die Welt funktioniert; Wahlcomputer in Holland und ihre Vernichtung durch die Hackerszene; der Kampf der Hacker gegen den totalitären Staat; letzte Rettung Verfassungsgericht; Privatsphäre; WikiLeaks und das \"Collateral Murder\" Video; was die Gesellschaft von den Hackern lernen kann und welche Herausforderungen für die Hackerszene anstehen.",
  "publicationDate": "2010-12-10T14:30:00.000Z",
  "poster": "http://cre.fm/wp-content/cache/podlove/80/76556837bab7f403b4e0e8daaa8767/cre172-holland-und-die-hacker_original.jpg",
  "link": "http://cre.fm/cre172-holland-und-die-hacker",
  "show": {
    "title": "CRE: Technik, Kultur, Gesellschaft",
    "subtitle": "Der Interview-Podcast mit Tim Pritlove",
    "summary": "Intensive und ausführliche Gespräche über Themen aus Technik, Kultur und Gesellschaft, das ist CRE. Interessante Gesprächspartner stehen Rede und Antwort zu Fragen, die man normalerweise selten gestellt bekommt. CRE möchte  aufklären, weiterbilden und unterhalten.",
    "poster": "http://cre.fm/wp-content/cache/podlove/6b/8074d85b886d8dedb4945715694ba7/cre-technik-kultur-gesellschaft_original.jpg",
    "link": "http://cre.fm"
  },
  "duration": "02:56:34",
  "chapters": [],
  "audio": [
    {
      "url": "https://tracking.feedpress.it/link/13440/1885664/cre172-holland-und-die-hacker.m4a",
      "mimeType": "audio/mp4",
      "size": 66172248,
      "title": "Audio MP4"
    }
  ],
  "reference": {
    "share": "//podlove-player.surge.sh/share",
    "config": "//podlove-player.surge.sh/fixtures/8e771528.json",
    "origin": "http://cre.fm/cre172-holland-und-die-hacker"
  }
}
