{
  "title": "CRE187 Paparazzi",
  "subtitle": "Das freie Projekt zur Entwicklung von Flugsteuerungs-Software",
  "summary": "Paparazzi ist ein offenes Projekt zur Entwicklung von Steuersoftware für Modellflugzeuge und Quadrocoptersysteme. In nur kurzer Zeit wurden hier bemerkenswert stabile Ergebnisse erzielt und die darüberhinaus über den Hobbybetrieb hinaus viele neue Anwendungen für Forschung und Wissenschaft erschlossen. Die Software ist unter eine freien Lizenz verfügbar und wird in zahlreichen Subprojekten eingesetzt.\n\nIm Gespräch mit Tim Pritlove erläutert Mitentwickler Martin Müller die Geschichte des Projektes, die Herausforderungen bei der Steuerung von Flugzeugen und seine Erfahrungen beim Betrieb von Modellflugzeugen unter den unterschiedlichsten Bedingungen.\n\nThemen: Modellflug; Modellflugzeuge Funkvideo; autonomer Flug; der Terrorist im roten T-Shirt; Quadrocopter; Quadshot; Vor- und Nachteile von Flächenflugzeugen gegenüber Quadcoptern; wie man ein Modellflugzeug steuert; Stabilisierung des Flugzeugs durch Erfassung des Horizonts; Halbautomatische Fernsteuerung; Halbautonome Fernsteuerung; Eigenstabilisierung unter extremen Bedingungen; Programmierung der Flugstrecke; das Flugzeug als Meßgerät; Einsatz in metereologischen Anwendungen; maximale Flughöhe; Reglementierungen für UAVs; Kältefestigkeit des Flugzeugmodells; Stabilisierung des Flugzeugs mit Beschleunigungssensoren und Gyroskopen; Höhenmessung und Landevorgang; Kollisionsvermeidung; Meßserien; automatisierter Parabelflug; Erdbeobachtung; Windmessungen für Windradstandorte; Einsatz bei Naturkatastrophen; Beobachtung von Waldbränden; Meterologische Anwendungen; Verbreitung der Paparazzi-Software; Integration der Software in größere Modellflugzeuge; Modellflugzeuge für die Bild-Kalibration von Satelliten; Flugstabilität mit zerstörten Flügeln; Autonomer Segelflug.",
  "publicationDate": "2011-12-25T08:10:00.000Z",
  "poster": "http://cre.fm/wp-content/cache/podlove/84/d94e3d22fb644b6ec9fe9162c54a1e/cre187-paparazzi_original.jpg",
  "link": "http://cre.fm/cre187-paparazzi",
  "show": {
    "title": "CRE: Technik, Kultur, Gesellschaft",
    "subtitle": "Der Interview-Podcast mit Tim Pritlove",
    "summary": "Intensive und ausführliche Gespräche über Themen aus Technik, Kultur und Gesellschaft, das ist CRE. Interessante Gesprächspartner stehen Rede und Antwort zu Fragen, die man normalerweise selten gestellt bekommt. CRE möchte  aufklären, weiterbilden und unterhalten.",
    "poster": "http://cre.fm/wp-content/cache/podlove/6b/8074d85b886d8dedb4945715694ba7/cre-technik-kultur-gesellschaft_original.jpg",
    "link": "http://cre.fm"
  },
  "duration": "01:43:25",
  "chapters": [],
  "audio": [
    {
      "url": "https://tracking.feedpress.it/link/13440/1885507/cre187-paparazzi.m4a",
      "mimeType": "audio/mp4",
      "size": 38750311,
      "title": "Audio MP4"
    }
  ],
  "reference": {
    "share": "//podlove-player.surge.sh/share",
    "config": "//podlove-player.surge.sh/fixtures/8f9ee675.json",
    "origin": "http://cre.fm/cre187-paparazzi"
  },
  "theme": {
    "main": "rgb(176,220,172)"
  }
}
