{
  "title": "FS167 Hacker Nr. 5",
  "subtitle": "MIST FPGA Computer — Software Defined Networking — Vectoring — Freie Netze und Infrastruktur — BCP38 — Let's Encrpyt — Flattr — Bitcoin — UNIX — Programmiersprachen — Swift — 802.1X bei der Telekom",
  "summary": "Zur letzten Sendung aus der Metaebene in diesem Jahr haben wir nicht nur Vollbesetzung des Teams, wir haben auch noch einen Gast geladen: Hans Hübner, Programmierer und Hacker der ersten Stunde, ergänzt die Runde und bringt gleich seinen frisch erworbenen FPGA Computer mit, der alte Computer in Hardware emuliert. Aber auch viele Themenklassiker kommen zur Sprache, da mit das weiterentwickelte Freak Show Bingo für die Live-Zuhörer noch interessanter wird.",
  "publicationDate": "2015-12-10T14:17:22.000Z",
  "show": {
    "title": "Freak Show",
    "subtitle": "Menschen! Technik! Sensationen!",
    "summary": "Die muntere Talk Show um Leben mit Technik, das Netz und Technikkultur. Bisweilen Apple-lastig aber selten einseitig. Wir leben und lieben Technologie und reden darüber. Mit Tim, hukl, roddi, Clemens und Denis. Freak Show hieß irgendwann mal mobileMacs.",
    "poster": "http://freakshow.fm/wp-content/cache/podlove/04/662a9d4edcf77ea2abe3c74681f509/freak-show_original.jpg",
    "url": "http://freakshow.fm"
  },
  "duration": "04:01:52",
  "chapters": [
    {
      "start": "00:00:00.000",
      "title": "Intro"
    },
    {
      "start": "00:02:09.067",
      "title": "Vorstellung"
    },
    {
      "start": "00:04:48.775",
      "title": "Gast: Hans Hübner"
    },
    {
      "start": "00:14:42.982",
      "title": "Freak Show Bingo"
    },
    {
      "start": "00:19:13.244",
      "title": "MIST FPGA Computer"
    },
    {
      "start": "00:57:39.420",
      "title": "Software Defined Networking"
    },
    {
      "start": "01:03:41.095",
      "title": "Vectoring"
    },
    {
      "start": "01:16:07.927",
      "title": "Freie Netze und Infrastruktur"
    },
    {
      "start": "01:28:27.459",
      "title": "BCP38"
    },
    {
      "start": "01:40:42.997",
      "title": "Let's Encrypt"
    },
    {
      "start": "02:15:54.572",
      "title": "Flattr Relaunch"
    },
    {
      "start": "02:35:26.254",
      "title": "Bitcoin"
    },
    {
      "start": "02:50:37.436",
      "title": "Alte UNIX Zeiten"
    },
    {
      "start": "03:04:59.367",
      "title": "Programmiersprachen"
    },
    {
      "start": "03:25:33.923",
      "title": "Swift"
    },
    {
      "start": "03:53:02.431",
      "title": "802.1X"
    }
  ],
  "audio": [
    "https://tracking.feedpress.it/link/13453/2153802/fs167-hacker-nr-5.m4a"
  ],
  "theme": {
    "primary": "#C479F2"
  },
  "reference": {
    "share": "//podlove-player.surge.sh/share",
    "config": "//podlove-player.surge.sh/fixtures/907c4e11.json"
  }
}
