{
  "title": "NSFW070 Die Eifel ist ein Feuchtgebiet",
  "subtitle": "",
  "summary": "In gewohnt schlüpfiger Art und Weise nähern wir uns abermals den Grunderkenntnisse der Welt und sinnieren über Ursachen und Auswirkungen von allem. Das tangiert dann den Grand Prix de la Chanson de l'Eurovision genauso wie Journalistenfinanzierung. Das ganze wie immer eingekleidet in die dramatischsten Ergüsse der modernen Internetwelt. Eine Delikatesse.",
  "publicationDate": "2013-05-27T20:46:47.000Z",
  "link": "http://not-safe-for-work.de/nsfw070-die-eifel-ist-ein-feuchtgebiet/",
  "show": {
    "title": "Not Safe For Work",
    "subtitle": "Die Internationale Unterhaltungsgala mit Tim Pritlove und Holger Klein",
    "summary": "NSFW ist unkonventionell, unregelmäßig, unsinnig und ungemein unanständig. Garantiert mindestens zwei Worte pro Sendung, die man nicht auf der Arbeit sagen sollte. NSFW sollte nicht zu ernst genommen werden und selbstverständlich als Richtlinie aller Eurer künftigen Handlungen gelten.",
    "poster": "http://not-safe-for-work.de/wp-content/cache/podlove/0f/63751ecd7feba0789d91d4f9a45191/not-safe-for-work_original.jpg",
    "link": "http://not-safe-for-work.de"
  },
  "duration": "03:10:29",
  "chapters": [
    {
      "start": "00:00:00.000",
      "title": "Intro"
    },
    {
      "start": "00:01:59.000",
      "title": "Mikrofonieren"
    },
    {
      "start": "00:13:38.000",
      "title": "ESC, ARD, WTF?"
    },
    {
      "start": "00:35:50.000",
      "title": "Rock-Röhren und Spar-Spüler"
    },
    {
      "start": "00:58:24.000",
      "title": "Resonierendes Eichel-Outlet"
    },
    {
      "start": "01:33:45.000",
      "title": "Salzige Snacks und der Trend mit den spitzen Schuhen"
    },
    {
      "start": "01:54:04.000",
      "title": "Musik aus dem All und seltene Erden"
    },
    {
      "start": "03:07:45.000",
      "title": "Outro"
    }
  ],
  "audio": [
    {
      "url": "https://tracking.feedpress.it/link/13444/1886705/nsfw070-die-eifel-ist-ein-feuchtgebiet.m4a",
      "mimeType": "audio/mp4",
      "size": 71520836,
      "title": "Audio MP4"
    }
  ],
  "reference": {
    "share": "//podlove-player.surge.sh/share",
    "config": "//podlove-player.surge.sh/fixtures/915b1268.json",
    "origin": "http://not-safe-for-work.de/nsfw070-die-eifel-ist-ein-feuchtgebiet/"
  },
  "theme": {
    "main": "rgb(242,156,148)"
  }
}
