{
  "title": "CRE183 TETRA Bündelfunk",
  "subtitle": "Eine neue Technologie wird zum potentiellen Sicherheitsrisiko",
  "summary": "Bündelfunk ist schon seit langem die Alternative zu normalen Sprechfunk. Zahlreiche Firmen wie Taxiunternehmen und Energieversorger setzen auf die flexible Technik, die es erlaubt, Sprechfunk effektiv auf großen Abstrahlbereichen einzusetzen. Nun ist seit einigen Jahren eine Migration zu digitalem Bündelfunk zu erleben, wobei sich Tetra als der dominierende Standard herausbildet. Im Gespräch mit Tim Pritlove stellt Harald Welte die Grundlagen des Bündelfunks und die Besonderheiten des digitalen Tetra-Bündelfunksystems vor.\n\nThemen: Unterschied zwischen Sprechfunk und Bündelfunk; Entwicklung des Bündelfunks in Deutschland; Migration zum digitalen Bündelfunk; Funkverkehr abhören; Digitale Bündelfunkstandards in aller Welt; Frequenzausbreitung; Tetra Netztopologie; Switching and Management Infrastructure (SwMI) und Basisstationen; Protokollverlauf; Herstellerspezifische Erweiterungen; Authentifizierung; Rufmodi und Gruppenkommunikation; Endgerätemarkt und Anbieter; Datenübertragung über Tetra; Textnachrichten; Verschlüsselung; Rate-Compatible Punctured Convulotional Code und das Subnet Dependent Convergence Protocol; Mindestanforderungen für Tetra-Netze; Unverschlüsselte Tetra-Netze bei Verkehrsbetrieben und Energieversorgern und die potentiellen Sicherheitsschwankungen; Aufbau eigener Tetranetze; Automatisiertes Abhören und Analysieren von Sicherheitssystemen an Flughäfen und anderen kritischen Infrastrukturen.",
  "publicationDate": "2011-06-24T12:45:00.000Z",
  "poster": "http://cre.fm/wp-content/cache/podlove/28/63f49179fd42bf2c96ddb3d8f9ad98/cre183-tetra-buendelfunk_original.jpg",
  "link": "http://cre.fm/cre183-tetra-buendelfunk",
  "show": {
    "title": "CRE: Technik, Kultur, Gesellschaft",
    "subtitle": "Der Interview-Podcast mit Tim Pritlove",
    "summary": "Intensive und ausführliche Gespräche über Themen aus Technik, Kultur und Gesellschaft, das ist CRE. Interessante Gesprächspartner stehen Rede und Antwort zu Fragen, die man normalerweise selten gestellt bekommt. CRE möchte  aufklären, weiterbilden und unterhalten.",
    "poster": "http://cre.fm/wp-content/cache/podlove/6b/8074d85b886d8dedb4945715694ba7/cre-technik-kultur-gesellschaft_original.jpg",
    "link": "http://cre.fm"
  },
  "duration": "02:20:21",
  "chapters": [],
  "audio": [
    {
      "url": "https://tracking.feedpress.it/link/13440/1885511/cre183-tetra-buendelfunk.m4a",
      "mimeType": "audio/mp4",
      "size": 52686318,
      "title": "Audio MP4"
    }
  ],
  "reference": {
    "share": "//podlove-player.surge.sh/share",
    "config": "//podlove-player.surge.sh/fixtures/919240b6.json",
    "origin": "http://cre.fm/cre183-tetra-buendelfunk"
  },
  "theme": {
    "main": "rgb(109,142,188)"
  }
}
