{
  "title": "LS001 Formate, Feeds und iTunes",
  "subtitle": "Über das Feedwesen und den Umgang mit Verzeichnissen",
  "summary": "Da ist sie nun also endlich: die erste Ausgabe des Lautsprechers. Letztlich, damit das Projekt mal in die Puschen kommt, doch eher spontan in München mit  Martin Pittenauer (der von den Fanboys) entstanden. Wir erläutern den Aufbau von Podcast-Feeds, welche Probleme dabei mit manchen Podcast Clients entstehen und im besonderen wie sich iTunes und das iTunes Podcast Directory gegenüber dem Podcaster verhalten.  Die Sendung ist - wie es sich für einen Piloten gehört - eher lang geraten, künftige Ausgaben könnten knapper ausfallen und sich bestimmten Einzelthemen widmen. Oder auch nicht. Wer weiß schon, was die Zukunft bringt. Ich hoffe auf jeden Fall auf Kommentare, Korrekturen und Anregungen von Euch.",
  "publicationDate": "2011-03-26T12:39:57.000Z",
  "link": "http://der-lautsprecher.de/ls001",
  "show": {
    "title": "Der Lautsprecher",
    "subtitle": "Ein Podcast über das Senden und Empfangen werden",
    "summary": "Der Lautsprecher ist ein Forum für Podcaster und solche, die es vielleicht werden wollen. Tim Pritlove spricht mit ausgewählten Gästen über Technik, Kultur und Methoden des Podcastings.",
    "poster": "http://der-lautsprecher.de/wp-content/cache/podlove/f3/5801c434d3ae2e00e6b5ee5379b08b/der-lautsprecher_original.jpg",
    "link": "http://der-lautsprecher.de"
  },
  "duration": "01:37:30",
  "chapters": [],
  "audio": [
    {
      "url": "https://tracking.feedpress.it/link/12319/1327940/ls001-audioformate-feeds-itunes.mp3",
      "mimeType": "audio/mpeg",
      "size": 46857437,
      "title": "Audio MP4"
    }
  ],
  "reference": {
    "share": "//podlove-player.surge.sh/share",
    "config": "//podlove-player.surge.sh/fixtures/9253955f.json",
    "origin": "http://der-lautsprecher.de/ls001"
  },
  "theme": {
    "main": "rgb(116,185,248)"
  }
}
