{
  "title": "FS191 Sendungslängenangst",
  "subtitle": "33C3 — Tesla — E-Mobilität",
  "summary": "Die erste Folge im neuen Jahr hat einen klaren Schwerpunkt: den 33C3. Wir blicken zurück und besprechen einige Talks, die uns aufgefallen sind. Dazu begrüßen wir als Gast Thorsten Philip, mit dem wir noch mal das E-Mobilitätsthema aufgreifen.",
  "publicationDate": "2017-01-12T02:31:54.000Z",
  "link": "http://freakshow.fm/fs191-sendungslaengenangst",
  "show": {
    "title": "Freak Show",
    "subtitle": "Menschen! Technik! Sensationen!",
    "summary": "Die muntere Talk Show um Leben mit Technik, das Netz und Technikkultur. Bisweilen Apple-lastig aber selten einseitig. Wir leben und lieben Technologie und reden darüber. Mit Tim, hukl, roddi, Clemens und Denis. Freak Show hieß irgendwann mal mobileMacs.",
    "poster": "http://freakshow.fm/wp-content/cache/podlove/04/662a9d4edcf77ea2abe3c74681f509/freak-show_original.jpg",
    "link": "http://freakshow.fm"
  },
  "duration": "04:25:52",
  "chapters": [
    {
      "start": "00:00:00.000",
      "title": "Intro"
    },
    {
      "start": "00:01:12.384",
      "title": "Begrüßung"
    },
    {
      "start": "00:02:47.366",
      "title": "Thorsten ist da"
    },
    {
      "start": "00:11:04.138",
      "title": "33C3"
    },
    {
      "start": "00:19:18.674",
      "title": "33C3 Ticketsituation"
    },
    {
      "start": "00:32:47.104",
      "title": "33C3 Eindrücke"
    },
    {
      "start": "00:47:25.706",
      "title": "33C3 Recordings"
    },
    {
      "start": "01:04:44.063",
      "title": "33C3 Kidspace"
    },
    {
      "start": "01:12:21.350",
      "title": "33C3 Electromagnetic Fields"
    },
    {
      "start": "01:15:29.853",
      "title": "33C3: Spiegelmining"
    },
    {
      "start": "01:18:30.454",
      "title": "33C3: Build Your Own NSA"
    },
    {
      "start": "01:24:52.942",
      "title": "33C3: The Ulmate Game Boy Talk"
    },
    {
      "start": "01:30:38.490",
      "title": "33C3: Mikroskope"
    },
    {
      "start": "01:31:42.666",
      "title": "33C3: Spass mit Banken"
    },
    {
      "start": "01:40:56.576",
      "title": "33C3: Dieselgate"
    },
    {
      "start": "01:44:16.808",
      "title": "33C3: Polizeiakten"
    },
    {
      "start": "01:45:18.889",
      "title": "33C3: Dronenkriege"
    },
    {
      "start": "01:48:33.388",
      "title": "33C3: Blockchains"
    },
    {
      "start": "01:50:03.289",
      "title": "33C3: Zcash"
    },
    {
      "start": "01:54:56.103",
      "title": "33C3: Threema Protocol Reengineering"
    },
    {
      "start": "01:59:20.531",
      "title": "Messenger sind schwierig"
    },
    {
      "start": "02:12:49.874",
      "title": "33C3: 802.11ac"
    },
    {
      "start": "02:13:51.033",
      "title": "33C3: Hochsicherheitsschlüssel"
    },
    {
      "start": "02:14:49.466",
      "title": "33C3: Downgrading iOS"
    },
    {
      "start": "02:16:36.197",
      "title": "33C3: IPv6 scanning"
    },
    {
      "start": "02:21:47.413",
      "title": "33C3: Space Track"
    },
    {
      "start": "02:27:44.757",
      "title": "33C3: 3G/4G Modems"
    },
    {
      "start": "02:31:16.442",
      "title": "33C3: Closing Session"
    },
    {
      "start": "02:36:11.424",
      "title": "Open Data Feinstaubmessung"
    },
    {
      "start": "02:45:45.440",
      "title": "Chris Lattner geht von Apple zu Tesla"
    },
    {
      "start": "02:51:05.810",
      "title": "Tesla und Elektromobilität"
    },
    {
      "start": "04:04:34.383",
      "title": "Gerätekram"
    },
    {
      "start": "04:14:43.243",
      "title": "Ausklang"
    },
    {
      "start": "04:21:42.729",
      "title": "Bonus Track"
    }
  ],
  "audio": [
    {
      "url": "https://tracking.feedpress.it/link/13453/5123589/fs191-sendungslaengenangst.m4a",
      "mimeType": "audio/mp4",
      "size": 101815297,
      "title": "Audio MP4"
    }
  ],
  "reference": {
    "share": "//podlove-player.surge.sh/share",
    "config": "//podlove-player.surge.sh/fixtures/9329d4ff.json",
    "origin": "http://freakshow.fm/fs191-sendungslaengenangst"
  },
  "theme": {
    "main": "rgb(251,237,186)"
  }
}
