{
  "title": "CRE174 Kunst, Kultur, Gesellschaft",
  "subtitle": "Über die Aufgaben und Möglichkeiten der Kunst und Kultur im Medienzeitalter",
  "summary": "Stephen Kovats ist seit einigen Jahren der Leiter des Kunstfestivals Transmediale in Berlin. Im Gespräch mit Tim Pritlove spricht er über die Aufgaben der Kunst in Kultur und Gesellschaft.\n\nThemen: Bild des Architekten; Bauhaus; Ostranenie und die Entfremdung des Zuschauers; der schwierige Begriff \"Medienkunst\"; Telefonbilder als frühe Form der räumlichen Trennung von Künstler und Kunst; der Hacker als Künstler; Broadcast yourself; Friends und Follower; Konferenzen und Festivals; Ars Electronica; Kunst als Plattform.",
  "publicationDate": "2011-02-01T14:00:00.000Z",
  "poster": "http://cre.fm/wp-content/cache/podlove/e7/09e691f78cc67ddc23c95839ea5f5f/cre174-kunst-kultur-gesellschaft_original.jpg",
  "link": "http://cre.fm/cre174-kunst-kultur-gesellschaft",
  "show": {
    "title": "CRE: Technik, Kultur, Gesellschaft",
    "subtitle": "Der Interview-Podcast mit Tim Pritlove",
    "summary": "Intensive und ausführliche Gespräche über Themen aus Technik, Kultur und Gesellschaft, das ist CRE. Interessante Gesprächspartner stehen Rede und Antwort zu Fragen, die man normalerweise selten gestellt bekommt. CRE möchte  aufklären, weiterbilden und unterhalten.",
    "poster": "http://cre.fm/wp-content/cache/podlove/6b/8074d85b886d8dedb4945715694ba7/cre-technik-kultur-gesellschaft_original.jpg",
    "link": "http://cre.fm"
  },
  "duration": "02:10:08",
  "chapters": [],
  "audio": [
    {
      "url": "https://tracking.feedpress.it/link/13440/1885662/cre174-kunst-kultur-gesellschaft.m4a",
      "mimeType": "audio/mp4",
      "size": 48910551,
      "title": "Audio MP4"
    }
  ],
  "reference": {
    "share": "//podlove-player.surge.sh/share",
    "config": "//podlove-player.surge.sh/fixtures/954eecaa.json",
    "origin": "http://cre.fm/cre174-kunst-kultur-gesellschaft"
  },
  "theme": {
    "main": "rgb(220,128,64)"
  }
}
