{
  "title": "FS169 Hauptschuhle",
  "subtitle": "32C3 Rückblick — HGich.T — CCC TV — Star Wars — Flattr — Falcon 9",
  "summary": "Der 32C3 liegt hinter uns aber natürlich müssen wir uns dem epischen Event noch ein mal ausführlich widmen, damit wir das selbst alles verarbeitet bekommen. Neben der Vorstellung diverser interessanter Talks diskutieren wir auch einige Rand- und Zentralaspekte, die Performance von HGich.T. Jenseits des Congress-Themas nehmen wir uns dem Phänomen Star Wars an (spoilerfrei!) und blicken auch noch kurz auf den Stand der Dinge bei Flattr. Denis und Roddi fehlen dieses Mal, dafür begrüßen wir Linus Neumann in unserer Runde.",
  "publicationDate": "2016-01-14T11:32:11.000Z",
  "show": {
    "title": "Freak Show",
    "subtitle": "Menschen! Technik! Sensationen!",
    "summary": "Die muntere Talk Show um Leben mit Technik, das Netz und Technikkultur. Bisweilen Apple-lastig aber selten einseitig. Wir leben und lieben Technologie und reden darüber. Mit Tim, hukl, roddi, Clemens und Denis. Freak Show hieß irgendwann mal mobileMacs.",
    "poster": "http://freakshow.fm/wp-content/cache/podlove/04/662a9d4edcf77ea2abe3c74681f509/freak-show_original.jpg",
    "url": "http://freakshow.fm"
  },
  "duration": "04:07:54",
  "chapters": [
    {
      "start": "00:00:00.000",
      "title": "Intro"
    },
    {
      "start": "00:02:07.579",
      "title": "Begrüßung"
    },
    {
      "start": "00:04:06.369",
      "title": "32C3: Freak Show Live"
    },
    {
      "start": "00:07:44.918",
      "title": "32C3 Partyzones"
    },
    {
      "start": "00:14:06.548",
      "title": "32C3: Toilet Party"
    },
    {
      "start": "00:21:02.995",
      "title": "Unisex Toiletten"
    },
    {
      "start": "00:24:37.107",
      "title": "Linus Neumann"
    },
    {
      "start": "00:29:46.114",
      "title": "Mobilfunknetzstrukturen"
    },
    {
      "start": "00:36:09.877",
      "title": "32C3: Methodisch Inkorrekt"
    },
    {
      "start": "00:38:44.509",
      "title": "32C3: Dieselgate"
    },
    {
      "start": "00:49:27.186",
      "title": "32C3: Stromtankstellen"
    },
    {
      "start": "00:50:31.804",
      "title": "Elektromobilität und Tesla"
    },
    {
      "start": "00:59:19.336",
      "title": "32C3: Beyond Your Cable Modem"
    },
    {
      "start": "01:05:05.921",
      "title": "32C3: 20 Oscilators in 20 Minutes"
    },
    {
      "start": "01:06:20.920",
      "title": "32C3: Intelexit"
    },
    {
      "start": "01:07:46.376",
      "title": "32C3: (Un)Sicherheit von App-basierten TAN-Verfahren"
    },
    {
      "start": "01:16:43.944",
      "title": "32C3: QRtistry"
    },
    {
      "start": "01:22:02.070",
      "title": "32C3 Lounge Design"
    },
    {
      "start": "01:28:42.978",
      "title": "Workflowy und Wunderlist"
    },
    {
      "start": "01:31:14.742",
      "title": "32C3: rad1o++"
    },
    {
      "start": "01:35:01.121",
      "title": "32C3 Design"
    },
    {
      "start": "02:01:10.531",
      "title": "HGich.T"
    },
    {
      "start": "02:08:56.431",
      "title": "Automatic Slides"
    },
    {
      "start": "02:14:17.731",
      "title": "32C3 Opening"
    },
    {
      "start": "02:21:27.233",
      "title": "32C3 Recap Comic"
    },
    {
      "start": "02:23:49.759",
      "title": "Strandbeest"
    },
    {
      "start": "02:28:55.157",
      "title": "32C3 Medienecho"
    },
    {
      "start": "02:33:20.141",
      "title": "Camp-Dokufilm: All Creatures Welcome"
    },
    {
      "start": "02:44:04.930",
      "title": "CCC TV"
    },
    {
      "start": "03:00:22.213",
      "title": "Star Wars Despecialized Version"
    },
    {
      "start": "03:31:31.374",
      "title": "Star Wars Intro Creator"
    },
    {
      "start": "03:33:30.755",
      "title": "Mate-Wachablösung"
    },
    {
      "start": "03:34:49.574",
      "title": "Flattr"
    },
    {
      "start": "03:49:54.508",
      "title": "Falcon 9 Landing"
    },
    {
      "start": "04:00:43.972",
      "title": "The Martian"
    },
    {
      "start": "04:02:41.459",
      "title": "Outro"
    },
    {
      "start": "04:04:42.996",
      "title": "Bonus Track: Auf dem Congress feat. Methodisch Inkorrekt"
    }
  ],
  "audio": [
    "https://tracking.feedpress.it/link/13453/2346456/fs169-hauptschuhle.m4a"
  ],
  "theme": {
    "primary": "#EC79F2"
  },
  "reference": {
    "share": "//podlove-player.surge.sh/share",
    "config": "//podlove-player.surge.sh/fixtures/960635ba.json"
  }
}
