{
  "title": "LNP211 Gib Handy!",
  "subtitle": "Datenschutz — Handy-Kontrollen — Anti-Terror-Richtlinie und Websperren — Trojaner — Videoüberwachung bei der Bahn — Fluggastdaten-VDS",
  "summary": "Es wird mal wieder Zeit, ein paar schlechte Nachrichten zusammenzufegen und genau das tun wir dann auch in dieser Folge. Das Infragestellen des Datenschutzes als solchem soll offenbar den Weg ebenen für weitere Gesetze und in Form einer Handy-Kontrolle von Flüchtlingen drohen diese auch bald zu kommen. Ähnlich bedenklich ist die Annahme der neuen Anti-Terror-Richtlinie der EU, die uns das Thema Websperren (remember Zensursula?) wieder auf die Tagesordnung bringen wird. Und so auch die Überwachung des Reisewege kommt in Form der Fluggastdaten-Vorratsdatenspeicherung und einer neuartigen Videoüberwachung auf Bahnhöfen wird weiter verschärft. Drohende Cyber-Attacken der US-Regierung wiederum lassen sich wiederum unter Umständen durch geschickte Wahl von Domainnamen umgehen. Man wird sehen.",
  "publicationDate": "2017-02-23T19:21:56.000Z",
  "link": "http://logbuch-netzpolitik.de/lnp211-gib-handy",
  "show": {
    "title": "Logbuch:Netzpolitik",
    "subtitle": "Einblicke und Ausblicke in das netzpolitische Geschehen",
    "summary": "Logbuch:Netzpolitik ist ein in der Regel wöchentlich erscheinender Podcast, der im Dialog zwischen Linus Neumann und Tim Pritlove die wichtigsten Themen und Ereignisse mit netzpolitischem Bezug aufgreift und diskutiert.",
    "poster": "http://logbuch-netzpolitik.de/wp-content/cache/podlove/92/de7e775cef6431203e4666e628294b/logbuchnetzpolitik_original.jpg",
    "link": "http://logbuch-netzpolitik.de"
  },
  "duration": "01:12:23",
  "chapters": [
    {
      "start": "00:00:00.000",
      "title": "Intro"
    },
    {
      "start": "00:00:30.856",
      "title": "Prolog"
    },
    {
      "start": "00:01:04.424",
      "title": "Feedback: Smartphone im NSAUA"
    },
    {
      "start": "00:03:42.355",
      "title": "Hinweis: Merkel im NSAUA"
    },
    {
      "start": "00:04:45.406",
      "title": "Meine Daten gehören De Maizière"
    },
    {
      "start": "00:17:35.571",
      "title": "Handy-Kontrollen bei Flüchtlingen"
    },
    {
      "start": "00:39:55.976",
      "title": "EU-Parlament beschließt Anti-Terror-Richtlinie mit Websperren"
    },
    {
      "start": "00:49:37.502",
      "title": "Trojaner in Mexiko"
    },
    {
      "start": "00:55:47.518",
      "title": "Videoüberwachung in der Bahn"
    },
    {
      "start": "01:06:07.646",
      "title": "Fluggastdaten-VDS"
    },
    {
      "start": "01:10:07.827",
      "title": "Epilog"
    }
  ],
  "audio": [
    {
      "url": "https://tracking.feedpress.it/link/13476/5401628/lnp211-gib-handy.m4a",
      "mimeType": "audio/mp4",
      "size": 27229838,
      "title": "Audio MP4"
    }
  ],
  "reference": {
    "share": "//podlove-player.surge.sh/share",
    "config": "//podlove-player.surge.sh/fixtures/96897992.json",
    "origin": "http://logbuch-netzpolitik.de/lnp211-gib-handy"
  },
  "theme": {
    "main": "rgb(218,207,164)"
  }
}
