{
  "title": "NSFW074 Das Wetter muss weg",
  "subtitle": "Chemtrails verhageln uns das Hirn und wir tragen unangemessene Kopfbedeckungen",
  "summary": "Durch eine planerische Verzögerung eine Woche später als geplant, dafür geordnet und pflichtbewusst treten wir mit der 74. Sendung rechtzeitig zur Chemtrail-Demo in Berlin wieder ans Mikrofon und beschäftigen uns ausführlich mit intellektuell überforderten Menschen, den Nichtwahlen in Deutschland, Fußball, empfehlen eine ganze Reihe von Podcasts und nennen fünf Fahrradtypen, die jeder in seiner Garage stehen haben sollte.",
  "publicationDate": "2013-08-26T17:39:52.000Z",
  "link": "http://not-safe-for-work.de/nsfw074-das-wetter-muss-weg/",
  "show": {
    "title": "Not Safe For Work",
    "subtitle": "Die Internationale Unterhaltungsgala mit Tim Pritlove und Holger Klein",
    "summary": "NSFW ist unkonventionell, unregelmäßig, unsinnig und ungemein unanständig. Garantiert mindestens zwei Worte pro Sendung, die man nicht auf der Arbeit sagen sollte. NSFW sollte nicht zu ernst genommen werden und selbstverständlich als Richtlinie aller Eurer künftigen Handlungen gelten.",
    "poster": "http://not-safe-for-work.de/wp-content/cache/podlove/0f/63751ecd7feba0789d91d4f9a45191/not-safe-for-work_original.jpg",
    "link": "http://not-safe-for-work.de"
  },
  "duration": "03:27:04",
  "chapters": [
    {
      "start": "00:00:00.000",
      "title": "Intro"
    },
    {
      "start": "00:14:15.000",
      "title": "Chemtrails"
    },
    {
      "start": "00:23:30.000",
      "title": "Unterwegs und in Bewegung"
    },
    {
      "start": "01:02:03.000",
      "title": "Wahlen"
    },
    {
      "start": "01:30:38.000",
      "title": "Österreich"
    },
    {
      "start": "01:46:24.000",
      "title": "Fußball, Podcasts und der öffentlich-rechtliche Rundfunk"
    },
    {
      "start": "02:44:45.000",
      "title": "Geschenk"
    },
    {
      "start": "03:22:14.000",
      "title": "Verabschiedung"
    }
  ],
  "audio": [
    {
      "url": "https://tracking.feedpress.it/link/13444/1886701/nsfw074-das-wetter-muss-weg.m4a",
      "mimeType": "audio/mp4",
      "size": 77794138,
      "title": "Audio MP4"
    }
  ],
  "reference": {
    "share": "//podlove-player.surge.sh/share",
    "config": "//podlove-player.surge.sh/fixtures/98d7c04.json",
    "origin": "http://not-safe-for-work.de/nsfw074-das-wetter-muss-weg/"
  },
  "theme": {
    "main": "rgb(242,156,148)"
  }
}
