{
  "title": "NSFW093 Barschwund",
  "subtitle": "Kabel — Apple TV — 10 Jahre Metaebene — Finanzplanung — Grundeinkommen — Elektromobilität — Zustand der Welt",
  "summary": "Nun ist es also wieder soweit: die erste richtige Sendung aus der Metaebene nach einem anderthalb Jahr Pause. Die haben wir gebraucht (von unseren Live-Auftritten mal abgesehen, die auch sehr lustig waren). Unsere alte Form müssen wir wohl erst mal wiederfinden, aber dafür versuchen wir es mal mit einer etwas nachdenklicheren Sendung. Gibt ja genug zu reflektieren.",
  "publicationDate": "2015-11-11T13:47:10.000Z",
  "link": "http://not-safe-for-work.de/nsfw093-barschwund/",
  "show": {
    "title": "Not Safe For Work",
    "subtitle": "Die Internationale Unterhaltungsgala mit Tim Pritlove und Holger Klein",
    "summary": "NSFW ist unkonventionell, unregelmäßig, unsinnig und ungemein unanständig. Garantiert mindestens zwei Worte pro Sendung, die man nicht auf der Arbeit sagen sollte. NSFW sollte nicht zu ernst genommen werden und selbstverständlich als Richtlinie aller Eurer künftigen Handlungen gelten.",
    "poster": "http://not-safe-for-work.de/wp-content/cache/podlove/0f/63751ecd7feba0789d91d4f9a45191/not-safe-for-work_original.jpg",
    "link": "http://not-safe-for-work.de"
  },
  "duration": "03:42:23",
  "chapters": [
    {
      "start": "00:00:00.000",
      "title": "Intro"
    },
    {
      "start": "00:03:42.823",
      "title": "Begrüßung"
    },
    {
      "start": "00:10:52.761",
      "title": "Kabel und Ladegeräte"
    },
    {
      "start": "00:18:36.428",
      "title": "Apple TV"
    },
    {
      "start": "00:32:24.202",
      "title": "10 Jahre Metaebene"
    },
    {
      "start": "01:05:06.138",
      "title": "Sammelfeeds"
    },
    {
      "start": "01:19:35.155",
      "title": "You Need A Budget"
    },
    {
      "start": "01:31:24.873",
      "title": "Identify"
    },
    {
      "start": "01:37:03.946",
      "title": "beumer lutum"
    },
    {
      "start": "01:43:04.753",
      "title": "Bier holen"
    },
    {
      "start": "01:45:18.903",
      "title": "Autofrei"
    },
    {
      "start": "01:55:53.262",
      "title": "Cannabis-Freigabe und Grundeinkommen"
    },
    {
      "start": "02:11:09.672",
      "title": "Wasserstoff-Elektromobilität"
    },
    {
      "start": "02:32:26.262",
      "title": "Telekomvertrag"
    },
    {
      "start": "02:39:29.657",
      "title": "BND-Palme"
    },
    {
      "start": "02:41:56.183",
      "title": "Hot Pepper Challenge"
    },
    {
      "start": "02:47:38.027",
      "title": "Der Zustand der Welt"
    },
    {
      "start": "03:36:23.379",
      "title": "Abschluss"
    },
    {
      "start": "03:37:57.463",
      "title": "Die große Verschwulung"
    }
  ],
  "audio": [
    {
      "url": "https://tracking.feedpress.it/link/13444/2015357/nsfw093-barschwund.m4a",
      "mimeType": "audio/mp4",
      "size": 83370888,
      "title": "Audio MP4"
    }
  ],
  "reference": {
    "share": "//podlove-player.surge.sh/share",
    "config": "//podlove-player.surge.sh/fixtures/99d82db2.json",
    "origin": "http://not-safe-for-work.de/nsfw093-barschwund/"
  },
  "theme": {
    "main": "rgb(242,156,148)"
  }
}
