{
  "title": "CRE188 Telecomix",
  "subtitle": "Hackeraktivismus am Scheideweg",
  "summary": "Die Gruppe Telecomix hat sich gegründet, um praktische Ergebnisse im Kampf um Freiheit im Internet zu erreichen und hat sich als Do-ocracy und offene Gruppe aus Freiwilligen gebildet und hat 2011 durch die Unterstützung des Arabischen Frühlings durch die Bereitstellung von sicheren Internetzugängen Aufsehen erregt.\n\nIm Gespräch mit Tim Pritlove berichet Telecomix-Aktivist Stephan Urbach von seinen Erfahrungen in dem Kollektiv, über technische Herausforderungen, psychische Belastungen und Erkenntnisse über Erfüllung und Überforderung im Einsatz für die gute Sache.\n\nThemen: Was es bedeutet, online zu gehen; Brieffreundschaften; Netzpolitischer Aktivismus in Schweden; mexikanische Seifenopern; Gründung von Telecomix; der arabische Frühling; Internet Dial-Ins für Ägypten; die Rolle des Internets im arabischen Frühling; Laternen als Stromquelle; Rufnummernsperrung und Netzverlangsamung in Libyen; Zugriff auf Firewalls Syriens; Psychische Belastung durch Konfrontation mit der Realität von Krisengebieten; Burn Out; Informationskrieg im Netz und die Wahrheit; Neue Quellenkultur im Internet; Telecomix fährt sich runter und wieder hoch; Netzsperren; Export von Zensursoftware; Anonymous und der massenhafte Aktionismus; Infragestellen von Machtstrukturen; Offene Strukturen gestalten und Verantwortung übernehmen; Rockstars der Netzkultur und der Umgang mit der Öffentlichkeit und Medien; Sozialkompetenz in Nerdkreisen; Behind Enemy Lines.",
  "publicationDate": "2011-12-26T08:00:07.000Z",
  "poster": "http://cre.fm/wp-content/cache/podlove/ff/0edc01e5859ab613842a004e78573c/cre188-telecomix_original.jpg",
  "link": "http://cre.fm/cre188-telecomix",
  "show": {
    "title": "CRE: Technik, Kultur, Gesellschaft",
    "subtitle": "Der Interview-Podcast mit Tim Pritlove",
    "summary": "Intensive und ausführliche Gespräche über Themen aus Technik, Kultur und Gesellschaft, das ist CRE. Interessante Gesprächspartner stehen Rede und Antwort zu Fragen, die man normalerweise selten gestellt bekommt. CRE möchte  aufklären, weiterbilden und unterhalten.",
    "poster": "http://cre.fm/wp-content/cache/podlove/6b/8074d85b886d8dedb4945715694ba7/cre-technik-kultur-gesellschaft_original.jpg",
    "link": "http://cre.fm"
  },
  "duration": "01:40:16",
  "chapters": [],
  "audio": [
    {
      "url": "https://tracking.feedpress.it/link/13440/1885506/cre188-telecomix.m4a",
      "mimeType": "audio/mp4",
      "size": 37757338,
      "title": "Audio MP4"
    }
  ],
  "reference": {
    "share": "//podlove-player.surge.sh/share",
    "config": "//podlove-player.surge.sh/fixtures/9af760a8.json",
    "origin": "http://cre.fm/cre188-telecomix"
  },
  "theme": {
    "main": "rgb(220,100,224)"
  }
}
