{
  "title": "LNP198 Freiwillige Cyberwehr",
  "subtitle": "Cyberwehr — NSA-UA — ICANN übernimmt IANA — Yahoo Email Scanner — Staatstrojaner für Smartphones — Termine",
  "summary": "Etwas angeschlagen nach der amtlichen Jahresparty von netzpolitik.org stolpern wir über die neuesten Wortungetüme der Vercyberisierung der deutschen Netzpolitik und versuchen ein wenig schlau zu werden aus der Umgestaltung der ICANN. Und nicht nur für Yahoo mit ihren fortgesetzten Leaks und Skandalen wird es schwierig werden, sich Markt zu behaupten, auch das BKA wird seine Probleme haben, den gewünschten Staatstrojaner für Smartphones und Tablets zu produzieren.",
  "publicationDate": "2016-10-08T18:11:46.000Z",
  "show": {
    "title": "Logbuch:Netzpolitik",
    "subtitle": "Einblicke und Ausblicke in das netzpolitische Geschehen",
    "summary": "Logbuch:Netzpolitik ist ein in der Regel wöchentlich erscheinender Podcast, der im Dialog zwischen Linus Neumann und Tim Pritlove die wichtigsten Themen und Ereignisse mit netzpolitischem Bezug aufgreift und diskutiert.",
    "poster": "http://logbuch-netzpolitik.de/wp-content/cache/podlove/92/de7e775cef6431203e4666e628294b/logbuchnetzpolitik_original.jpg",
    "url": "http://logbuch-netzpolitik.de"
  },
  "duration": "01:00:16",
  "chapters": [
    {
      "start": "00:00:00.000",
      "title": "Intro"
    },
    {
      "start": "00:00:29.002",
      "title": "Prolog"
    },
    {
      "start": "00:04:54.926",
      "title": "Logbuch:Netzpolitik Zweihundert"
    },
    {
      "start": "00:07:07.488",
      "title": "Kooperationsvereinbarung Cyberwehr"
    },
    {
      "start": "00:26:32.384",
      "title": "CCC-Gutachten NSA-UA"
    },
    {
      "start": "00:31:57.290",
      "title": "Yahoo Email-Scanner"
    },
    {
      "start": "00:39:41.205",
      "title": "Internet-Selbstverwaltung"
    },
    {
      "start": "00:49:55.128",
      "title": "Staatstrojaner fürs Smartphone"
    },
    {
      "start": "00:57:21.013",
      "title": "Termine"
    },
    {
      "start": "00:59:04.800",
      "title": "Epilog"
    }
  ],
  "audio": [
    "https://tracking.feedpress.it/link/13476/4591341/lnp198-freiwillige-cyberwehr.m4a"
  ],
  "theme": {
    "primary": "#7991F2"
  },
  "reference": {
    "share": "//podlove-player.surge.sh/share",
    "config": "//podlove-player.surge.sh/fixtures/9b1ce60d.json"
  }
}
