{
  "title": "LNP213 Judasgerät",
  "subtitle": "Vault7 — Geräte- und Accountuntersuchung an US-Grenze — Amazon Echo — Neues Videoüberwachungsgesetz",
  "summary": "Linus ist im Urlaub und daher spricht Tim heute mit Frank Rieger über die Erkenntnisse und Auswirkungen des \"Vault7\" getauften WikiLeaks-Leaks des internen Digitaleinbruchswerkzeugkoffers der CIA, den Trend der zunehmenden Geräte- und Account-Durchsuchung an der US-Grenze, der wachsenden Problematik  Mikrofon- und Kamera-bestückter Internet-of-Things-Apparaturen und dem neuen Videoüberwachungsverbesserungsgesetz, das der Bundestag beschlossen hat.",
  "publicationDate": "2017-03-16T13:38:40.000Z",
  "link": "http://logbuch-netzpolitik.de/lnp213-judasgeraet",
  "show": {
    "title": "Logbuch:Netzpolitik",
    "subtitle": "Einblicke und Ausblicke in das netzpolitische Geschehen",
    "summary": "Logbuch:Netzpolitik ist ein in der Regel wöchentlich erscheinender Podcast, der im Dialog zwischen Linus Neumann und Tim Pritlove die wichtigsten Themen und Ereignisse mit netzpolitischem Bezug aufgreift und diskutiert.",
    "poster": "http://logbuch-netzpolitik.de/wp-content/cache/podlove/92/de7e775cef6431203e4666e628294b/logbuchnetzpolitik_original.jpg",
    "link": "http://logbuch-netzpolitik.de"
  },
  "duration": "01:22:17",
  "chapters": [
    {
      "start": "00:00:00.000",
      "title": "Intro"
    },
    {
      "start": "00:00:36.007",
      "title": "Prolog"
    },
    {
      "start": "00:03:55.271",
      "title": "Vault7"
    },
    {
      "start": "00:50:58.152",
      "title": "Geräte- und Accountuntersuchung an der US-Grenze"
    },
    {
      "start": "00:59:30.590",
      "title": "Amazon liefert Echo-Daten ans Gericht"
    },
    {
      "start": "01:13:06.376",
      "title": "Bundestag genehmigt Ausbau der Videoüberwachung"
    },
    {
      "start": "01:20:53.256",
      "title": "Epilog"
    },
    {
      "start": "01:21:35.446",
      "title": "Bonus Track"
    }
  ],
  "audio": [
    {
      "url": "https://tracking.feedpress.it/link/13476/5518012/lnp213-judasgeraet.m4a",
      "mimeType": "audio/mp4",
      "size": 30917190,
      "title": "Audio MP4"
    }
  ],
  "reference": {
    "share": "//podlove-player.surge.sh/share",
    "config": "//podlove-player.surge.sh/fixtures/9de7f3ee.json",
    "origin": "http://logbuch-netzpolitik.de/lnp213-judasgeraet"
  },
  "theme": {
    "main": "rgb(218,207,164)"
  }
}
