{
  "title": "LNP197 Kulturell-demokratische Zukunft",
  "subtitle": "NDG abgesegnet — BND — NSA — Leistungsschutzrecht — Roaming — Datenschützer vs. Facebook — TK-Transparenzverordnung — Vorratsdaten — Chelsea Manning — Frag den Staat",
  "summary": "Eine Mischung aus schlechten und weniger schlechten Nachrichten bestimmt das Themenbild der 197. Ausgabe des Logbuchs. Wir tragen sie alle zusammen und kommentieren gewohnt launisch das Geschehen.",
  "publicationDate": "2016-09-30T16:45:46.000Z",
  "show": {
    "title": "Logbuch:Netzpolitik",
    "subtitle": "Einblicke und Ausblicke in das netzpolitische Geschehen",
    "summary": "Logbuch:Netzpolitik ist ein in der Regel wöchentlich erscheinender Podcast, der im Dialog zwischen Linus Neumann und Tim Pritlove die wichtigsten Themen und Ereignisse mit netzpolitischem Bezug aufgreift und diskutiert.",
    "poster": "http://logbuch-netzpolitik.de/wp-content/cache/podlove/92/de7e775cef6431203e4666e628294b/logbuchnetzpolitik_original.jpg",
    "url": "http://logbuch-netzpolitik.de"
  },
  "duration": "01:22:57",
  "chapters": [
    {
      "start": "00:00:00.000",
      "title": "Intro"
    },
    {
      "start": "00:00:36.768",
      "title": "Prolog"
    },
    {
      "start": "00:01:28.893",
      "title": "Nachrichtendienstgesetz in der Schweiz mit 65% im Referendum bestätigt"
    },
    {
      "start": "00:04:46.680",
      "title": "Diskussion um das BND-Gesetz"
    },
    {
      "start": "00:13:54.240",
      "title": "BND verheimlicht NSA-Sicherheitslücken"
    },
    {
      "start": "00:23:40.111",
      "title": "NSA verheimlicht 3 Jahre lang ihr Cyberwaffenleak"
    },
    {
      "start": "00:29:49.120",
      "title": "Oettinger schwört Verleger auf EU-LSR ein"
    },
    {
      "start": "00:47:47.960",
      "title": "Jetzt doch wieder Roaming"
    },
    {
      "start": "00:58:42.922",
      "title": "Caspar vs. Whatsapp & Facebook"
    },
    {
      "start": "01:03:57.103",
      "title": "Vorratsdatenspeicherung as a Service"
    },
    {
      "start": "01:15:17.218",
      "title": "Chelsea Manning wird für Suizidversuch bestraft"
    },
    {
      "start": "01:17:27.232",
      "title": "5 Jahre \"Frag den Staat\""
    },
    {
      "start": "01:20:14.549",
      "title": "Chaostreff Villingen-Schwenningen"
    },
    {
      "start": "01:21:21.461",
      "title": "Epilog"
    },
    {
      "start": "01:22:37.668",
      "title": "Bonus Track"
    }
  ],
  "audio": [
    "https://tracking.feedpress.it/link/13476/4537938/lnp197-kulturell-demokratische-zukunft.m4a"
  ],
  "theme": {
    "primary": "#F2C679"
  },
  "reference": {
    "share": "//podlove-player.surge.sh/share",
    "config": "//podlove-player.surge.sh/fixtures/9e32b4b7.json"
  }
}
