{
  "title": "CRE190 Rhetorik",
  "subtitle": "Die Geschichte und effektive Anwendung der Kunst der Rede",
  "summary": "Die Rhetorik ist die Kunst des Redens und es ist offensichtlich, dass der, der sie beherrscht, auf sein Umfeld einen deutlichen größeren Einfluss ausüben kann. Mit Elan und Plan zu argumentieren kann der wesentliche Schritt sein, Überzeugungsarbeit zu leisten und seinen Ideen Bahn zu brechen.\n\nIm Gespräch mit Tim Pritlove erläutert Martin Haase (maha), wie die Rhetorik in der Antike geboren wurde und bis heute weiterentwickelt wurde, wie man Reden und Vorträge herangehen sollte und welche Fehler es zu vermeiden gilt. Über die reine Behandlung der Rhetorik hinaus beschäftigt sich das Gespräch auch mit dem Halten von Vorträgen im allgemeinen und was für Präsentationen und Workshops sprachlich und im Verhalten beherzigen sollte.\n\nThemen: Entstehung der Rhetorik im antiken Griechenland; Sprechen mit einem Kieselstein im Mund; Gegen den Wind anreden; laut reden; Atemtechnik; Gedanken finden; Gedanken ordnen; Mind-Maps; Vom Gedanken zum Wort; Memorieren der Rede; Vortragen; Neusprech; Humor; Metaphern; Ironie; Schreiben fürs Lesen vs. Schreiben fürs Hören; Theatersprache; Vortragen durch Vorlesen; Geskriptete Vorträge; Pausen; Slides als Unterstützung des Vortragenden; die Rede in der Politik; das Gesetz der Fünf; Gesetz der wachsenden Glieder; Sprachweiterbildung; Das Problem der Zahlen; Emotion in der Rede; Dialekt und Mundart; Freie Rede; Res und Verba; die Umgebung als Gedankenstütze; Ruhe bewahren; laut sprechen; Blickkontakt; Überwinden der Angst; Reden in der Schule; Nervosität und das Aufbrechen der Stimmung; Inhaltliche Relevanz und Erwartungshaltungen.",
  "publicationDate": "2012-01-11T19:00:24.000Z",
  "poster": "http://cre.fm/wp-content/cache/podlove/61/6f9007c1731b963671e53dd0af094e/cre190-rhetorik_original.jpg",
  "link": "http://cre.fm/cre190-rhetorik",
  "show": {
    "title": "CRE: Technik, Kultur, Gesellschaft",
    "subtitle": "Der Interview-Podcast mit Tim Pritlove",
    "summary": "Intensive und ausführliche Gespräche über Themen aus Technik, Kultur und Gesellschaft, das ist CRE. Interessante Gesprächspartner stehen Rede und Antwort zu Fragen, die man normalerweise selten gestellt bekommt. CRE möchte  aufklären, weiterbilden und unterhalten.",
    "poster": "http://cre.fm/wp-content/cache/podlove/6b/8074d85b886d8dedb4945715694ba7/cre-technik-kultur-gesellschaft_original.jpg",
    "link": "http://cre.fm"
  },
  "duration": "02:27:38",
  "chapters": [],
  "audio": [
    {
      "url": "https://tracking.feedpress.it/link/13440/1885504/cre190-rhetorik.m4a",
      "mimeType": "audio/mp4",
      "size": 55254850,
      "title": "Audio MP4"
    }
  ],
  "reference": {
    "share": "//podlove-player.surge.sh/share",
    "config": "//podlove-player.surge.sh/fixtures/a013875d.json",
    "origin": "http://cre.fm/cre190-rhetorik"
  }
}
