{
  "title": "LS010 Podlove",
  "subtitle": "Über das Projekt Podlove, das sich der Verbesserung der Podcasting-Infrastruktur verschrieben hat",
  "summary": "In der zehnten Ausgabe des Lautsprecher steht endlich auch das von Tim angestossene und schon seit längerem aktive Projekt Podlove im Mittelpunkt. Als Verstärkung ist Claudia Krell mit dabei, die in die Moderatorenrolle schlüpft und das Modell hinterfragt. Wir sprechen über die ursprüngliche Motivation und Ausrichtung des Projektes, den bisher erzielten Fortschritt mit Podlove Publisher und Podlove Web Player, zukünftige Features und mögliche Erweiterungen des Tätigkeitsfeldes sowie das jüngst gestartete Crowdfunding für die aktive Entwicklung der Software.\n\nZum Abschluss sprechen wir noch über den Podcaster-Workshop in Berlin am 4. und 5. Mai und die geplanten Aktvitäten direkt danach auf der re:publica 2013.",
  "publicationDate": "2013-03-04T15:12:44.000Z",
  "link": "http://der-lautsprecher.de/ls010",
  "show": {
    "title": "Der Lautsprecher",
    "subtitle": "Ein Podcast über das Senden und Empfangen werden",
    "summary": "Der Lautsprecher ist ein Forum für Podcaster und solche, die es vielleicht werden wollen. Tim Pritlove spricht mit ausgewählten Gästen über Technik, Kultur und Methoden des Podcastings.",
    "poster": "http://der-lautsprecher.de/wp-content/cache/podlove/f3/5801c434d3ae2e00e6b5ee5379b08b/der-lautsprecher_original.jpg",
    "link": "http://der-lautsprecher.de"
  },
  "duration": "02:10:33",
  "chapters": [],
  "audio": [
    {
      "url": "https://tracking.feedpress.it/link/12319/1327931/ls010-podlove.mp3",
      "mimeType": "audio/mpeg",
      "size": 62726981,
      "title": "Audio MP4"
    }
  ],
  "reference": {
    "share": "//podlove-player.surge.sh/share",
    "config": "//podlove-player.surge.sh/fixtures/a0691280.json",
    "origin": "http://der-lautsprecher.de/ls010"
  },
  "theme": {
    "main": "rgb(116,185,248)"
  }
}
