{
  "title": "NSFW061 Keks ist Fortschritt",
  "subtitle": "",
  "summary": "Nach der langen Winterpause eröffnet die Metaebene mit einer neuen Ausgabe der Internationalen Unterhaltungsgala und versucht ein wenig zurück und voraus zu blicken. Dabei schrammen wir den 29C3, Pakistanische Ein-Tag-Pop-Stars, das Bahnfahren im Allgemeinen und im Besonderen, bringen die ARD zum weinen und preisen die Kommunität.",
  "publicationDate": "2013-01-07T20:51:38.000Z",
  "link": "http://not-safe-for-work.de/nsfw061-keks-ist-fortschritt/",
  "show": {
    "title": "Not Safe For Work",
    "subtitle": "Die Internationale Unterhaltungsgala mit Tim Pritlove und Holger Klein",
    "summary": "NSFW ist unkonventionell, unregelmäßig, unsinnig und ungemein unanständig. Garantiert mindestens zwei Worte pro Sendung, die man nicht auf der Arbeit sagen sollte. NSFW sollte nicht zu ernst genommen werden und selbstverständlich als Richtlinie aller Eurer künftigen Handlungen gelten.",
    "poster": "http://not-safe-for-work.de/wp-content/cache/podlove/0f/63751ecd7feba0789d91d4f9a45191/not-safe-for-work_original.jpg",
    "link": "http://not-safe-for-work.de"
  },
  "duration": "03:39:04",
  "chapters": [
    {
      "start": "00:00:00.000",
      "title": "Birthday Song"
    },
    {
      "start": "00:02:04.000",
      "title": "Begrüßung"
    },
    {
      "start": "00:11:40.000",
      "title": "29C3"
    },
    {
      "start": "00:33:11.000",
      "title": "Holgis Pläne für 2013"
    },
    {
      "start": "00:42:00.000",
      "title": "Tims Pläne für 2013"
    },
    {
      "start": "01:23:30.000",
      "title": "Professionelle Radio- und Fernsehsprecher"
    },
    {
      "start": "01:32:00.000",
      "title": "Bahn-Fahren und Carsharing"
    },
    {
      "start": "01:54:00.000",
      "title": "One pound fish im Schritt"
    },
    {
      "start": "02:08:00.000",
      "title": "Erholungsurlaub und 29C3 (Fortsetzung)"
    },
    {
      "start": "02:33:40.000",
      "title": "Geschenke"
    },
    {
      "start": "02:49:00.000",
      "title": "Skaten, wo und wie"
    },
    {
      "start": "03:09:05.000",
      "title": "Von hinten wie von vorn: B-E-T-T-I-N-A"
    },
    {
      "start": "03:20:25.000",
      "title": "Podcast-Empfehlungen und Holgis Küche"
    },
    {
      "start": "03:35:20.000",
      "title": "Outro: \"MITTEKILL - Jzt wrd gfckt\""
    }
  ],
  "audio": [
    {
      "url": "https://tracking.feedpress.it/link/13444/1886714/nsfw061-keks-ist-fortschritt.m4a",
      "mimeType": "audio/mp4",
      "size": 82017478,
      "title": "Audio MP4"
    }
  ],
  "reference": {
    "share": "//podlove-player.surge.sh/share",
    "config": "//podlove-player.surge.sh/fixtures/a08336ea.json",
    "origin": "http://not-safe-for-work.de/nsfw061-keks-ist-fortschritt/"
  },
  "theme": {
    "main": "rgb(242,156,148)"
  }
}
