{
  "title": "LS003 Podcast Publishing",
  "subtitle": "Publishing im Netz: Plugins und Content Management Systeme für das Podcasting",
  "summary": "Die dritte Ausgabe des Lautsprechers beschäftigt sich mit dem Publishing im Netz: Plugins und Content Management Systeme für das Podcasting sowie die Entwicklung in Richtung HTML5. Dazu suchte ich das Gespräch mit Gerrit van Aaken und besuchte ihn in seinem Büro in Würzburg.\n\nWir reden über die (kurze) Geschichte des Podcastings und wie sich das Podcasting selbst technisch aus der Blogtechnik entwickelt hat. Wir gehen danach ausführlich auf die einzelnen Elemente eines Podcast Feeds ein und diskutieren den Best Practice. Zu guter letzt nehmen wir die aktuellen Entwicklung von Medienplayern im Web ins Auge und besprechen welche Änderungen durch HTML5 zu erwarten sind.",
  "publicationDate": "2011-06-06T10:21:02.000Z",
  "link": "http://der-lautsprecher.de/ls003",
  "show": {
    "title": "Der Lautsprecher",
    "subtitle": "Ein Podcast über das Senden und Empfangen werden",
    "summary": "Der Lautsprecher ist ein Forum für Podcaster und solche, die es vielleicht werden wollen. Tim Pritlove spricht mit ausgewählten Gästen über Technik, Kultur und Methoden des Podcastings.",
    "poster": "http://der-lautsprecher.de/wp-content/cache/podlove/f3/5801c434d3ae2e00e6b5ee5379b08b/der-lautsprecher_original.jpg",
    "link": "http://der-lautsprecher.de"
  },
  "duration": "01:50:29",
  "chapters": [],
  "audio": [
    {
      "url": "https://tracking.feedpress.it/link/12319/1327938/ls003-podcast-publishing.mp3",
      "mimeType": "audio/mpeg",
      "size": 53085429,
      "title": "Audio MP4"
    }
  ],
  "reference": {
    "share": "//podlove-player.surge.sh/share",
    "config": "//podlove-player.surge.sh/fixtures/a15d974e.json",
    "origin": "http://der-lautsprecher.de/ls003"
  },
  "theme": {
    "main": "rgb(116,185,248)"
  }
}
