{
  "title": "NSFW051 Nicht in meiner Timeline",
  "subtitle": "",
  "summary": "Gerade erst zurück vom letzten Hörerinnengrillen zurück machten wir uns über die nächste Sendung her und ließen allerlei frische Eindrücke vom Feld ins Gespräch einfliessen.",
  "publicationDate": "2012-06-18T16:15:34.000Z",
  "link": "http://not-safe-for-work.de/nsfw051-nicht-in-meiner-timeline/",
  "show": {
    "title": "Not Safe For Work",
    "subtitle": "Die Internationale Unterhaltungsgala mit Tim Pritlove und Holger Klein",
    "summary": "NSFW ist unkonventionell, unregelmäßig, unsinnig und ungemein unanständig. Garantiert mindestens zwei Worte pro Sendung, die man nicht auf der Arbeit sagen sollte. NSFW sollte nicht zu ernst genommen werden und selbstverständlich als Richtlinie aller Eurer künftigen Handlungen gelten.",
    "poster": "http://not-safe-for-work.de/wp-content/cache/podlove/0f/63751ecd7feba0789d91d4f9a45191/not-safe-for-work_original.jpg",
    "link": "http://not-safe-for-work.de"
  },
  "duration": "03:39:50",
  "chapters": [],
  "audio": [
    {
      "url": "https://tracking.feedpress.it/link/13444/1886724/nsfw051-nicht-in-meiner-timeline.m4a",
      "mimeType": "audio/mp4",
      "size": 82297146,
      "title": "Audio MP4"
    }
  ],
  "reference": {
    "share": "//podlove-player.surge.sh/share",
    "config": "//podlove-player.surge.sh/fixtures/a1b051e1.json",
    "origin": "http://not-safe-for-work.de/nsfw051-nicht-in-meiner-timeline/"
  },
  "theme": {
    "main": "rgb(242,156,148)"
  }
}
