{
  "title": "LS018 Audioformate für Podcasts",
  "subtitle": "Über Vor- und Nachteile von Audioformaten und den Problemen mit Playern und Verzeichnissen",
  "summary": "Podcaster haben die Qual der Wahl: welches Audioformat soll man nehmen, mit welcher Samplingfrequenz, welcher Bitrate soll die Datei erstellt werden und welches Format bietet welche Features und welche Qualität? Gemeinsam mit Georg Holzmann von Auphonic spreche ich über die immer noch existierende Konfusion rund um die Formate, bei der es immer noch keinen klaren König zu geben scheint.",
  "publicationDate": "2016-09-01T18:42:31.000Z",
  "link": "http://der-lautsprecher.de/ls018-audioformate-fuer-podcasts",
  "show": {
    "title": "Der Lautsprecher",
    "subtitle": "Ein Podcast über das Senden und Empfangen werden",
    "summary": "Der Lautsprecher ist ein Forum für Podcaster und solche, die es vielleicht werden wollen. Tim Pritlove spricht mit ausgewählten Gästen über Technik, Kultur und Methoden des Podcastings.",
    "poster": "http://der-lautsprecher.de/wp-content/cache/podlove/f3/5801c434d3ae2e00e6b5ee5379b08b/der-lautsprecher_original.jpg",
    "link": "http://der-lautsprecher.de"
  },
  "duration": "01:52:17",
  "chapters": [
    {
      "start": "00:00:00.000",
      "title": "4 Jahre Auphonic"
    },
    {
      "start": "00:10:50.976",
      "title": "Medienformate"
    },
    {
      "start": "00:18:40.055",
      "title": "Digitale Audiowandlung"
    },
    {
      "start": "00:22:16.812",
      "title": "MP3"
    },
    {
      "start": "00:37:14.117",
      "title": "MP3 Kapitelmarken"
    },
    {
      "start": "00:43:50.478",
      "title": "MP3 Encoder"
    },
    {
      "start": "01:00:23.381",
      "title": "AAC"
    },
    {
      "start": "01:06:27.278",
      "title": "MP4 Kapitelmarken"
    },
    {
      "start": "01:16:02.452",
      "title": "Mehrere Formate in mehreren Feeds"
    },
    {
      "start": "01:27:51.029",
      "title": "Vorbis und Opus"
    },
    {
      "start": "01:35:25.876",
      "title": "Bitraten-Vergleiche"
    },
    {
      "start": "01:39:15.157",
      "title": "FLAC und ALAC"
    },
    {
      "start": "01:44:00.545",
      "title": "Fazit"
    }
  ],
  "audio": [
    {
      "url": "https://tracking.feedpress.it/link/12319/4310139/ls018-audioformate-fuer-podcasts.mp3",
      "mimeType": "audio/mpeg",
      "size": 67613365,
      "title": "Audio MP4"
    }
  ],
  "reference": {
    "share": "//podlove-player.surge.sh/share",
    "config": "//podlove-player.surge.sh/fixtures/a21062b6.json",
    "origin": "http://der-lautsprecher.de/ls018-audioformate-fuer-podcasts"
  },
  "theme": {
    "main": "rgb(116,185,248)"
  }
}
