{
  "title": "NSFW077 Schmeckt wie Weihnachten",
  "subtitle": "Bitcoins, Fahrräder. Paketversand und die Blumenwiese des Melancholikers",
  "summary": "Wir begrüßen die Schar der Hörerinnen zu einer weiteren gewagten Ausgabe der internationalen Unterhaltungsgala, die Euch mit so aromatischen und sympathischen Themen wie orthopädischen Schuheinlagen den Tag versüßt. Wir verzaubern Euch mit Klagen über Alterskrankheiten und räsonieren über das Erstweltproblem des Fünftradkaufs. Klingt nach Not Safe For Work? Check.",
  "publicationDate": "2013-11-06T15:21:52.000Z",
  "link": "http://not-safe-for-work.de/nsfw077-schmeckt-wie-weihnachten/",
  "show": {
    "title": "Not Safe For Work",
    "subtitle": "Die Internationale Unterhaltungsgala mit Tim Pritlove und Holger Klein",
    "summary": "NSFW ist unkonventionell, unregelmäßig, unsinnig und ungemein unanständig. Garantiert mindestens zwei Worte pro Sendung, die man nicht auf der Arbeit sagen sollte. NSFW sollte nicht zu ernst genommen werden und selbstverständlich als Richtlinie aller Eurer künftigen Handlungen gelten.",
    "poster": "http://not-safe-for-work.de/wp-content/cache/podlove/0f/63751ecd7feba0789d91d4f9a45191/not-safe-for-work_original.jpg",
    "link": "http://not-safe-for-work.de"
  },
  "duration": "02:37:07",
  "chapters": [
    {
      "start": "00:00:00.000",
      "title": "Intro"
    },
    {
      "start": "00:03:10.000",
      "title": "Einstieg mit Radiofoo und Retrowalkmen"
    },
    {
      "start": "00:32:31.000",
      "title": "Politik und Überwachung"
    },
    {
      "start": "01:09:36.000",
      "title": "Fahrräder und E-Mobile"
    },
    {
      "start": "01:41:21.000",
      "title": "Podcasts, Post und Postings"
    },
    {
      "start": "02:11:04.000",
      "title": "Tipps für Lauffaule und Fußkranke"
    },
    {
      "start": "02:33:52.000",
      "title": "Outro"
    }
  ],
  "audio": [
    {
      "url": "https://tracking.feedpress.it/link/13444/1886698/nsfw077-schmeckt-wie-weihnachten.m4a",
      "mimeType": "audio/mp4",
      "size": 59111392,
      "title": "Audio MP4"
    }
  ],
  "reference": {
    "share": "//podlove-player.surge.sh/share",
    "config": "//podlove-player.surge.sh/fixtures/a48afde6.json",
    "origin": "http://not-safe-for-work.de/nsfw077-schmeckt-wie-weihnachten/"
  },
  "theme": {
    "main": "rgb(242,156,148)"
  }
}
