{
  "title": "LNP206 Goldene Zeiten",
  "subtitle": "Datenhehlerei — Trump-Dossier — Fake News — WhatsApp — NSA-Geschenk — Cyberwaffen",
  "summary": "Heute ist wieder einmal Ulf Buermeyer zu Gast, über den wir unter anderem über die neuen Klagepläne der Gesellschaft für Freiheitsrechte gegen den Tatbestand der Datenhehlerei sprechen. Dazu reden wir über die Diskussion um das Veröffentlichen des Trump-Dossiers, den Umgang von Trump mit der Presse, die Debatte um Fake News auf Facebook, die sogenannte Sicherheitslücke in WhatsApp, neue Rechte für die amerikanischen Geheimdienste und über die Frage, ob wir auf einen globalen Cyberkrieg zusteuern.",
  "publicationDate": "2017-01-16T15:50:07.000Z",
  "link": "http://logbuch-netzpolitik.de/lnp206-goldene-zeiten",
  "show": {
    "title": "Logbuch:Netzpolitik",
    "subtitle": "Einblicke und Ausblicke in das netzpolitische Geschehen",
    "summary": "Logbuch:Netzpolitik ist ein in der Regel wöchentlich erscheinender Podcast, der im Dialog zwischen Linus Neumann und Tim Pritlove die wichtigsten Themen und Ereignisse mit netzpolitischem Bezug aufgreift und diskutiert.",
    "poster": "http://logbuch-netzpolitik.de/wp-content/cache/podlove/92/de7e775cef6431203e4666e628294b/logbuchnetzpolitik_original.jpg",
    "link": "http://logbuch-netzpolitik.de"
  },
  "duration": "02:16:01",
  "chapters": [
    {
      "start": "00:00:00.000",
      "title": "Intro"
    },
    {
      "start": "00:00:31.925",
      "title": "Prolog"
    },
    {
      "start": "00:02:29.718",
      "title": "Verfassungsbeschwerde gegen Anti-Whistleblower-Gesetz"
    },
    {
      "start": "00:44:06.132",
      "title": "Das Trump-Dossier"
    },
    {
      "start": "00:59:14.003",
      "title": "Fake News"
    },
    {
      "start": "01:21:47.951",
      "title": "WhatsApp-Angriff"
    },
    {
      "start": "01:41:57.533",
      "title": "Abschiedsgeschenk an die NSA"
    },
    {
      "start": "01:48:08.189",
      "title": "Maaßen und die Cyberwaffen"
    },
    {
      "start": "02:12:52.314",
      "title": "Epilog"
    }
  ],
  "audio": [
    "https://tracking.feedpress.it/link/13476/5150317/lnp206-goldene-zeiten.m4a"
  ],
  "reference": {
    "share": "//podlove-player.surge.sh/share",
    "config": "//podlove-player.surge.sh/fixtures/a7501b84.json",
    "origin": "http://logbuch-netzpolitik.de/lnp206-goldene-zeiten"
  },
  "theme": {
    "main": "rgb(218,207,164)"
  }
}
