{
  "title": "NSFW075 Tokamak und Stellarator jagen Dr. Avogadro",
  "subtitle": "Fußball, Augentropfen,  Waschtrockner, Integrationsgetränke, das neue Kilogramm und viel Film",
  "summary": "Ohne Rücksicht auf Wiederholungen kramen wir heute in unseren dünnen Geschichte und klappern in Deutschland so beliebte Themen wie Fußball und Bier ab, widmen uns dem Shameless Selfplugging und üben uns in Zweipotenzen. Während Holgi nachdenkt, ob er sich das noch unangekündigte iPhone unbedingt kaufen muss, räsoniert Tim über seine Lieblingsfilme und ob man in der Vierzigern sich eigentlich noch von irgendwas nachhaltig prägen lassen kann.",
  "publicationDate": "2013-09-09T14:59:34.000Z",
  "link": "http://not-safe-for-work.de/nsfw075-tokamak-und-stellarator-jagen-dr-avogadro/",
  "show": {
    "title": "Not Safe For Work",
    "subtitle": "Die Internationale Unterhaltungsgala mit Tim Pritlove und Holger Klein",
    "summary": "NSFW ist unkonventionell, unregelmäßig, unsinnig und ungemein unanständig. Garantiert mindestens zwei Worte pro Sendung, die man nicht auf der Arbeit sagen sollte. NSFW sollte nicht zu ernst genommen werden und selbstverständlich als Richtlinie aller Eurer künftigen Handlungen gelten.",
    "poster": "http://not-safe-for-work.de/wp-content/cache/podlove/0f/63751ecd7feba0789d91d4f9a45191/not-safe-for-work_original.jpg",
    "link": "http://not-safe-for-work.de"
  },
  "duration": "03:14:25",
  "chapters": [
    {
      "start": "00:00:00.000",
      "title": "Intro"
    },
    {
      "start": "00:02:07.000",
      "title": "Holgis Reiseaktivitäten"
    },
    {
      "start": "00:18:30.000",
      "title": "Fußball"
    },
    {
      "start": "00:36:30.000",
      "title": "Augentropfen"
    },
    {
      "start": "00:44:08.000",
      "title": "IFA und Waschmaschinen"
    },
    {
      "start": "00:58:35.000",
      "title": "Politik"
    },
    {
      "start": "01:24:52.000",
      "title": "iPhone und Paketöffnung"
    },
    {
      "start": "01:36:04.000",
      "title": "Postkarten"
    },
    {
      "start": "01:47:28.000",
      "title": "Kilogramm, Hörerpost"
    },
    {
      "start": "02:16:03.000",
      "title": "Filme"
    },
    {
      "start": "03:04:09.000",
      "title": "Freiheit-statt-Angst-Demo"
    },
    {
      "start": "03:10:17.000",
      "title": "Outro"
    }
  ],
  "audio": [
    {
      "url": "https://tracking.feedpress.it/link/13444/1886700/nsfw075-tokamak-und-stellarator-jagen-dr-avogadro.m4a",
      "mimeType": "audio/mp4",
      "size": 73058697,
      "title": "Audio MP4"
    }
  ],
  "reference": {
    "share": "//podlove-player.surge.sh/share",
    "config": "//podlove-player.surge.sh/fixtures/a7b2beb3.json",
    "origin": "http://not-safe-for-work.de/nsfw075-tokamak-und-stellarator-jagen-dr-avogadro/"
  },
  "theme": {
    "main": "rgb(242,156,148)"
  }
}
