{
  "title": "TLF007 Podcaster-Talk auf der ICMP3",
  "subtitle": "",
  "summary": "",
  "publicationDate": "2006-08-06T23:50:20.000Z",
  "link": "http://tim.pritlove.org/2006/08/07/tlf007/",
  "show": {
    "title": "The Lunatic Fringe",
    "subtitle": "Merkwürdiges und Denkwürdiges von Tim Pritlove",
    "summary": "Lunatic Fringe ist ein experimenteller Audiopodcast mit wechselnden Inhalten und Stimmungslagen.",
    "poster": "http://tim.pritlove.org/wp-content/cache/podlove/a3/5f409d7acf6bc487c2023915e3afd8/the-lunatic-fringe_original.jpg",
    "link": "http://tim.pritlove.org"
  },
  "duration": "00:56:14",
  "chapters": [],
  "audio": [
    {
      "url": "https://tracking.feedpress.it/link/13551/1926863/tlf007.m4a",
      "mimeType": "audio/mp4",
      "size": 34742442,
      "title": "Audio MP4"
    }
  ],
  "reference": {
    "share": "//podlove-player.surge.sh/share",
    "config": "//podlove-player.surge.sh/fixtures/a800fb5f.json",
    "origin": "http://tim.pritlove.org/2006/08/07/tlf007/"
  },
  "theme": {
    "main": "rgb(228,184,167)"
  }
}
