{
  "title": "CRE208 Neuronale Netze",
  "subtitle": "Über aktuelle Durchbrüche im Bereich der Künstlichen Intelligenz und deren Auswirkungen",
  "summary": "Der künstlichen Intelligenz im Allgemeinen und neuronalen Netzen im besonderen wurde schon immer eine große Zukunft vorausgesagt. Doch erst seit ein paar Jahren ist die Forschung und die Geschwindigkeit der Rechner so weit gediehen, dass wirkliche Durchbrüche zu erzielen waren. Persönliche Assistenten und andere hochkomplexe Analysen von Daten werden jetzt Realität und werden nicht folgenlos bleiben. Der Programmierer und Mathematiker Ulf Schöneberg erläutert, wie neuronale Netze funktionieren und welche Anwendungen künftig vorstellbar sind.",
  "publicationDate": "2015-10-20T20:49:46.000Z",
  "poster": "http://cre.fm/wp-content/cache/podlove/3c/c03b18f92153aea90211bbbe1011e9/cre208-neuronale-netze_original.jpg",
  "link": "http://cre.fm/cre208-neuronale-netze",
  "show": {
    "title": "CRE: Technik, Kultur, Gesellschaft",
    "subtitle": "Der Interview-Podcast mit Tim Pritlove",
    "summary": "Intensive und ausführliche Gespräche über Themen aus Technik, Kultur und Gesellschaft, das ist CRE. Interessante Gesprächspartner stehen Rede und Antwort zu Fragen, die man normalerweise selten gestellt bekommt. CRE möchte  aufklären, weiterbilden und unterhalten.",
    "poster": "http://cre.fm/wp-content/cache/podlove/6b/8074d85b886d8dedb4945715694ba7/cre-technik-kultur-gesellschaft_original.jpg",
    "link": "http://cre.fm"
  },
  "duration": "02:45:51",
  "chapters": [
    {
      "start": "00:00:00.000",
      "title": "Intro"
    },
    {
      "start": "00:01:26.971",
      "title": "Begrüßung"
    },
    {
      "start": "00:02:52.170",
      "title": "Vorstellung"
    },
    {
      "start": "00:12:57.169",
      "title": "Data Science"
    },
    {
      "start": "00:18:46.320",
      "title": "Big Data und Spam"
    },
    {
      "start": "00:33:33.795",
      "title": "Big Data in der Wissenschaft"
    },
    {
      "start": "00:44:42.900",
      "title": "Relationale Datenbanken"
    },
    {
      "start": "01:00:38.665",
      "title": "Google"
    },
    {
      "start": "01:11:12.317",
      "title": "Erste Gehversuche mit neuronale Netzen"
    },
    {
      "start": "01:26:18.282",
      "title": "Durchbruch für neuronale Netze"
    },
    {
      "start": "01:37:34.333",
      "title": "Wie ein neuronales Netz lernt"
    },
    {
      "start": "02:14:23.788",
      "title": "Technikfolgenabschätzung"
    },
    {
      "start": "02:44:21.000",
      "title": "Abschied"
    }
  ],
  "audio": [
    {
      "url": "https://tracking.feedpress.it/link/13440/1910154/cre208-neuronale-netze.m4a",
      "mimeType": "audio/mp4",
      "size": 65001009,
      "title": "Audio MP4"
    }
  ],
  "reference": {
    "share": "//podlove-player.surge.sh/share",
    "config": "//podlove-player.surge.sh/fixtures/aa6fbf8e.json",
    "origin": "http://cre.fm/cre208-neuronale-netze"
  },
  "theme": {
    "main": "rgb(129,156,196)"
  }
}
