{
  "title": "LS007 Auphonic",
  "subtitle": "Ein webbasiertes System zum automatischen Bearbeiten von Podcasts",
  "summary": "Auphonic ist ein neuer Dienst, der nicht weniger als anspruchsvolle Podcast Post-Production verspricht und jetzt in seine öffentliche Betaphase tritt. Auphonic führt auf Rohaufnahmen eine umfangreiche automatische Audiobearbeitung durch, überführt die Aufnahme in ein oder mehrere Medienformate und sorgt auch für eine universelle und umfangreiche Beglückung mit Metadaten in diesen Dateien. Das Endergebnis wird dann automatisch auf den eigenen Server hochgeladen.\n\nAnlässlich des Podlove Developer Meetings, das am letzten Wochenende in Berlin stattfand, war Georg Holzmann - Initiator und einer der Entwickler von Auphonic - zu Gast in der Metaebene und stellt sein Projekt im Detail vor.",
  "publicationDate": "2012-03-21T23:06:30.000Z",
  "link": "http://der-lautsprecher.de/ls007",
  "show": {
    "title": "Der Lautsprecher",
    "subtitle": "Ein Podcast über das Senden und Empfangen werden",
    "summary": "Der Lautsprecher ist ein Forum für Podcaster und solche, die es vielleicht werden wollen. Tim Pritlove spricht mit ausgewählten Gästen über Technik, Kultur und Methoden des Podcastings.",
    "poster": "http://der-lautsprecher.de/wp-content/cache/podlove/f3/5801c434d3ae2e00e6b5ee5379b08b/der-lautsprecher_original.jpg",
    "link": "http://der-lautsprecher.de"
  },
  "duration": "01:34:58",
  "chapters": [],
  "audio": [
    {
      "url": "https://tracking.feedpress.it/link/12319/1327934/ls007-auphonic.mp3",
      "mimeType": "audio/mpeg",
      "size": 45639257,
      "title": "Audio MP4"
    }
  ],
  "reference": {
    "share": "//podlove-player.surge.sh/share",
    "config": "//podlove-player.surge.sh/fixtures/abdd540a.json",
    "origin": "http://der-lautsprecher.de/ls007"
  },
  "theme": {
    "main": "rgb(116,185,248)"
  }
}
