{
  "title": "NSFW053 Spucki muss ins Heim",
  "subtitle": "",
  "summary": "Es geht wieder hoch her im NSFW-Universum. Wir reden heute viel über Transkription, Crowdfunding und anderen Quatsch.",
  "publicationDate": "2012-07-16T15:09:34.000Z",
  "link": "http://not-safe-for-work.de/nsfw053-spucki-muss-ins-heim/",
  "show": {
    "title": "Not Safe For Work",
    "subtitle": "Die Internationale Unterhaltungsgala mit Tim Pritlove und Holger Klein",
    "summary": "NSFW ist unkonventionell, unregelmäßig, unsinnig und ungemein unanständig. Garantiert mindestens zwei Worte pro Sendung, die man nicht auf der Arbeit sagen sollte. NSFW sollte nicht zu ernst genommen werden und selbstverständlich als Richtlinie aller Eurer künftigen Handlungen gelten.",
    "poster": "http://not-safe-for-work.de/wp-content/cache/podlove/0f/63751ecd7feba0789d91d4f9a45191/not-safe-for-work_original.jpg",
    "link": "http://not-safe-for-work.de"
  },
  "duration": "03:05:25",
  "chapters": [],
  "audio": [
    {
      "url": "https://tracking.feedpress.it/link/13444/1886722/nsfw053-spucki-muss-ins-heim.m4a",
      "mimeType": "audio/mp4",
      "size": 69427438,
      "title": "Audio MP4"
    }
  ],
  "reference": {
    "share": "//podlove-player.surge.sh/share",
    "config": "//podlove-player.surge.sh/fixtures/ac28036d.json",
    "origin": "http://not-safe-for-work.de/nsfw053-spucki-muss-ins-heim/"
  },
  "theme": {
    "main": "rgb(242,156,148)"
  }
}
