{
  "title": "LS012 Das Sendezentrum",
  "subtitle": "Live-Event-Podcasting und die Nutzung von Radioformaten für Veranstaltungen",
  "summary": "Das Sendezentrum ist ein Projekt von Claudia Krell, Ralf Stockmann und Tim Pritlove und kam erstmal auf der re:publica 13 zum Vorschein: ein Raum mit Live-Radio-Bühne und Zuschauern, wo einmal am Tag \"Die Sondersendung\" produziert wurde – ein Magazin, dass mit Interviews und anderen Beiträgen versucht, den Charakter der umgebenden Veranstaltung möglichst frisch und unterhaltsam rüberzubringen. Auf dem kommenden 30. Chaos Communication Congress wird das Projekt jetzt etwas größer fortgesetzt.\n\nIn dieser Ausgabe des Lautsprechers sprechen wir über unsere Motivation, unsere Erfahrungen aus dem ersten Versuch und ähnlichen Events wie dem Bundesradio und über unsere Ziele und Planungen für den kommenden Einsatz. Darüberhinaus philosophieren wir ein wenig über Veranstaltungen im Allgemeinen, warum Panels eine dumme Idee sind und wie man Veranstaltungen an sich aufwerten und lebendiger machen kann.",
  "publicationDate": "2013-12-04T22:23:04.000Z",
  "link": "http://der-lautsprecher.de/ls012-das-sendezentrum",
  "show": {
    "title": "Der Lautsprecher",
    "subtitle": "Ein Podcast über das Senden und Empfangen werden",
    "summary": "Der Lautsprecher ist ein Forum für Podcaster und solche, die es vielleicht werden wollen. Tim Pritlove spricht mit ausgewählten Gästen über Technik, Kultur und Methoden des Podcastings.",
    "poster": "http://der-lautsprecher.de/wp-content/cache/podlove/f3/5801c434d3ae2e00e6b5ee5379b08b/der-lautsprecher_original.jpg",
    "link": "http://der-lautsprecher.de"
  },
  "duration": "01:34:47",
  "chapters": [],
  "audio": [
    {
      "url": "https://tracking.feedpress.it/link/12319/1327929/ls012-das-sendezentrum.mp3",
      "mimeType": "audio/mpeg",
      "size": 56940143,
      "title": "Audio MP4"
    }
  ],
  "reference": {
    "share": "//podlove-player.surge.sh/share",
    "config": "//podlove-player.surge.sh/fixtures/ac8f37e9.json",
    "origin": "http://der-lautsprecher.de/ls012-das-sendezentrum"
  },
  "theme": {
    "main": "rgb(116,185,248)"
  }
}
