{
  "title": "FS190 Bitte werfen Sie eine Münze ein",
  "subtitle": "Die Live-Show aus dem Sendezentrum auf dem 33C3",
  "summary": "Es war wieder Congress und wir entschlossen uns, eine weitere Freak Show auf der Bühne des Sendezentrums durchzuführen. Es geht um allerlei Belangloses und im Kern machen wir uns nur zum Horst. Aber das muss ja auch mal sein. Wir danken allen, die gekommen sind.",
  "publicationDate": "2017-01-03T16:12:54.000Z",
  "link": "http://freakshow.fm/fs190-bitte-werfen-sie-eine-muenze-ein",
  "show": {
    "title": "Freak Show",
    "subtitle": "Menschen! Technik! Sensationen!",
    "summary": "Die muntere Talk Show um Leben mit Technik, das Netz und Technikkultur. Bisweilen Apple-lastig aber selten einseitig. Wir leben und lieben Technologie und reden darüber. Mit Tim, hukl, roddi, Clemens und Denis. Freak Show hieß irgendwann mal mobileMacs.",
    "poster": "http://freakshow.fm/wp-content/cache/podlove/04/662a9d4edcf77ea2abe3c74681f509/freak-show_original.jpg",
    "link": "http://freakshow.fm"
  },
  "duration": "01:34:15",
  "chapters": [
    {
      "start": "00:00:00.000",
      "title": "Intro"
    },
    {
      "start": "00:01:23.494",
      "title": "Opener"
    },
    {
      "start": "00:01:48.396",
      "title": "Begrüßung"
    },
    {
      "start": "00:04:31.088",
      "title": "Passwörter"
    },
    {
      "start": "00:07:32.367",
      "title": "Kopfhörer"
    },
    {
      "start": "00:08:59.677",
      "title": "Clemens ruft an"
    },
    {
      "start": "00:16:10.764",
      "title": "Kopfhörerpartys"
    },
    {
      "start": "00:21:37.158",
      "title": "33C3 Lounge"
    },
    {
      "start": "00:25:07.297",
      "title": "Glücksmelodieautomat"
    },
    {
      "start": "00:27:14.426",
      "title": "There is no game"
    },
    {
      "start": "00:30:09.298",
      "title": "Luftqualität"
    },
    {
      "start": "00:34:14.713",
      "title": "Carrie Fisher"
    },
    {
      "start": "00:38:10.653",
      "title": "33C3 Kidspace"
    },
    {
      "start": "00:39:59.788",
      "title": "Edward Snowden war da"
    },
    {
      "start": "00:41:59.188",
      "title": "Optimismus"
    },
    {
      "start": "00:52:42.660",
      "title": "Webverzeichnis"
    },
    {
      "start": "00:59:22.804",
      "title": "Startseiten"
    },
    {
      "start": "01:04:15.255",
      "title": "Verhinderte Kunstprojekte"
    },
    {
      "start": "01:07:14.609",
      "title": "Kram"
    },
    {
      "start": "01:13:10.023",
      "title": "Einhornliebe"
    },
    {
      "start": "01:15:09.346",
      "title": "Ardutouch Synthesizer"
    },
    {
      "start": "01:17:53.400",
      "title": "Tims Marotten"
    },
    {
      "start": "01:23:56.074",
      "title": "Soziale Feedbackschleife"
    },
    {
      "start": "01:28:45.944",
      "title": "Ausklang"
    }
  ],
  "audio": [
    {
      "url": "https://tracking.feedpress.it/link/13453/5074213/fs190-bitte-werfen-sie-eine-muenze-ein.m4a",
      "mimeType": "audio/mp4",
      "size": 37913008,
      "title": "Audio MP4"
    }
  ],
  "reference": {
    "share": "//podlove-player.surge.sh/share",
    "config": "//podlove-player.surge.sh/fixtures/adb7ee31.json",
    "origin": "http://freakshow.fm/fs190-bitte-werfen-sie-eine-muenze-ein"
  },
  "theme": {
    "main": "rgb(251,237,186)"
  }
}
