{
  "title": "CRE182 Elektronisches Geld",
  "subtitle": "Von eCash bis Bitcoin",
  "summary": "Schon in den 1990er Jahren versuchten Kryptographen Wege zu entwickeln, wie man das Konzept \"Geld\" in elektronischer Form realisieren kann, um Werte im Internet weiterreichen zu können. Nach kurzen Experimenten mit digitalem Münzgeld setzten sich dann zunächst reine Weiterleitungsdienste wie PayPal durch. Durch das relativ neue Projekt Bitcoin ist elektronisches Geld wieder in aller Munde. Im Gegensatz zu früheren Ansätzen wird hier auf ein Peer-To-Peer-System gesetzt, in dem alle finanziellen Transaktionen jedem zur Kenntnis gegeben werden. Im Gespräch mit Tim Pritlove erläutert Andreas Bogk die kryptographischen Grundlagen von eCash und Bitcoin.\n\nThemen: kommutative asymmetrische Kryptosysteme; Double Spending Problem; Blinding; eCash; PayPal; Bitcoin; die Dezentralbank; Hashfunktionen; der Bitcoin-Geldschöpfungsprozess; Transaktionskosten; Mining Pools; technische Schwachstellen von Bitcoin; Verifikation der Transaktionen; Implikationen unabhängiger Währungen; Bitcoin Exchanges; Nachvollziehbarkeit von Finanzflüssen; Drogenhandel und Geldwäsche im Bitcoin-Universum; Bitcoin und das Finanzamt; Aufwand und Kosten des Bitcoin Minings.",
  "publicationDate": "2011-06-11T22:15:00.000Z",
  "poster": "http://cre.fm/wp-content/cache/podlove/91/54e1aa02db6dc682d99b42e4896e90/cre182-elektronisches-geld_original.jpg",
  "link": "http://cre.fm/cre182-elektronisches-geld",
  "show": {
    "title": "CRE: Technik, Kultur, Gesellschaft",
    "subtitle": "Der Interview-Podcast mit Tim Pritlove",
    "summary": "Intensive und ausführliche Gespräche über Themen aus Technik, Kultur und Gesellschaft, das ist CRE. Interessante Gesprächspartner stehen Rede und Antwort zu Fragen, die man normalerweise selten gestellt bekommt. CRE möchte  aufklären, weiterbilden und unterhalten.",
    "poster": "http://cre.fm/wp-content/cache/podlove/6b/8074d85b886d8dedb4945715694ba7/cre-technik-kultur-gesellschaft_original.jpg",
    "link": "http://cre.fm"
  },
  "duration": "02:18:14",
  "chapters": [],
  "audio": [
    {
      "url": "https://tracking.feedpress.it/link/13440/1885512/cre182-elektronisches-geld.m4a",
      "mimeType": "audio/mp4",
      "size": 51839199,
      "title": "Audio MP4"
    }
  ],
  "reference": {
    "share": "//podlove-player.surge.sh/share",
    "config": "//podlove-player.surge.sh/fixtures/ae0eae7.json",
    "origin": "http://cre.fm/cre182-elektronisches-geld"
  },
  "theme": {
    "main": "rgb(132,156,196)"
  }
}
