{
  "title": "CRE176 Cloud Computing",
  "subtitle": "Was sich in der Wolke so abspielt und wie diese Dinge einzuschätzen sind",
  "summary": "Cloud Computing wird viel diskutiert und wenig verstanden. In den letzten Jahren nimmt die Zahl der Dienste und Dienstarten \"in der Wolke\" ständig zu und man verliert schnell den Überblick, was hier eigentlich noch womit konkurriert und welche Einsatzmöglichkeiten bietet. Im Gespräch mit Tim Pritlove bietet Tobias Rodäbel einen Überblick über die Landschaft von Cloud Services und stellt die Funktionsweise von Cloud Computing Plattformen vor.\n\nThemen: Entwicklung von frühen Diensten im Internet; Webmail; Verteiltes Rechnen und Virtualisierung; Infrastructure as a Service; Populäre Infrastrukturanbieter; Platform as a Service; der neue Betriebssystemkampf in der Wolke; Zuverlässigkeiten und Abhängigkeiten; Cloud Services, Datenschutz und Privatsphäre; welche Anwendungen sich für Cloud-Plattformen eigenen und welche nicht; Webanwendungen vs. Native Anwendungen; Google App Engine und TyphoonAE; Open Source Alternativen für Cloud Technologien; wo Cloud Services für Firmen interessant sind und wo nicht.",
  "publicationDate": "2011-02-21T14:00:00.000Z",
  "poster": "http://cre.fm/wp-content/cache/podlove/ba/3d2062bc20a0025b0d43c84d76c9ef/cre176-cloud-computing_original.jpg",
  "link": "http://cre.fm/cre176-cloud-computing",
  "show": {
    "title": "CRE: Technik, Kultur, Gesellschaft",
    "subtitle": "Der Interview-Podcast mit Tim Pritlove",
    "summary": "Intensive und ausführliche Gespräche über Themen aus Technik, Kultur und Gesellschaft, das ist CRE. Interessante Gesprächspartner stehen Rede und Antwort zu Fragen, die man normalerweise selten gestellt bekommt. CRE möchte  aufklären, weiterbilden und unterhalten.",
    "poster": "http://cre.fm/wp-content/cache/podlove/6b/8074d85b886d8dedb4945715694ba7/cre-technik-kultur-gesellschaft_original.jpg",
    "link": "http://cre.fm"
  },
  "duration": "02:26:35",
  "chapters": [],
  "audio": [
    {
      "url": "https://tracking.feedpress.it/link/13440/1885660/cre176-cloud-computing.m4a",
      "mimeType": "audio/mp4",
      "size": 54907057,
      "title": "Audio MP4"
    }
  ],
  "reference": {
    "share": "//podlove-player.surge.sh/share",
    "config": "//podlove-player.surge.sh/fixtures/aec666e0.json",
    "origin": "http://cre.fm/cre176-cloud-computing"
  }
}
