{
  "title": "CRE193 Old School Computing",
  "subtitle": "Computertechnik der 70er Jahre vor der Erfindung des Mikrocomputers",
  "summary": "In den Siebzigern waren Computer erstmals einer extrem dynamischen Entwicklung unterworfen und veränderten sich von riesigen, nur mit Drehstrom zu betreibenden auf diskreten Schaltungen basierenden Schränken ohne nennenswerte Benutzerschnittstellen zu kleinen, kostengünstigen zu den auf integrierten Schaltungen basierten Mikrocomputern.\n\nIm Gespräch mit Tim Pritlove erinnert sich Klaus Landzettel an seine Erfahrungen und gibt Einblicke in die Nutzerrealität mit der Computertechnik zu Beginn der 1970er Jahre.\n\nThemen: 4000 Bits; Binäre Eingabe; Assembler-Code auf Lochstreifen; Papierkörbe für die Prozessautomation; Flugameisen im Kernspeicher; Unterschiedlichkeit der Systeme; Programmieren mit Lochkarten; Druckerterminals; Bildschirmterminals; Einzeilen-Editoren; Bildschirmansteuerung; Control Sequences; Analogrechner; Floating-Point-Units; CPU von Hand reparieren; Festplattenköpfe justieren; Magnetbandmaschinen; Zeilendrucker; PDP; Maschinensteuerung und Echtzeitsysteme; UNIX und VMS; Aufbau und interne Abläufe einer CPU; Debugging einer CPU; Computer verstehen; Embedded Computing.",
  "publicationDate": "2012-06-15T10:35:26.000Z",
  "poster": "http://cre.fm/wp-content/cache/podlove/0a/0cc7f3a80878c527965aa628023f6f/cre193-old-school-computing_original.jpg",
  "link": "http://cre.fm/cre193-old-school-computing",
  "show": {
    "title": "CRE: Technik, Kultur, Gesellschaft",
    "subtitle": "Der Interview-Podcast mit Tim Pritlove",
    "summary": "Intensive und ausführliche Gespräche über Themen aus Technik, Kultur und Gesellschaft, das ist CRE. Interessante Gesprächspartner stehen Rede und Antwort zu Fragen, die man normalerweise selten gestellt bekommt. CRE möchte  aufklären, weiterbilden und unterhalten.",
    "poster": "http://cre.fm/wp-content/cache/podlove/6b/8074d85b886d8dedb4945715694ba7/cre-technik-kultur-gesellschaft_original.jpg",
    "link": "http://cre.fm"
  },
  "duration": "01:42:41",
  "chapters": [],
  "audio": [
    {
      "url": "https://tracking.feedpress.it/link/13440/1885501/cre193-old-school-computing.m4a",
      "mimeType": "audio/mp4",
      "size": 38509384,
      "title": "Audio MP4"
    }
  ],
  "reference": {
    "share": "//podlove-player.surge.sh/share",
    "config": "//podlove-player.surge.sh/fixtures/af4d7249.json",
    "origin": "http://cre.fm/cre193-old-school-computing"
  }
}
