{
  "title": "NSFW066 Schnackenpfefferhausen",
  "subtitle": "",
  "summary": "Wir sind wieder da und sprechen über Sprachverhinderer, merkwürdige Audioanwendungen, Winterurlaub und die Verschwendung von überdimensionierten Computerresourcen zur Berechnung von Rezepturbestandteilen. Alles ganz normal also. Move along!",
  "publicationDate": "2013-03-25T23:49:59.000Z",
  "link": "http://not-safe-for-work.de/nsfw066-schnackenpfefferhausen/",
  "show": {
    "title": "Not Safe For Work",
    "subtitle": "Die Internationale Unterhaltungsgala mit Tim Pritlove und Holger Klein",
    "summary": "NSFW ist unkonventionell, unregelmäßig, unsinnig und ungemein unanständig. Garantiert mindestens zwei Worte pro Sendung, die man nicht auf der Arbeit sagen sollte. NSFW sollte nicht zu ernst genommen werden und selbstverständlich als Richtlinie aller Eurer künftigen Handlungen gelten.",
    "poster": "http://not-safe-for-work.de/wp-content/cache/podlove/0f/63751ecd7feba0789d91d4f9a45191/not-safe-for-work_original.jpg",
    "link": "http://not-safe-for-work.de"
  },
  "duration": "02:56:00",
  "chapters": [
    {
      "start": "00:00:00.000",
      "title": "Intro"
    },
    {
      "start": "00:03:36.000",
      "title": "Begrüßung"
    },
    {
      "start": "00:24:06.000",
      "title": "Berlin und Webdienste"
    },
    {
      "start": "01:21:14.000",
      "title": "Hörergrillen und Podcasts"
    },
    {
      "start": "01:37:55.000",
      "title": "Urlaub, Skifahren und Fliegen"
    },
    {
      "start": "01:46:30.000",
      "title": "Suchmaschinen"
    },
    {
      "start": "01:59:25.000",
      "title": "Auphonic"
    },
    {
      "start": "02:07:11.000",
      "title": "Österreich und Gadgets"
    },
    {
      "start": "02:21:55.000",
      "title": "James Bond und Karl Marx"
    },
    {
      "start": "02:36:03.000",
      "title": "Fotografie und Texteingabehilfen"
    },
    {
      "start": "02:53:40.000",
      "title": "Outro"
    }
  ],
  "audio": [
    {
      "url": "https://tracking.feedpress.it/link/13444/1886709/nsfw066-schnackenpfefferhausen.m4a",
      "mimeType": "audio/mp4",
      "size": 65903316,
      "title": "Audio MP4"
    }
  ],
  "reference": {
    "share": "//podlove-player.surge.sh/share",
    "config": "//podlove-player.surge.sh/fixtures/b2e4776d.json",
    "origin": "http://not-safe-for-work.de/nsfw066-schnackenpfefferhausen/"
  },
  "theme": {
    "main": "rgb(242,156,148)"
  }
}
