{
  "title": "NSFW091 Liebe Bundesregierung",
  "subtitle": "Die 31C3 Late Night live vom 31. Chaos Communication Congress",
  "summary": "Überraschung: nach einem halben Jahr der Sendeabstinenz, haben wir uns anlässlich des 31. Chaos Communication Congress in Hamburg wieder zu einer einzelnen neuen Sendung zusammengefunden: der 31C3 Late Night. In hoffnungslos übermüdeten und betrunkenem Zustand veranstalten wir einen wilden Ritt durch den Wahn der Zeit",
  "publicationDate": "2015-01-01T01:34:33.000Z",
  "link": "http://not-safe-for-work.de/nsfw091-liebe-bundesregierung/",
  "show": {
    "title": "Not Safe For Work",
    "subtitle": "Die Internationale Unterhaltungsgala mit Tim Pritlove und Holger Klein",
    "summary": "NSFW ist unkonventionell, unregelmäßig, unsinnig und ungemein unanständig. Garantiert mindestens zwei Worte pro Sendung, die man nicht auf der Arbeit sagen sollte. NSFW sollte nicht zu ernst genommen werden und selbstverständlich als Richtlinie aller Eurer künftigen Handlungen gelten.",
    "poster": "http://not-safe-for-work.de/wp-content/cache/podlove/0f/63751ecd7feba0789d91d4f9a45191/not-safe-for-work_original.jpg",
    "link": "http://not-safe-for-work.de"
  },
  "duration": "01:36:24",
  "chapters": [
    {
      "start": "00:00:00.000",
      "title": "Begrüßung"
    },
    {
      "start": "00:07:05.000",
      "title": "Sacklüften"
    },
    {
      "start": "00:09:20.000",
      "title": "Mate"
    },
    {
      "start": "00:13:40.000",
      "title": "Geschenke!"
    },
    {
      "start": "00:19:57.000",
      "title": "31C3"
    },
    {
      "start": "00:26:54.000",
      "title": "Filme"
    },
    {
      "start": "00:37:07.000",
      "title": "Deppen auf der Straße"
    },
    {
      "start": "00:40:41.000",
      "title": "Kongressbedingte Müdigkeit und Mobilität"
    },
    {
      "start": "00:44:18.000",
      "title": "Sport"
    },
    {
      "start": "00:57:12.000",
      "title": "Geschenke – Teil 2"
    },
    {
      "start": "01:06:16.000",
      "title": "Internetfachbegriffe"
    },
    {
      "start": "01:08:06.000",
      "title": "Geschenke - Teil 3"
    },
    {
      "start": "01:10:24.000",
      "title": "Sendezentrum"
    },
    {
      "start": "01:15:08.000",
      "title": "Genussmittel"
    },
    {
      "start": "01:20:04.000",
      "title": "Zukunft des Congress"
    },
    {
      "start": "01:22:40.000",
      "title": "Onkel Tim erklärt die CeBit"
    },
    {
      "start": "01:36:07.000",
      "title": "Verabschiedung"
    }
  ],
  "audio": [
    {
      "url": "https://tracking.feedpress.it/link/13444/1886547/nsfw091-liebe-bundesregierung.m4a",
      "mimeType": "audio/mp4",
      "size": 36557521,
      "title": "Audio MP4"
    }
  ],
  "reference": {
    "share": "//podlove-player.surge.sh/share",
    "config": "//podlove-player.surge.sh/fixtures/b4ab14f.json",
    "origin": "http://not-safe-for-work.de/nsfw091-liebe-bundesregierung/"
  },
  "theme": {
    "main": "rgb(242,156,148)"
  }
}
