{
  "title": "ME005 Februar März 2016",
  "subtitle": "Zusammenfassung der Neuigkeiten aus den letzten zwei Monaten",
  "summary": "Ich habe wieder Zeit gefunden, das Geschehen der Metaebene zusammenzufassen. Ich blicke auf die letzten beiden Monate zurück. Neben Hinweisen auf neue Sendungen erläutere ich die Hintergründe zur kommenden SUSBCRIBE 7 Konferenz/Workshop und warum es jetzt eine auf Slack basierende \"Metaebene Community\" gibt.",
  "publicationDate": "2016-03-28T00:22:13.000Z",
  "link": "http://metaebene.me/blog/2016/03/28/me005-februar-maerz-2016/",
  "show": {
    "title": "Metaebene",
    "subtitle": "Aktuelles, Interessantes und Irrelevantes aus der Metaebene",
    "summary": "Willkommen auf der Metaebene. Dies ist der Meta-Kanal von Tim Pritlove, auf dem ihr in unregelmäßigen Abständen über Neuigkeiten, Unregelmäßigkeiten, Abschweifungen und andere Dinge rund um das kleine Podcast-Universum aus Berlin informiert werdet.",
    "poster": "http://metaebene.me/wp-content/cache/podlove/21/f0a792e5086d91026e8329ff106b67/metaebene_original.jpg",
    "link": "http://metaebene.me"
  },
  "duration": "00:21:25",
  "chapters": [
    {
      "start": "00:00:00.000",
      "title": "Begrüßung"
    },
    {
      "start": "00:01:05.109",
      "title": "Updates"
    },
    {
      "start": "00:01:54.304",
      "title": "Kolophon"
    },
    {
      "start": "00:04:32.394",
      "title": "Forschergeist"
    },
    {
      "start": "00:05:40.240",
      "title": "Raumzeit"
    },
    {
      "start": "00:06:57.044",
      "title": "SUBSCRIBE 7"
    },
    {
      "start": "00:13:31.530",
      "title": "Metaebene Community"
    },
    {
      "start": "00:19:49.589",
      "title": "Gastauftritte"
    },
    {
      "start": "00:21:16.223",
      "title": "Abschied"
    }
  ],
  "audio": [
    {
      "url": "https://tracking.feedpress.it/link/11988/2939400/me005-februar-maerz-2016.mp3",
      "mimeType": "audio/mpeg",
      "size": 20759590,
      "title": "Audio MP4"
    }
  ],
  "reference": {
    "share": "//podlove-player.surge.sh/share",
    "config": "//podlove-player.surge.sh/fixtures/b4e97a89.json",
    "origin": "http://metaebene.me/blog/2016/03/28/me005-februar-maerz-2016/"
  }
}
