{
  "title": "CRE158 LiquidFeedback",
  "subtitle": "Das Werkzeug für direkte und interaktive Demokratie",
  "summary": "Unter dem Stichwort \"Liquid Democracy\" hat sich die Idee des sogegannten Delegated Voting (oder auch Proxy Voting) in der Netzszene in der letzten Zeit größere Aufmerksamkeit erarbeitet. Im Umfeld der Piratenpartei ist für die tägliche politische Arbeit dazu ein Werkzeug namens LiquidFeedback entstanden, dass diese (und andere) Konzepte umsetzt und das kollaborative Erarbeiten von Ideen, Vorschlägen, Meinungsbildern, Abstimmungsvorlagen und andere strittige Dinge erlaubt. Mit dem System können Teilnehmer ihre Stimme direkt oder delegiert einbringen und ihre Delegation jederzeit zuteilen oder entziehen.\n\nIm Gespräch mit Tim Pritlove erläutert Jan Behrens die Motivation, Hintergründe und technischen Details von LiquidFeedback, an dem er als Programmierer maßgeblich zu beigetragen hat. Dabei kommen allgemeine Fragen zur Konfiguration des Systems als auch spezielle Aspekte der Nutzung, Best Practice und Erfahrungen mit dem System zur Sprache.\n\nThemen: Hintergründe von Liquid Democracy und Delegated Voting; wofür LiquidFeedback geeignet ist und wofür nicht; Aufteilung eines LF-Systems in Themenbereiche und andere Basiseinstellungen; wie man die Arbeit aufnimmt; an wen man delegiert und warum; Verfahrenstypen entwickeln und konfigurieren; Quoren für die Annahme von neuen Themen; Antragserarbeitung vs. freier Diskussion; Taktisches Abstimmen; Sinn und Aufgabe der mehrphasigen Antragsentwicklung; Unterstützung und bedingte Unterstützung von Anträgen; Delegation; Transparenz des Gesamtsystems; Abstimmungsquoren; Abstimmungen mit Präferenzen; wie Abstimmungen ausgezählt werden; Statistiken und Nutzerverhalten; Trollresistenz; Chancen und Risiken des Einsatzes von Online-Abstimmungsplattformen; Erkennen von Mißbrauch des Systems; Integration von LiquidFeedback in andere Umgebungen; andere und verwandte Abstimmungssysteme; Abstimmungspsychologie; Alternative Wahlsysteme; Wissenschaftliche Forschung an Wahlkonzepten.",
  "publicationDate": "2010-07-11T10:30:00.000Z",
  "poster": "http://cre.fm/wp-content/cache/podlove/d3/ac20517583fc8c36583e31a7e00836/cre158-liquidfeedback_original.jpg",
  "link": "http://cre.fm/cre158-liquidfeedback",
  "show": {
    "title": "CRE: Technik, Kultur, Gesellschaft",
    "subtitle": "Der Interview-Podcast mit Tim Pritlove",
    "summary": "Intensive und ausführliche Gespräche über Themen aus Technik, Kultur und Gesellschaft, das ist CRE. Interessante Gesprächspartner stehen Rede und Antwort zu Fragen, die man normalerweise selten gestellt bekommt. CRE möchte  aufklären, weiterbilden und unterhalten.",
    "poster": "http://cre.fm/wp-content/cache/podlove/6b/8074d85b886d8dedb4945715694ba7/cre-technik-kultur-gesellschaft_original.jpg",
    "link": "http://cre.fm"
  },
  "duration": "02:43:53",
  "chapters": [],
  "audio": [
    {
      "url": "https://tracking.feedpress.it/link/13440/1885678/cre158-liquidfeedback.m4a",
      "mimeType": "audio/mp4",
      "size": 61332768,
      "title": "Audio MP4"
    }
  ],
  "reference": {
    "share": "//podlove-player.surge.sh/share",
    "config": "//podlove-player.surge.sh/fixtures/b5032f88.json",
    "origin": "http://cre.fm/cre158-liquidfeedback"
  }
}
