{
  "title": "LNP208 Verbesserungsgesetz",
  "subtitle": "BKA — Datenschutz — Videoüberwachung — Martin Schulz — Ramstein — Trump — Anwerbungsversuche",
  "summary": "In Ermangelung eines Tims hat Linus dieses Mal Constanze Kurz zu Gast. Wir sprechen über 3 deutsche Verbesserungsgesetze und den neuen Kanzlerkandidaten der SPD, Martin Schulz. Außerdem sprechen wir über die etwas ältere \"Neuigkeit,\" dass die US-Basis in Ramstein eine zentrale Rolle im Drohnenkrieg spielt. Von diesem Thema gleiten wir dann wieder in Richtung Trump ab – aber ihr habt ja Kapitelmarken ;-) Zuletzt versuchen wir, uns gegenseitig für verschiedene Geheimdienste zu rekrutieren.",
  "publicationDate": "2017-02-04T20:01:42.000Z",
  "link": "http://logbuch-netzpolitik.de/lnp208-verbesserungsgesetz",
  "show": {
    "title": "Logbuch:Netzpolitik",
    "subtitle": "Einblicke und Ausblicke in das netzpolitische Geschehen",
    "summary": "Logbuch:Netzpolitik ist ein in der Regel wöchentlich erscheinender Podcast, der im Dialog zwischen Linus Neumann und Tim Pritlove die wichtigsten Themen und Ereignisse mit netzpolitischem Bezug aufgreift und diskutiert.",
    "poster": "http://logbuch-netzpolitik.de/wp-content/cache/podlove/92/de7e775cef6431203e4666e628294b/logbuchnetzpolitik_original.jpg",
    "link": "http://logbuch-netzpolitik.de"
  },
  "duration": "02:22:09",
  "chapters": [
    {
      "start": "00:00:00.000",
      "title": "Intro"
    },
    {
      "start": "00:00:29.012",
      "title": "Prolog"
    },
    {
      "start": "00:01:56.730",
      "title": "BKA-Verbesserungsgesetz"
    },
    {
      "start": "00:23:00.450",
      "title": "Datenschutzverbesserungsgesetz"
    },
    {
      "start": "00:26:21.053",
      "title": "Videoüberwachungsverbesserungsgesetz"
    },
    {
      "start": "00:34:52.793",
      "title": "Martin Schulz"
    },
    {
      "start": "00:56:44.846",
      "title": "Ramstein"
    },
    {
      "start": "01:10:28.723",
      "title": "Trump"
    },
    {
      "start": "01:54:46.415",
      "title": "Anwerbungsversuche"
    },
    {
      "start": "02:15:45.728",
      "title": "Ausklang"
    },
    {
      "start": "02:21:08.945",
      "title": "Outro"
    }
  ],
  "audio": [
    {
      "url": "https://tracking.feedpress.it/link/13476/5262071/lnp208-verbesserungsgesetz.m4a",
      "mimeType": "audio/mp4",
      "size": 53192095,
      "title": "Audio MP4"
    }
  ],
  "reference": {
    "share": "//podlove-player.surge.sh/share",
    "config": "//podlove-player.surge.sh/fixtures/b6788169.json",
    "origin": "http://logbuch-netzpolitik.de/lnp208-verbesserungsgesetz"
  },
  "theme": {
    "main": "rgb(218,207,164)"
  }
}
