{
  "title": "FS193 Erst Peitsche dann Zuckerbrot",
  "subtitle": "Neue Herausforderungen für internationale Konferenzen — MacBook Pro — AirPods — Pimp My Mac — Retrocomputing",
  "summary": "Nach längerer Zeit begrüßen wir wieder Clemens in unserer Runde und besprechen ausführlich, wie sich die neue Lage in den USA auf die Planung und Durchführung internationaler Konferenzen auswirkt. hukl wiederum ist auch der Eigentümergemeinschaft neuer MacBook Pros beigetreten und gibt seinen ersten Erfahrungsbericht ab. Selbiges tut Tim nach 10 Tagen Erfahrung mit den neuen AirPods. Denis wiederum berichtet von seinen Ausflügen ins Computing der 80er.",
  "publicationDate": "2017-02-23T02:11:53.000Z",
  "link": "http://freakshow.fm/fs193-erst-peitsche-dann-zuckerbrot",
  "show": {
    "title": "Freak Show",
    "subtitle": "Menschen! Technik! Sensationen!",
    "summary": "Die muntere Talk Show um Leben mit Technik, das Netz und Technikkultur. Bisweilen Apple-lastig aber selten einseitig. Wir leben und lieben Technologie und reden darüber. Mit Tim, hukl, roddi, Clemens und Denis. Freak Show hieß irgendwann mal mobileMacs.",
    "poster": "http://freakshow.fm/wp-content/cache/podlove/04/662a9d4edcf77ea2abe3c74681f509/freak-show_original.jpg",
    "link": "http://freakshow.fm"
  },
  "duration": "03:51:56",
  "chapters": [
    {
      "start": "00:00:00.000",
      "title": "Intro"
    },
    {
      "start": "00:02:16.629",
      "title": "Die Goldkante"
    },
    {
      "start": "00:04:25.703",
      "title": "Passwörter an der Grenze"
    },
    {
      "start": "00:13:42.000",
      "title": "Internationale Events"
    },
    {
      "start": "00:22:55.468",
      "title": "Neuseeland"
    },
    {
      "start": "00:27:46.357",
      "title": "WWDC"
    },
    {
      "start": "00:29:10.842",
      "title": "hukl hat jetzt auch ein MacBook Pro"
    },
    {
      "start": "00:30:52.631",
      "title": "MacBook Pro: Migration"
    },
    {
      "start": "00:34:29.937",
      "title": "MacBook Pro: Tastatur"
    },
    {
      "start": "00:40:13.994",
      "title": "MacBook Pro: TouchBar"
    },
    {
      "start": "00:47:26.246",
      "title": "MacBook Pro: Touchpad"
    },
    {
      "start": "00:51:38.777",
      "title": "MacBook Pro: Netzteil"
    },
    {
      "start": "00:56:32.211",
      "title": "MacBook Pro: Akkulaufzeit"
    },
    {
      "start": "00:57:41.041",
      "title": "MacBook Pro: USB-C"
    },
    {
      "start": "01:07:32.223",
      "title": "MacBook Pro: Fazit"
    },
    {
      "start": "01:12:18.177",
      "title": "AirPods First Impressions"
    },
    {
      "start": "01:39:58.855",
      "title": "Hey Siri, Hallo Alexa"
    },
    {
      "start": "01:49:26.716",
      "title": "Pimp My Mac"
    },
    {
      "start": "02:12:36.198",
      "title": "Peak Apple: Feature Degraditis"
    },
    {
      "start": "02:35:38.011",
      "title": "Beef Jerky"
    },
    {
      "start": "02:43:43.824",
      "title": "Retrocomputing mit 68K"
    },
    {
      "start": "03:04:28.653",
      "title": "Hopper"
    },
    {
      "start": "03:21:14.986",
      "title": "360 Grad Fischaugenkameras"
    },
    {
      "start": "03:38:01.734",
      "title": "Elisas Segelabenteuer"
    },
    {
      "start": "03:45:35.891",
      "title": "Ausklang"
    },
    {
      "start": "03:47:38.206",
      "title": "Bonus Track"
    }
  ],
  "audio": [
    {
      "url": "https://tracking.feedpress.it/link/13453/5396702/fs193-erst-peitsche-dann-zuckerbrot.m4a",
      "mimeType": "audio/mp4",
      "size": 89188581,
      "title": "Audio MP4"
    }
  ],
  "reference": {
    "share": "//podlove-player.surge.sh/share",
    "config": "//podlove-player.surge.sh/fixtures/b6d9dff0.json",
    "origin": "http://freakshow.fm/fs193-erst-peitsche-dann-zuckerbrot"
  },
  "theme": {
    "main": "rgb(251,237,186)"
  }
}
