{
  "title": "LS004 Mischpulte",
  "subtitle": "Welche Bedeutung Mischpulte für das Podcasting haben",
  "summary": "Ich war mal wieder im Westen und nutzte die Gelegenheit, mit meinem Freund Sascha eine weitere Ausgabe des Lautsprechers aufzunehmen. Gute Ergänzung bzw. Fortführung der zweiten Ausgabe, die sich sehr auf Mikrofone und deren Signalbearbeitung konzentrierte.",
  "publicationDate": "2011-07-11T10:21:47.000Z",
  "link": "http://der-lautsprecher.de/ls004",
  "show": {
    "title": "Der Lautsprecher",
    "subtitle": "Ein Podcast über das Senden und Empfangen werden",
    "summary": "Der Lautsprecher ist ein Forum für Podcaster und solche, die es vielleicht werden wollen. Tim Pritlove spricht mit ausgewählten Gästen über Technik, Kultur und Methoden des Podcastings.",
    "poster": "http://der-lautsprecher.de/wp-content/cache/podlove/f3/5801c434d3ae2e00e6b5ee5379b08b/der-lautsprecher_original.jpg",
    "link": "http://der-lautsprecher.de"
  },
  "duration": "01:18:58",
  "chapters": [],
  "audio": [
    {
      "url": "https://tracking.feedpress.it/link/12319/1327937/ls004-mischpulte.mp3",
      "mimeType": "audio/mpeg",
      "size": 37957171,
      "title": "Audio MP4"
    }
  ],
  "reference": {
    "share": "//podlove-player.surge.sh/share",
    "config": "//podlove-player.surge.sh/fixtures/b75615ea.json",
    "origin": "http://der-lautsprecher.de/ls004"
  },
  "theme": {
    "main": "rgb(116,185,248)"
  }
}
