{
  "title": "LNP216 Ein Leuchten in den Augen",
  "subtitle": "Bundescyberwehr — Hacker gesucht — Zero-Rating — Staatstrojaner — Netzwerkdurchsetzungsgesetz — Kennzeichenerfassung — TUWAT.TXT",
  "summary": "Heute mal wieder eine schöne Auswahl schlechter Nachrichten hoffentlich halbwegs unterhaltsam rübergebracht",
  "publicationDate": "2017-04-05T12:54:11.000Z",
  "link": "http://logbuch-netzpolitik.de/lnp216-ein-leuchten-in-den-augen",
  "show": {
    "title": "Logbuch:Netzpolitik",
    "subtitle": "Einblicke und Ausblicke in das netzpolitische Geschehen",
    "summary": "Logbuch:Netzpolitik ist ein in der Regel wöchentlich erscheinender Podcast, der im Dialog zwischen Linus Neumann und Tim Pritlove die wichtigsten Themen und Ereignisse mit netzpolitischem Bezug aufgreift und diskutiert.",
    "poster": "http://logbuch-netzpolitik.de/wp-content/cache/podlove/92/de7e775cef6431203e4666e628294b/logbuchnetzpolitik_original.jpg",
    "link": "http://logbuch-netzpolitik.de"
  },
  "duration": "01:09:35",
  "chapters": [
    {
      "start": "00:00:00.000",
      "title": "Intro"
    },
    {
      "start": "00:00:37.951",
      "title": "Prolog"
    },
    {
      "start": "00:01:15.045",
      "title": "Bundescyberwehr"
    },
    {
      "start": "00:14:10.474",
      "title": "Alle suchen Hacker"
    },
    {
      "start": "00:32:04.959",
      "title": "Telekom Zero-Rating"
    },
    {
      "start": "00:39:16.530",
      "title": "Staatstrojaner gegen alle"
    },
    {
      "start": "00:45:56.429",
      "title": "Netzwerkdurchsetzungsgesetz wird durchgesetzt"
    },
    {
      "start": "00:52:34.012",
      "title": "Kennzeichenerfassung"
    },
    {
      "start": "00:54:42.217",
      "title": "Filesharing in der Familie"
    },
    {
      "start": "00:57:58.576",
      "title": "Epilog"
    },
    {
      "start": "01:05:57.895",
      "title": "Bonus Track"
    }
  ],
  "audio": [
    {
      "url": "https://tracking.feedpress.it/link/13476/5625798/lnp216-ein-leuchten-in-den-augen.m4a",
      "mimeType": "audio/mp4",
      "size": 26191225,
      "title": "Audio MP4"
    }
  ],
  "reference": {
    "share": "//podlove-player.surge.sh/share",
    "config": "//podlove-player.surge.sh/fixtures/b8f17cb8.json",
    "origin": "http://logbuch-netzpolitik.de/lnp216-ein-leuchten-in-den-augen"
  },
  "theme": {
    "main": "rgb(218,207,164)"
  }
}
