{
  "title": "LS009 Sendungsplanung",
  "subtitle": "Wie man Sendungen plant, vorbereitet und sich um Show Notes kümmert",
  "summary": "Da es sich ergab, dass Claudia Krell und Ralf Stockmann vom Wikigeeks-Podcast in Berlin waren, habe ich die beiden eingeladen, im Lautsprecher ein wenig darüber zu sprechen, was  vor und hinter einer Podcast-Episode für ein Aufwand betrieben werden muss und sollte, damit das Endergebnis für alle Beteiligten die richtige Gestalt hat.",
  "publicationDate": "2012-08-21T13:41:18.000Z",
  "link": "http://der-lautsprecher.de/ls009",
  "show": {
    "title": "Der Lautsprecher",
    "subtitle": "Ein Podcast über das Senden und Empfangen werden",
    "summary": "Der Lautsprecher ist ein Forum für Podcaster und solche, die es vielleicht werden wollen. Tim Pritlove spricht mit ausgewählten Gästen über Technik, Kultur und Methoden des Podcastings.",
    "poster": "http://der-lautsprecher.de/wp-content/cache/podlove/f3/5801c434d3ae2e00e6b5ee5379b08b/der-lautsprecher_original.jpg",
    "link": "http://der-lautsprecher.de"
  },
  "duration": "02:09:29",
  "chapters": [],
  "audio": [
    {
      "url": "https://tracking.feedpress.it/link/12319/1327932/ls009-sendungsplanung.mp3",
      "mimeType": "audio/mpeg",
      "size": 62208427,
      "title": "Audio MP4"
    }
  ],
  "reference": {
    "share": "//podlove-player.surge.sh/share",
    "config": "//podlove-player.surge.sh/fixtures/b8f3425f.json",
    "origin": "http://der-lautsprecher.de/ls009"
  },
  "theme": {
    "main": "rgb(116,185,248)"
  }
}
