{
  "title": "FS189 Mahatma, Mahatma nich",
  "subtitle": "MacBook Pro — USB-C — Pimp My Mac — HomeKit — Reaper — Bitcoin — Zcoin — Energie — Spiele — Beats Solo 3 Wireless — Blade Runner — Rouge One",
  "summary": "Zum letzten mal in diesem Jahr kommen wir in der Metaebene zusammen und sprechen noch mal ausführlich über jüngste Erfahrungen mit dem MacBook Pro, USB-C, HomeKit-Equipment und Bluetooth Kopfhörern. Dazu noch ein paar Spieleempfehlungen und Filmempfehlungen, fertig ist die Freak Show. Nächste Woche sind wieder allerdings noch mal da: wir senden eine kurze Sendung live vom 33C3 direkt von der Bühne des Sendezentrums.",
  "publicationDate": "2016-12-22T02:28:36.000Z",
  "link": "http://freakshow.fm/fs189-mahatma-mahatma-nich",
  "show": {
    "title": "Freak Show",
    "subtitle": "Menschen! Technik! Sensationen!",
    "summary": "Die muntere Talk Show um Leben mit Technik, das Netz und Technikkultur. Bisweilen Apple-lastig aber selten einseitig. Wir leben und lieben Technologie und reden darüber. Mit Tim, hukl, roddi, Clemens und Denis. Freak Show hieß irgendwann mal mobileMacs.",
    "poster": "http://freakshow.fm/wp-content/cache/podlove/04/662a9d4edcf77ea2abe3c74681f509/freak-show_original.jpg",
    "link": "http://freakshow.fm"
  },
  "duration": "04:42:07",
  "chapters": [
    {
      "start": "00:00:00.000",
      "title": "Intro"
    },
    {
      "start": "00:01:13.532",
      "title": "Begrüßung"
    },
    {
      "start": "00:06:19.423",
      "title": "Weitere MacBook Pro Erfahrungen"
    },
    {
      "start": "00:28:25.292",
      "title": "Steve Jobs und die Schnittstellen"
    },
    {
      "start": "00:47:40.230",
      "title": "Pimp My Mac"
    },
    {
      "start": "00:58:17.066",
      "title": "Emoji Movie"
    },
    {
      "start": "00:59:11.051",
      "title": "HomeKit"
    },
    {
      "start": "01:43:39.542",
      "title": "Energieverbrauch"
    },
    {
      "start": "02:06:59.433",
      "title": "Reaper"
    },
    {
      "start": "02:17:46.197",
      "title": "Bitcoin"
    },
    {
      "start": "02:27:32.703",
      "title": "Zcoin und die Libertären"
    },
    {
      "start": "02:37:02.004",
      "title": "Energy Framework"
    },
    {
      "start": "02:39:58.269",
      "title": "Smart Battery Case"
    },
    {
      "start": "02:43:05.190",
      "title": "Roddi hat ne Stromtankstelle"
    },
    {
      "start": "02:44:32.928",
      "title": "iTunes, Let's Encrypt und die Metaebene"
    },
    {
      "start": "02:54:07.478",
      "title": "Jungbier und Freak Tasting"
    },
    {
      "start": "03:06:04.946",
      "title": "Spiele"
    },
    {
      "start": "03:20:28.544",
      "title": "Beats Solo 3 Wireless"
    },
    {
      "start": "03:40:55.556",
      "title": "Maximal unbeeindruckt"
    },
    {
      "start": "03:45:30.090",
      "title": "Akkus"
    },
    {
      "start": "03:50:31.792",
      "title": "33C3"
    },
    {
      "start": "03:59:40.545",
      "title": "Blade Runner 2049"
    },
    {
      "start": "04:07:21.802",
      "title": "Rogue One"
    },
    {
      "start": "04:24:22.525",
      "title": "Wünsche für 2017"
    },
    {
      "start": "04:40:33.172",
      "title": "Ausklang"
    }
  ],
  "audio": [
    {
      "url": "https://tracking.feedpress.it/link/13453/5013768/fs189-mahatma-mahatma-nich.m4a",
      "mimeType": "audio/mp4",
      "size": 107860642,
      "title": "Audio MP4"
    }
  ],
  "reference": {
    "share": "//podlove-player.surge.sh/share",
    "config": "//podlove-player.surge.sh/fixtures/b9bfcf20.json",
    "origin": "http://freakshow.fm/fs189-mahatma-mahatma-nich"
  },
  "theme": {
    "main": "rgb(251,237,186)"
  }
}
