{
  "title": "CRE179 GSM Security",
  "subtitle": "Der Stand der Dinge in Sachen Sicherheit bei dem führenden Mobilfunkstandard",
  "summary": "Trotz UMTS und LTE ist GSM immer noch der in weiten Teilen der Welt dominierende Standard im Mobilfunkbereich - und wird diese Rolle auch so schnell nicht abgebeben. Die GSM zugrunde liegenden Kryptografie-Standards sind über 20 Jahre alt und wurden in den letzten Jahren Stück für Stück zerlegt, analysiert und auch weitgehend geknackt. Dabei ist nicht nur die Privatsphäre der Nutzer bedroht: die gesamte Infrastruktur kann durch Protokollfehler und gezielte Attacken in Geiselhaft genommen werden, so dass systemkritische, auf GSM basierende Dienste, in Gefahr sind. Aber auch die Telefone selbst sind in Gefahr, da dort unbemerkt Software installiert werden kann.\n\nIm Gespräch mit Tim Pritlove bietet Karsten Nohl einen Einblick in den Stand der Dinge, was heute überhaupt noch als sicher angesehen werden kann, warum sich die Situation kaum verbessert und welche kleinen Schritte die Provider unternehmen könnten, um zumindest das Schlimmste zu verhindern.\n\nThemen: Sicherheit der GSM-Kryptografie; Denkbare und praktische Denial of Service Attacken auf GSM; systemkritische Dienste und Gefährdung der öffentlichen Infrastruktur; wofür GSM erdacht und wofür es heute genutzt wird; Sicherheit und Zuverlässigkeit von SMS; Fünf Maßnahmen, um die Sicherheit von GSM zu erhöhen; GSM-Banking in Afrika; Software in SIM-Karten; Installation von Software auf der SIM-Karte über das GSM-Netz; Spyware und Sicherheitslücken auf SIM-Karten; der Machtkampf zwischen Telefonherstellern und Netzbetreibern; Open Source Baseband Prozessoren.",
  "publicationDate": "2011-04-19T12:00:00.000Z",
  "poster": "http://cre.fm/wp-content/cache/podlove/f5/be8c18aa2246100b695d4b833d74c1/cre179-gsm-security_original.jpg",
  "link": "http://cre.fm/cre179-gsm-security",
  "show": {
    "title": "CRE: Technik, Kultur, Gesellschaft",
    "subtitle": "Der Interview-Podcast mit Tim Pritlove",
    "summary": "Intensive und ausführliche Gespräche über Themen aus Technik, Kultur und Gesellschaft, das ist CRE. Interessante Gesprächspartner stehen Rede und Antwort zu Fragen, die man normalerweise selten gestellt bekommt. CRE möchte  aufklären, weiterbilden und unterhalten.",
    "poster": "http://cre.fm/wp-content/cache/podlove/6b/8074d85b886d8dedb4945715694ba7/cre-technik-kultur-gesellschaft_original.jpg",
    "link": "http://cre.fm"
  },
  "duration": "02:10:40",
  "chapters": [],
  "audio": [
    {
      "url": "https://tracking.feedpress.it/link/13440/1885515/cre179-gsm-security.m4a",
      "mimeType": "audio/mp4",
      "size": 48949706,
      "title": "Audio MP4"
    }
  ],
  "reference": {
    "share": "//podlove-player.surge.sh/share",
    "config": "//podlove-player.surge.sh/fixtures/b9caf1e1.json",
    "origin": "http://cre.fm/cre179-gsm-security"
  },
  "theme": {
    "main": "rgb(220,100,216)"
  }
}
