{
  "title": "LS008 Bitlove",
  "subtitle": "Eine Plattform zum automatischen Veröffentlichen von Podcasts via BitTorrent",
  "summary": "Bitlove ist eine neue Platform, die Podcasts via BitTorrent verteilt. Damit wird es für Podcaster ausgesprochen einfach, ihre Inhalte via BitTorrent anzubieten. Ich spreche mit Astro, mit dem Entwickler der Software. Wir sprechen über Funktionsweise, technische Details und mögliche weitere Entwicklungen und Anwendungsbereiche des Systems.",
  "publicationDate": "2012-06-07T13:52:38.000Z",
  "link": "http://der-lautsprecher.de/ls008-bitlove",
  "show": {
    "title": "Der Lautsprecher",
    "subtitle": "Ein Podcast über das Senden und Empfangen werden",
    "summary": "Der Lautsprecher ist ein Forum für Podcaster und solche, die es vielleicht werden wollen. Tim Pritlove spricht mit ausgewählten Gästen über Technik, Kultur und Methoden des Podcastings.",
    "poster": "http://der-lautsprecher.de/wp-content/cache/podlove/f3/5801c434d3ae2e00e6b5ee5379b08b/der-lautsprecher_original.jpg",
    "link": "http://der-lautsprecher.de"
  },
  "duration": "01:16:10",
  "chapters": [],
  "audio": [
    {
      "url": "https://tracking.feedpress.it/link/12319/1327933/ls008-bitlove.mp3",
      "mimeType": "audio/mpeg",
      "size": 36615116,
      "title": "Audio MP4"
    }
  ],
  "reference": {
    "share": "//podlove-player.surge.sh/share",
    "config": "//podlove-player.surge.sh/fixtures/bafe79ed.json",
    "origin": "http://der-lautsprecher.de/ls008-bitlove"
  },
  "theme": {
    "main": "rgb(116,185,248)"
  }
}
