{
  "title": "FS175 Die Bits waren zu keiner Zeit gefährdet",
  "subtitle": "ZFS — UI Latency — iPhone SE — Autos — Strom- und Mobilfunkinfrastruktur — MacBook Pro",
  "summary": "hukl ist beim Fußball und Clemens immer noch in den Fängen des internationalen Jet Sets. Gast gibt's heute auch nicht. Macht aber nichts, wir wollten ja schon immer mal wieder mehr über Macs reden und tun das dann auch. Und natürlich auch über die ganzen anderen Dinge, die ihr gerne hört. Da ist die Bingo-Karte schnell voll.",
  "publicationDate": "2016-04-21T07:08:31.000Z",
  "link": "http://freakshow.fm/fs175-die-bits-waren-zu-keiner-zeit-gefaehrdet",
  "show": {
    "title": "Freak Show",
    "subtitle": "Menschen! Technik! Sensationen!",
    "summary": "Die muntere Talk Show um Leben mit Technik, das Netz und Technikkultur. Bisweilen Apple-lastig aber selten einseitig. Wir leben und lieben Technologie und reden darüber. Mit Tim, hukl, roddi, Clemens und Denis. Freak Show hieß irgendwann mal mobileMacs.",
    "poster": "http://freakshow.fm/wp-content/cache/podlove/04/662a9d4edcf77ea2abe3c74681f509/freak-show_original.jpg",
    "link": "http://freakshow.fm"
  },
  "duration": "03:53:21",
  "chapters": [
    {
      "start": "00:00:00.000",
      "title": "Intro"
    },
    {
      "start": "00:02:32.334",
      "title": "Begrüßung"
    },
    {
      "start": "00:08:10.386",
      "title": "Metaebene Community"
    },
    {
      "start": "00:10:31.669",
      "title": "Freak Show Bingo"
    },
    {
      "start": "00:10:50.700",
      "title": "ZFS to the rescue"
    },
    {
      "start": "00:28:37.656",
      "title": "User Interface Latency"
    },
    {
      "start": "00:43:06.858",
      "title": "iPhone SE"
    },
    {
      "start": "01:12:52.213",
      "title": "Bentley Mulsanne"
    },
    {
      "start": "01:23:17.299",
      "title": "Apple Car Project"
    },
    {
      "start": "01:53:59.754",
      "title": "Tesla Model 3"
    },
    {
      "start": "02:10:26.858",
      "title": "Urbane Strom- und Mobilfunkinfrastruktur"
    },
    {
      "start": "02:18:15.464",
      "title": "MacBook Pro Motherboard-Tausch"
    },
    {
      "start": "02:27:43.342",
      "title": "Keychain Syncing"
    },
    {
      "start": "02:31:30.793",
      "title": "Zukünftige MacBook Pros"
    },
    {
      "start": "02:59:51.802",
      "title": "macOS"
    },
    {
      "start": "03:36:00.835",
      "title": "Zukünftiges File System"
    },
    {
      "start": "03:43:51.984",
      "title": "cakebrew"
    },
    {
      "start": "03:45:41.210",
      "title": "Ausklang"
    },
    {
      "start": "03:49:20.091",
      "title": "Bonus Track"
    }
  ],
  "audio": [
    {
      "url": "https://tracking.feedpress.it/link/13453/3134003/fs175-die-bits-waren-zu-keiner-zeit-gefaehrdet.m4a",
      "mimeType": "audio/mp4",
      "size": 89552557,
      "title": "Audio MP4"
    }
  ],
  "reference": {
    "share": "//podlove-player.surge.sh/share",
    "config": "//podlove-player.surge.sh/fixtures/bb43b0f4.json",
    "origin": "http://freakshow.fm/fs175-die-bits-waren-zu-keiner-zeit-gefaehrdet"
  },
  "theme": {
    "main": "rgb(251,237,186)"
  }
}
