{
  "title": "FS172 Sendeeinsatzkommando",
  "subtitle": "Feedback — Clean Install — Apple vs. FBI — Filme — Systemisches Versagen — Bitcoin — Podcasts Connect — Gravitationswellen — Star Wars — Crowdfunding — 23 im Theater — GWSW — Ok Go — Vector Networks",
  "summary": "Diese Sendung widmen wir Peter Lustig, der diese Woche verstarb. Viel Spaß in der Cloud. Wir Zurückgebliebenen reden dafür wie gewohnt über allerlei Kram mit Lob (Privacy) und Tadel (Podcasts) für Apple und für unsere Verhältnisse reden wir viel über Theater. Das muss als Zusammenfassung reichen, die Sendung soll ja schließlich auch bald mal erscheinen.",
  "publicationDate": "2016-02-25T02:25:17.000Z",
  "link": "http://freakshow.fm/fs172-sendeeinsatzkommando",
  "show": {
    "title": "Freak Show",
    "subtitle": "Menschen! Technik! Sensationen!",
    "summary": "Die muntere Talk Show um Leben mit Technik, das Netz und Technikkultur. Bisweilen Apple-lastig aber selten einseitig. Wir leben und lieben Technologie und reden darüber. Mit Tim, hukl, roddi, Clemens und Denis. Freak Show hieß irgendwann mal mobileMacs.",
    "poster": "http://freakshow.fm/wp-content/cache/podlove/04/662a9d4edcf77ea2abe3c74681f509/freak-show_original.jpg",
    "link": "http://freakshow.fm"
  },
  "duration": "04:31:30",
  "chapters": [
    {
      "start": "00:00:00.000",
      "title": "Danke Peter"
    },
    {
      "start": "00:00:30.123",
      "title": "Intro"
    },
    {
      "start": "00:01:40.339",
      "title": "Begrüßung"
    },
    {
      "start": "00:10:01.616",
      "title": "Feedback: Kalender"
    },
    {
      "start": "00:19:09.595",
      "title": "Feedback: Wetterauskunft"
    },
    {
      "start": "00:23:08.229",
      "title": "iPod touch und Ständersysteme"
    },
    {
      "start": "00:30:34.713",
      "title": "Apple Store Termin"
    },
    {
      "start": "00:40:18.504",
      "title": "Mac Clean Install"
    },
    {
      "start": "01:01:54.552",
      "title": "Apple vs. FBI"
    },
    {
      "start": "01:25:11.919",
      "title": "Filme"
    },
    {
      "start": "01:40:54.817",
      "title": "Eisenbahnunfall von Bad Aibling"
    },
    {
      "start": "01:59:45.615",
      "title": "Bitcoin"
    },
    {
      "start": "02:12:12.239",
      "title": "Podcasts Connect"
    },
    {
      "start": "02:37:11.771",
      "title": "Swift 2.2"
    },
    {
      "start": "02:38:45.506",
      "title": "www. is not deprecated"
    },
    {
      "start": "02:42:53.842",
      "title": "Mobiles Headset-Setup"
    },
    {
      "start": "03:01:16.356",
      "title": "Gravitationswellen"
    },
    {
      "start": "03:14:32.182",
      "title": "Star Wars"
    },
    {
      "start": "03:30:57.692",
      "title": "Tex Montana Will Survive"
    },
    {
      "start": "03:33:45.392",
      "title": "All Creatures Welcome"
    },
    {
      "start": "03:37:15.333",
      "title": "23 - Nichts ist so wie es scheint"
    },
    {
      "start": "03:46:55.152",
      "title": "Gutes Wedding, schlechtes Wedding"
    },
    {
      "start": "03:55:50.972",
      "title": "Ok Go Upside down & Inside out"
    },
    {
      "start": "04:07:12.955",
      "title": "Technoline BC1000"
    },
    {
      "start": "04:09:38.042",
      "title": "Vector Software"
    },
    {
      "start": "04:21:33.275",
      "title": "Force Touch"
    },
    {
      "start": "04:24:05.426",
      "title": "Ausklang"
    },
    {
      "start": "04:25:43.022",
      "title": "Der Eier-Entscheidungs-Computer"
    },
    {
      "start": "04:27:33.223",
      "title": "Bonus Track"
    }
  ],
  "audio": [
    "https://tracking.feedpress.it/link/13453/2683090/fs172-sendeeinsatzkommando.m4a"
  ],
  "reference": {
    "share": "//podlove-player.surge.sh/share",
    "config": "//podlove-player.surge.sh/fixtures/bbbe0223.json",
    "origin": "http://freakshow.fm/fs172-sendeeinsatzkommando"
  },
  "theme": {
    "main": "rgb(251,237,186)"
  }
}
