{
  "title": "LS000 Der Lautsprecher",
  "subtitle": "Eine Einführung in das Projekt",
  "summary": "Kurze Erläuterung, wohin die Reise hier gehen soll. Der Lautsprecher ist ein Experiment und ein Versuch, der Community Wissen aus der Erfahrung anderer Podcaster näher zu bringen.",
  "publicationDate": "2011-02-04T12:30:34.000Z",
  "link": "http://der-lautsprecher.de/ls000",
  "show": {
    "title": "Der Lautsprecher",
    "subtitle": "Ein Podcast über das Senden und Empfangen werden",
    "summary": "Der Lautsprecher ist ein Forum für Podcaster und solche, die es vielleicht werden wollen. Tim Pritlove spricht mit ausgewählten Gästen über Technik, Kultur und Methoden des Podcastings.",
    "poster": "http://der-lautsprecher.de/wp-content/cache/podlove/f3/5801c434d3ae2e00e6b5ee5379b08b/der-lautsprecher_original.jpg",
    "link": "http://der-lautsprecher.de"
  },
  "duration": "00:04:38",
  "chapters": [],
  "audio": [
    {
      "url": "https://tracking.feedpress.it/link/12319/1327941/ls000-der-lautsprecher.mp3",
      "mimeType": "audio/mpeg",
      "size": 2278515,
      "title": "Audio MP4"
    }
  ],
  "reference": {
    "share": "//podlove-player.surge.sh/share",
    "config": "//podlove-player.surge.sh/fixtures/bcb72fdd.json",
    "origin": "http://der-lautsprecher.de/ls000"
  },
  "theme": {
    "main": "rgb(116,185,248)"
  }
}
