{
  "title": "TLF002 Universität der Künste",
  "subtitle": "",
  "summary": "",
  "publicationDate": "2006-02-16T13:32:55.000Z",
  "link": "http://tim.pritlove.org/2006/02/16/tlf002/",
  "show": {
    "title": "The Lunatic Fringe",
    "subtitle": "Merkwürdiges und Denkwürdiges von Tim Pritlove",
    "summary": "Lunatic Fringe ist ein experimenteller Audiopodcast mit wechselnden Inhalten und Stimmungslagen.",
    "poster": "http://tim.pritlove.org/wp-content/cache/podlove/a3/5f409d7acf6bc487c2023915e3afd8/the-lunatic-fringe_original.jpg",
    "link": "http://tim.pritlove.org"
  },
  "duration": "01:09:33",
  "chapters": [],
  "audio": [
    {
      "url": "https://tracking.feedpress.it/link/13551/1926868/tlf002.m4a",
      "mimeType": "audio/mp4",
      "size": 42953526,
      "title": "Audio MP4"
    }
  ],
  "reference": {
    "share": "//podlove-player.surge.sh/share",
    "config": "//podlove-player.surge.sh/fixtures/bcf7af8c.json",
    "origin": "http://tim.pritlove.org/2006/02/16/tlf002/"
  },
  "theme": {
    "main": "rgb(228,184,167)"
  }
}
