{
  "title": "CRE205 Wikidata",
  "subtitle": "Eine ontologische Datenbank revolutioniert die Erfassung und Verarbeitung der Wikipedia",
  "summary": "Die Wikipedia hat es geschafft, binnen eines Jahrzehnts nahezu alle Enzyklopädien abzulösen und zum universellen Nachschlagewerk der Menschheit zu werden. Doch stößt das bisherige System der Erfassung von Informationen in Fließtext an seine Grenzen, wenn es um die einfache Wiederverwertbarkeit und maschinelle Abfragen geht. Das jüngste Projekt der Wikimedia Foundation will hier Abhilfe schaffen: Wikidata tritt an, die Erfassung formal beschreibbarer Metadaten auf eine neue Grundlage zu stellen und verbindet dabei erstmals auch alle Sprachvarianten der Wikipedia.\n\nJens Ohlig hat Wikidata mit entwickelt und im Gespräch mit Tim Pritlove erläutert er, wie es zu diesem Projekt kam, welche Notwendigkeiten und Motivationen das Design beeinflusst haben, wie Wikidata technisch aufgebaut ist und welche Probleme damit künftig gelöst werden sollen.",
  "publicationDate": "2013-12-09T11:41:17.000Z",
  "poster": "http://cre.fm/wp-content/cache/podlove/ac/2dc582f359c30d4c0120c1f782f241/cre205-wikidata_original.jpg",
  "link": "http://cre.fm/cre205-wikidata",
  "show": {
    "title": "CRE: Technik, Kultur, Gesellschaft",
    "subtitle": "Der Interview-Podcast mit Tim Pritlove",
    "summary": "Intensive und ausführliche Gespräche über Themen aus Technik, Kultur und Gesellschaft, das ist CRE. Interessante Gesprächspartner stehen Rede und Antwort zu Fragen, die man normalerweise selten gestellt bekommt. CRE möchte  aufklären, weiterbilden und unterhalten.",
    "poster": "http://cre.fm/wp-content/cache/podlove/6b/8074d85b886d8dedb4945715694ba7/cre-technik-kultur-gesellschaft_original.jpg",
    "link": "http://cre.fm"
  },
  "duration": "02:40:58",
  "chapters": [
    {
      "start": "00:00:00.000",
      "title": "Intro"
    },
    {
      "start": "00:02:00.464",
      "title": "Vorstellung"
    },
    {
      "start": "00:04:57.083",
      "title": "Entstehung von WikiData"
    },
    {
      "start": "00:09:48.359",
      "title": "Wikimedia Foundation"
    },
    {
      "start": "00:16:10.813",
      "title": "Inklusion und Exklusion in der Wikipedia"
    },
    {
      "start": "00:25:50.000",
      "title": "Der Bedarf für strukturierte Daten"
    },
    {
      "start": "00:39:23.474",
      "title": "Semantic MediaWiki"
    },
    {
      "start": "00:47:51.193",
      "title": "Anforderungen für strukturierte Datenspeicherung"
    },
    {
      "start": "00:55:42.859",
      "title": "Die WikiData-Aussagenlogik"
    },
    {
      "start": "01:42:18.776",
      "title": "Aufgaben der Community"
    },
    {
      "start": "01:46:34.208",
      "title": "Interlanguage Links"
    },
    {
      "start": "01:51:44.443",
      "title": "WikiData als Autorenwerkzeug"
    },
    {
      "start": "01:57:51.911",
      "title": "API und Queries"
    },
    {
      "start": "02:12:00.885",
      "title": "Wikibase und MediaWiki"
    },
    {
      "start": "02:18:31.651",
      "title": "Lizenz"
    },
    {
      "start": "02:24:45.661",
      "title": "Zukünftige Entwicklung"
    }
  ],
  "audio": [
    {
      "url": "https://tracking.feedpress.it/link/13440/1885489/cre205-wikidata.m4a",
      "mimeType": "audio/mp4",
      "size": 60265770,
      "title": "Audio MP4"
    }
  ],
  "reference": {
    "share": "//podlove-player.surge.sh/share",
    "config": "//podlove-player.surge.sh/fixtures/bd40ff6a.json",
    "origin": "http://cre.fm/cre205-wikidata"
  },
  "theme": {
    "main": "rgb(220,128,64)"
  }
}
