{
  "title": "CRE206 Das Ohr",
  "subtitle": "Über das Hörsystem des Menschen und Cochlea-Implantate",
  "summary": "Das akustische Wahrnehmungssystem ist eines dieser unfassbaren Wunder der Evolution, das vom Menschen noch lange nicht vollständig verstanden ist. Trotzdem hat die Forschung in der Medizin, Biologie und Hirnforschung bereits eine so umfangreiche Vorstellung der Mechanismen erarbeitet, dass mittlerweile auch schwere Schädigungen des Hörsystems behoben oder zumindest teilweise umgangen werden können. Das Cochlea-Implantat stellt in diesem Zusammenhang die weitesten reichende Entwicklung dar, da hier akustische Signale direkt in der Hörschnecke elektrisch abgebildet werden können.\n\nAudiologe und Softwareentwickler Stefan Brill entwickelt entsprechende Algorithmen für die Signalverarbeitung und -erzeugung für solche Implantate und berichtet im Gespräch mit Tim Pritlove von der Funktionsweise des Gehörsystems vom Außenohr bis zum Hörnerv und mit welchen technischen Maßnahmen auch taube Menschen wieder zum Hören gebracht werden können.",
  "publicationDate": "2014-06-02T15:54:39.000Z",
  "poster": "http://cre.fm/wp-content/cache/podlove/49/d9563b86541b8dd8acc9625c31d580/cre206-das-ohr_original.jpg",
  "link": "http://cre.fm/cre206-das-ohr",
  "show": {
    "title": "CRE: Technik, Kultur, Gesellschaft",
    "subtitle": "Der Interview-Podcast mit Tim Pritlove",
    "summary": "Intensive und ausführliche Gespräche über Themen aus Technik, Kultur und Gesellschaft, das ist CRE. Interessante Gesprächspartner stehen Rede und Antwort zu Fragen, die man normalerweise selten gestellt bekommt. CRE möchte  aufklären, weiterbilden und unterhalten.",
    "poster": "http://cre.fm/wp-content/cache/podlove/6b/8074d85b886d8dedb4945715694ba7/cre-technik-kultur-gesellschaft_original.jpg",
    "link": "http://cre.fm"
  },
  "duration": "04:09:15",
  "chapters": [
    {
      "start": "00:00:00.000",
      "title": "Intro"
    },
    {
      "start": "00:00:56.455",
      "title": "Vorstellung Stefan Brill"
    },
    {
      "start": "00:07:30.989",
      "title": "Elektrochemie und das Ohr"
    },
    {
      "start": "00:12:25.605",
      "title": "Das Außenohr"
    },
    {
      "start": "00:36:57.598",
      "title": "Der Gehörgang"
    },
    {
      "start": "00:40:40.893",
      "title": "Trommelfell und das Mittelohr"
    },
    {
      "start": "01:04:46.841",
      "title": "Der Gleichgewichtssinn"
    },
    {
      "start": "01:28:38.788",
      "title": "Die Hörschnecke"
    },
    {
      "start": "01:59:22.493",
      "title": "Kommunikation in der Hörschnecke"
    },
    {
      "start": "02:27:11.527",
      "title": "Hördefekte"
    },
    {
      "start": "02:33:59.132",
      "title": "Hörgeräte"
    },
    {
      "start": "02:42:17.909",
      "title": "Das Cochlea-Implantat"
    },
    {
      "start": "03:23:50.790",
      "title": "Einbau und Inbetrienahme"
    },
    {
      "start": "03:57:30.292",
      "title": "Weitergehende Implantate"
    },
    {
      "start": "04:03:40.642",
      "title": "Ausblick"
    }
  ],
  "audio": [
    {
      "url": "https://tracking.feedpress.it/link/13440/1885488/cre206-das-ohr.m4a",
      "mimeType": "audio/mp4",
      "size": 156431512,
      "title": "Audio MP4"
    }
  ],
  "reference": {
    "share": "//podlove-player.surge.sh/share",
    "config": "//podlove-player.surge.sh/fixtures/be00e766.json",
    "origin": "http://cre.fm/cre206-das-ohr"
  },
  "theme": {
    "main": "rgb(84,216,176)"
  }
}
