{
  "title": "CRE181 Aram Bartholl",
  "subtitle": "Ein künstlerischer Brückenschlag zwischen Realität und Virtualität",
  "summary": "Aram Bartholl ist ein Künstler aus Berlin, der sich intensiv mit der Beziehung zwischen dem realen Raum und den Erlebnissen und Normalitäten der digitalen Welt auseinandersetzt. Seine Arbeiten sind eine Reflexion der Unterschiede und Gemeinsamkeiten der Realität und der virtuellen Welt. Im Gespräch mit Tim Pritlove spricht er über seine Projekte und welche Erfahrungen er bei der Konfrontation der \"normalen Welt\" mit den kulturellen Errungenschaften der Internet-geprägten Kommunikationswelt gemacht hat.\n\nThemen: frühe Projekte; Google Maps-Barken im Stadtraum; gefälschte Google-Autos; Fuck Google; WoW-Nicknames im Straßenbild; Second Life; Augemented Reality; Counter-Strike-Level zu Sandburgen; anonymer Datenaustausch über tote Briefkästen; WikiLeaks und die arabische Revolution; Digital Natives und die Verarbeitung des kulturellen Wandels; Geocaching und Letterboxing; der Wert von Offline; digitale Schnitzeljagd; Künstler sein; Webseiten als Kunstobjekte.",
  "publicationDate": "2011-06-10T13:15:00.000Z",
  "poster": "http://cre.fm/wp-content/cache/podlove/55/c244d56e14b7450f85f1d3cbe301bc/cre181-aram-bartholl_original.jpg",
  "link": "http://cre.fm/cre181-aram-bartholl",
  "show": {
    "title": "CRE: Technik, Kultur, Gesellschaft",
    "subtitle": "Der Interview-Podcast mit Tim Pritlove",
    "summary": "Intensive und ausführliche Gespräche über Themen aus Technik, Kultur und Gesellschaft, das ist CRE. Interessante Gesprächspartner stehen Rede und Antwort zu Fragen, die man normalerweise selten gestellt bekommt. CRE möchte  aufklären, weiterbilden und unterhalten.",
    "poster": "http://cre.fm/wp-content/cache/podlove/6b/8074d85b886d8dedb4945715694ba7/cre-technik-kultur-gesellschaft_original.jpg",
    "link": "http://cre.fm"
  },
  "duration": "01:32:11",
  "chapters": [],
  "audio": [
    {
      "url": "https://tracking.feedpress.it/link/13440/1885513/cre181-aram-bartholl.m4a",
      "mimeType": "audio/mp4",
      "size": 34635415,
      "title": "Audio MP4"
    }
  ],
  "reference": {
    "share": "//podlove-player.surge.sh/share",
    "config": "//podlove-player.surge.sh/fixtures/c0e480b4.json",
    "origin": "http://cre.fm/cre181-aram-bartholl"
  },
  "theme": {
    "main": "rgb(192,124,124)"
  }
}
