{
  "title": "CRE175 Hackerbrausen",
  "subtitle": "Über die koffeinhaltige Ernährungskultur der Hackerszene",
  "summary": "Koffeinhaltige Getränke gehören zum Hacker wie das Keyboard. Die große Experimentierfreude der Szene führt aber dazu, dass man sich natürlich weit über den Coca-Cola-Standard hinausorientiert und auch andere Gesöffe probiert, konsumiert und zelebriert. Im Mittelpunkt des Gesprächs mit den Autoren des Hackerbrause-Blogs Jens Ohlig und Sebastian Vollnhals steht dabei natürlich die besonders im Umfeld des Chaos Computer Clubs schon fast mythisch verehrte Club-Mate, doch kommen auch viele andere Getränkeexperimente und Grundlagen zur Sprache.\n\nThemen: Mythos Hackerernährung; Soziale Funktion der Kaffeemaschine; Coca-Cola und das Kokain; Coca-Cola Light als Verhütungsmittel; Hamburg, Hauptstadt der Hackerbrausen; der Niedergang von Afri-Cola und die Interessengruppe Premium; Kola-Kommunismus; Koffein-Grenzwerte und die EU-Harmonosierung; Experimentelle Colasorten; Jolt Cola und die Hacker; die Entdeckung der Club-Mate; Club Forschung; die Matekrise; Mate; Bombilla; Club-Mate-Export in die Restwelt; Kochen und Backen mit Mate; Club-Molli; Brausehacking der Zukunft.",
  "publicationDate": "2011-02-15T12:30:00.000Z",
  "poster": "http://cre.fm/wp-content/cache/podlove/c6/c0d57888ee41dde8ab157be860e819/cre175-hackerbrausen_original.jpg",
  "link": "http://cre.fm/cre175-hackerbrausen",
  "show": {
    "title": "CRE: Technik, Kultur, Gesellschaft",
    "subtitle": "Der Interview-Podcast mit Tim Pritlove",
    "summary": "Intensive und ausführliche Gespräche über Themen aus Technik, Kultur und Gesellschaft, das ist CRE. Interessante Gesprächspartner stehen Rede und Antwort zu Fragen, die man normalerweise selten gestellt bekommt. CRE möchte  aufklären, weiterbilden und unterhalten.",
    "poster": "http://cre.fm/wp-content/cache/podlove/6b/8074d85b886d8dedb4945715694ba7/cre-technik-kultur-gesellschaft_original.jpg",
    "link": "http://cre.fm"
  },
  "duration": "01:37:44",
  "chapters": [],
  "audio": [
    {
      "url": "https://tracking.feedpress.it/link/13440/1885661/cre175-hackerbrausen.m4a",
      "mimeType": "audio/mp4",
      "size": 36665009,
      "title": "Audio MP4"
    }
  ],
  "reference": {
    "share": "//podlove-player.surge.sh/share",
    "config": "//podlove-player.surge.sh/fixtures/c121208.json",
    "origin": "http://cre.fm/cre175-hackerbrausen"
  },
  "theme": {
    "main": "rgb(220,128,64)"
  }
}
