{
  "title": "CRE157 Fernsehen",
  "subtitle": "Gedanken zum meistgehassten und meistgeliebten Medium der Welt",
  "summary": "Fernsehen bestimmt die Medienlandschaft und das tägliche Gespräch am Arbeitsplatz und im Freundeskreis. Fernsehen ist überall und wird wie kaum ein anderes Medium kollektiv geliebt und gehasst. Tim Pritlove diskutiert mit Holger Kreymeier das Wesen des Fernsehens und dessen Zustand in diesen Zeiten im deutschsprachigen Raum.",
  "publicationDate": "2010-07-01T16:00:00.000Z",
  "poster": "http://cre.fm/wp-content/cache/podlove/d1/e8fd7424790e464470a271e266964e/cre157-fernsehen_original.jpg",
  "link": "http://cre.fm/cre157-fernsehen",
  "show": {
    "title": "CRE: Technik, Kultur, Gesellschaft",
    "subtitle": "Der Interview-Podcast mit Tim Pritlove",
    "summary": "Intensive und ausführliche Gespräche über Themen aus Technik, Kultur und Gesellschaft, das ist CRE. Interessante Gesprächspartner stehen Rede und Antwort zu Fragen, die man normalerweise selten gestellt bekommt. CRE möchte  aufklären, weiterbilden und unterhalten.",
    "poster": "http://cre.fm/wp-content/cache/podlove/6b/8074d85b886d8dedb4945715694ba7/cre-technik-kultur-gesellschaft_original.jpg",
    "link": "http://cre.fm"
  },
  "duration": "01:42:04",
  "chapters": [],
  "audio": [
    {
      "url": "https://tracking.feedpress.it/link/13440/1885679/cre157-fernsehen.m4a",
      "mimeType": "audio/mp4",
      "size": 38552333,
      "title": "Audio MP4"
    }
  ],
  "reference": {
    "share": "//podlove-player.surge.sh/share",
    "config": "//podlove-player.surge.sh/fixtures/c1b6e468.json",
    "origin": "http://cre.fm/cre157-fernsehen"
  },
  "theme": {
    "main": "rgb(107,140,188)"
  }
}
