{
  "title": "LS014 Podcasts und Radio",
  "subtitle": "Kreative Formate für Podcasts und das Verhältnis des Radios zum Internet",
  "summary": "Christian Grasse ist Podcaster aber auch freier Radiojournalist. Wir unterhalten uns über das Verhältnis der etablierten Radiolandschaft und der immer noch jungen, aufstrebenden Podcastgemeinde. Wir diskutieren über neue Podcastformate (unter anderem sein neuen Feature-Podcast Systemfehler), Podcastnetzwerke, Finanzierungsmodelle (Werbung, Sponsoring, Auftragsarbeiten und Spenden) und wie das Radio und Podcasts voneinander lernen und miteinander kooperieren könnten und sollten.",
  "publicationDate": "2014-12-15T09:17:12.000Z",
  "link": "http://der-lautsprecher.de/ls014-podcasts-und-radio",
  "show": {
    "title": "Der Lautsprecher",
    "subtitle": "Ein Podcast über das Senden und Empfangen werden",
    "summary": "Der Lautsprecher ist ein Forum für Podcaster und solche, die es vielleicht werden wollen. Tim Pritlove spricht mit ausgewählten Gästen über Technik, Kultur und Methoden des Podcastings.",
    "poster": "http://der-lautsprecher.de/wp-content/cache/podlove/f3/5801c434d3ae2e00e6b5ee5379b08b/der-lautsprecher_original.jpg",
    "link": "http://der-lautsprecher.de"
  },
  "duration": "02:11:01",
  "chapters": [
    {
      "start": "00:00:00.000",
      "title": "Kein Intro"
    },
    {
      "start": "00:00:27.677",
      "title": "Begrüßung"
    },
    {
      "start": "00:01:18.879",
      "title": "Erste Radioprojekte"
    },
    {
      "start": "00:04:38.235",
      "title": "Musikformate"
    },
    {
      "start": "00:09:40.527",
      "title": "Radio machen"
    },
    {
      "start": "00:12:21.583",
      "title": "Rundfunkformate"
    },
    {
      "start": "00:16:42.657",
      "title": "Produktionskosten für Radio und Podcast"
    },
    {
      "start": "00:19:41.622",
      "title": "Breitband"
    },
    {
      "start": "00:21:53.394",
      "title": "Verhältnis des Radio zu Podcasts"
    },
    {
      "start": "00:26:33.829",
      "title": "ÖR Radio im Web"
    },
    {
      "start": "00:30:14.272",
      "title": "Institutionen vs. Individualismus"
    },
    {
      "start": "00:35:59.869",
      "title": "Senderfamilie vs. Podcast Networks"
    },
    {
      "start": "00:44:43.422",
      "title": "Radiobüro"
    },
    {
      "start": "00:47:09.982",
      "title": "Podcast Networks in den USA"
    },
    {
      "start": "00:54:26.536",
      "title": "Systemfehler"
    },
    {
      "start": "01:00:34.457",
      "title": "Podlove Podcaster Workshop"
    },
    {
      "start": "01:03:37.184",
      "title": "Magazine und Features"
    },
    {
      "start": "01:09:31.275",
      "title": "Podcasthandwerk und Metadaten"
    },
    {
      "start": "01:15:10.798",
      "title": "Produktion und Programmkuration"
    },
    {
      "start": "01:22:39.807",
      "title": "Erfolgsquantisierung und Feedback"
    },
    {
      "start": "01:31:29.456",
      "title": "Vorsprung durch Podcasts"
    },
    {
      "start": "01:44:04.704",
      "title": "Monetarisierung von Podcasts"
    },
    {
      "start": "02:09:47.699",
      "title": "Verabschiedung"
    }
  ],
  "audio": [
    {
      "url": "https://tracking.feedpress.it/link/12319/1327927/ls014-podcasts-und-radio.mp3",
      "mimeType": "audio/mpeg",
      "size": 78674598,
      "title": "Audio MP4"
    }
  ],
  "reference": {
    "share": "//podlove-player.surge.sh/share",
    "config": "//podlove-player.surge.sh/fixtures/c340608c.json",
    "origin": "http://der-lautsprecher.de/ls014-podcasts-und-radio"
  },
  "theme": {
    "main": "rgb(116,185,248)"
  }
}
