{
  "title": "NSFW057 Gangnam Style",
  "subtitle": "",
  "summary": "Nach einer krankheitsbedingten längeren Auszeit nehmen wir wieder die Mikrofone in Betrieb und widmen uns unter anderem den in den letzten vier Wochen freigesetzten Memen, sinnieren über allerlei Zeug und das Bekleidungs-Shopping der Zukunft.",
  "publicationDate": "2012-10-01T22:28:36.000Z",
  "link": "http://not-safe-for-work.de/nsfw057-gangnam-style/",
  "show": {
    "title": "Not Safe For Work",
    "subtitle": "Die Internationale Unterhaltungsgala mit Tim Pritlove und Holger Klein",
    "summary": "NSFW ist unkonventionell, unregelmäßig, unsinnig und ungemein unanständig. Garantiert mindestens zwei Worte pro Sendung, die man nicht auf der Arbeit sagen sollte. NSFW sollte nicht zu ernst genommen werden und selbstverständlich als Richtlinie aller Eurer künftigen Handlungen gelten.",
    "poster": "http://not-safe-for-work.de/wp-content/cache/podlove/0f/63751ecd7feba0789d91d4f9a45191/not-safe-for-work_original.jpg",
    "link": "http://not-safe-for-work.de"
  },
  "duration": "03:13:55",
  "chapters": [
    {
      "start": "00:00:00.000",
      "title": "Intro"
    },
    {
      "start": "00:10:25.000",
      "title": "Begrüßung"
    },
    {
      "start": "00:29:10.000",
      "title": "Flattr und andere Zahlsysteme"
    },
    {
      "start": "00:41:30.000",
      "title": "Fahrradhelme, Stadtplanung und Sicherheit im Verkehr"
    },
    {
      "start": "00:54:10.000",
      "title": "Nespresso und Kaffee"
    },
    {
      "start": "01:00:00.000",
      "title": "Raumfahrt, Forschung und Rüstung"
    },
    {
      "start": "01:15:43.000",
      "title": "Die BILD"
    },
    {
      "start": "01:23:00.000",
      "title": "Kickstarterprojekte und Körperflüssigkeiten"
    },
    {
      "start": "01:32:20.000",
      "title": "Macs, Mikrofone und weitere Technik"
    },
    {
      "start": "02:05:00.000",
      "title": "App.net-Apps fürs iPhone"
    },
    {
      "start": "02:09:45.000",
      "title": "Geschenke"
    },
    {
      "start": "02:20:12.000",
      "title": "Tims Nerd-Zukunfts-Gedanken (Teil 1) und Holgis DHL-Packstationsrant"
    },
    {
      "start": "02:35:35.000",
      "title": "Tims Nerd-Zukunfts-Gedanken (Teil 2)"
    }
  ],
  "audio": [
    {
      "url": "https://tracking.feedpress.it/link/13444/1886718/nsfw057-gangnam-style.m4a",
      "mimeType": "audio/mp4",
      "size": 72610731,
      "title": "Audio MP4"
    }
  ],
  "reference": {
    "share": "//podlove-player.surge.sh/share",
    "config": "//podlove-player.surge.sh/fixtures/c355b4c1.json",
    "origin": "http://not-safe-for-work.de/nsfw057-gangnam-style/"
  },
  "theme": {
    "main": "rgb(242,156,148)"
  }
}
