{
  "title": "NSFW048 Der Fnord im Keksglas",
  "subtitle": "Hörspiele — Vorträge — Kekse — Podcasting — Trainspotting — Rennräder — Schweinkram im Netz",
  "summary": "Nach einer kleinen Pause geht es jetzt wieder rund im Studio und wir präsentieren Euch eine neue Internationale Unterhaltungsgala der Extraklasse im modernen Gewand in größtmöglicher Qualität und Frische. Die Sendung stand im Schatten von unerwarteten Hörergeschenken, die uns leckere Binärkekse und allerlei chinesischen Schnickschnack bescherten, unerwarteten Verwendungen des Wortes \"Downloading\" und unerwarten billigen Rennrädern in Italien. Außerdem haben wir einen neuen Termin für das Hörerinnengrillen in Dresden.",
  "publicationDate": "2012-04-16T21:09:45.000Z",
  "link": "http://not-safe-for-work.de/nsfw048-der-fnord-im-keksglas/",
  "show": {
    "title": "Not Safe For Work",
    "subtitle": "Die Internationale Unterhaltungsgala mit Tim Pritlove und Holger Klein",
    "summary": "NSFW ist unkonventionell, unregelmäßig, unsinnig und ungemein unanständig. Garantiert mindestens zwei Worte pro Sendung, die man nicht auf der Arbeit sagen sollte. NSFW sollte nicht zu ernst genommen werden und selbstverständlich als Richtlinie aller Eurer künftigen Handlungen gelten.",
    "poster": "http://not-safe-for-work.de/wp-content/cache/podlove/0f/63751ecd7feba0789d91d4f9a45191/not-safe-for-work_original.jpg",
    "link": "http://not-safe-for-work.de"
  },
  "duration": "03:30:59",
  "chapters": [],
  "audio": [
    {
      "url": "https://tracking.feedpress.it/link/13444/1886727/nsfw048-der-fnord-im-keksglas.m4a",
      "mimeType": "audio/mp4",
      "size": 78986784,
      "title": "Audio MP4"
    }
  ],
  "reference": {
    "share": "//podlove-player.surge.sh/share",
    "config": "//podlove-player.surge.sh/fixtures/c3827abc.json",
    "origin": "http://not-safe-for-work.de/nsfw048-der-fnord-im-keksglas/"
  },
  "theme": {
    "main": "rgb(242,156,148)"
  }
}
