{
  "title": "FS179 Sticker sind wichtig für die Fortpflanzung",
  "subtitle": "Das große WWDC Roundup",
  "summary": "Tim, Denis und Roddi nehmen sich der Neuigkeiten von Apples WWDC an. Natürlich mit einem extragroßen Block zum Thema APFS. Wir wünschen viel Spaß. Die nächste Sendung dann schon in einer Woche.",
  "publicationDate": "2016-06-23T00:46:26.000Z",
  "link": "http://freakshow.fm/fs179-sticker-sind-wichtig-fuer-die-fortpflanzung",
  "show": {
    "title": "Freak Show",
    "subtitle": "Menschen! Technik! Sensationen!",
    "summary": "Die muntere Talk Show um Leben mit Technik, das Netz und Technikkultur. Bisweilen Apple-lastig aber selten einseitig. Wir leben und lieben Technologie und reden darüber. Mit Tim, hukl, roddi, Clemens und Denis. Freak Show hieß irgendwann mal mobileMacs.",
    "poster": "http://freakshow.fm/wp-content/cache/podlove/04/662a9d4edcf77ea2abe3c74681f509/freak-show_original.jpg",
    "link": "http://freakshow.fm"
  },
  "duration": "03:50:08",
  "chapters": [
    {
      "start": "00:00:00.000",
      "title": "Intro"
    },
    {
      "start": "00:01:05.432",
      "title": "Begrüßung"
    },
    {
      "start": "00:12:16.106",
      "title": "World Events und verteilte Beteiligung"
    },
    {
      "start": "00:18:18.986",
      "title": "WWDC"
    },
    {
      "start": "00:24:52.192",
      "title": "watchOS 3"
    },
    {
      "start": "00:37:01.703",
      "title": "Extensibility und Siri"
    },
    {
      "start": "00:51:38.754",
      "title": "Differential Privacy"
    },
    {
      "start": "01:01:07.091",
      "title": "macOS Neuerungen"
    },
    {
      "start": "01:18:13.090",
      "title": "Sierra CPU- und GPU-Anforderungen"
    },
    {
      "start": "01:39:48.106",
      "title": "APFS"
    },
    {
      "start": "02:23:50.834",
      "title": "ZFS kann jetzt booten"
    },
    {
      "start": "02:26:21.920",
      "title": "Apple Pay"
    },
    {
      "start": "02:34:24.277",
      "title": "iOS 10"
    },
    {
      "start": "02:46:14.826",
      "title": "Artificial Intelligence"
    },
    {
      "start": "03:00:16.629",
      "title": "Home und HomeKit"
    },
    {
      "start": "03:07:11.168",
      "title": "Sticker und Effekte"
    },
    {
      "start": "03:23:47.850",
      "title": "Swift Playground"
    },
    {
      "start": "03:32:27.381",
      "title": "WWDC Keynote Diversity"
    },
    {
      "start": "03:35:46.550",
      "title": "App Store Changes"
    },
    {
      "start": "03:40:12.267",
      "title": "Denis stellt seinen Bitcoin Pool ein"
    },
    {
      "start": "03:44:50.549",
      "title": "Ausklang"
    }
  ],
  "audio": [
    {
      "url": "https://tracking.feedpress.it/link/13453/3688435/fs179-sticker-sind-wichtig-fuer-die-fortpflanzung.m4a",
      "mimeType": "audio/mp4",
      "size": 88358034,
      "title": "Audio MP4"
    }
  ],
  "reference": {
    "share": "//podlove-player.surge.sh/share",
    "config": "//podlove-player.surge.sh/fixtures/c44f4ffd.json",
    "origin": "http://freakshow.fm/fs179-sticker-sind-wichtig-fuer-die-fortpflanzung"
  },
  "theme": {
    "main": "rgb(251,237,186)"
  }
}
