{
  "title": "NSFW067 These Go To Eleven",
  "subtitle": "",
  "summary": "Da sind wir wieder. Und während live während der Sendung die Bitcoin-Blase zumindest anplatzt unterhalten wir uns seelenruhig über James Bond, den Zeitschriftenmarkt, gratulieren Raul zum Bundesverdienstkreuz und über allerlei Befindlichkeiten.",
  "publicationDate": "2013-04-10T21:46:42.000Z",
  "link": "http://not-safe-for-work.de/nsfw067-these-go-to-eleven/",
  "show": {
    "title": "Not Safe For Work",
    "subtitle": "Die Internationale Unterhaltungsgala mit Tim Pritlove und Holger Klein",
    "summary": "NSFW ist unkonventionell, unregelmäßig, unsinnig und ungemein unanständig. Garantiert mindestens zwei Worte pro Sendung, die man nicht auf der Arbeit sagen sollte. NSFW sollte nicht zu ernst genommen werden und selbstverständlich als Richtlinie aller Eurer künftigen Handlungen gelten.",
    "poster": "http://not-safe-for-work.de/wp-content/cache/podlove/0f/63751ecd7feba0789d91d4f9a45191/not-safe-for-work_original.jpg",
    "link": "http://not-safe-for-work.de"
  },
  "duration": "02:35:50",
  "chapters": [
    {
      "start": "00:00:00.000",
      "title": "Bücher und Filme"
    },
    {
      "start": "00:23:29.000",
      "title": "Werbung für den Holgis Wochenrückblick bei Fritz"
    },
    {
      "start": "00:30:33.000",
      "title": "Holgis neues Mikrofon"
    },
    {
      "start": "00:43:07.000",
      "title": "Zurück zu den Filmen"
    },
    {
      "start": "00:51:23.000",
      "title": "Spiegel-Chefredakteure wurden rausgeschmissen"
    },
    {
      "start": "01:04:56.000",
      "title": "Raumzeit live in Darmstadt"
    },
    {
      "start": "01:54:47.000",
      "title": "Wheelmap, Flugroboter und Grundlagenforschung"
    },
    {
      "start": "02:19:32.000",
      "title": "Bitcoins"
    },
    {
      "start": "02:29:58.000",
      "title": "Margaret Thatcher ist tot"
    }
  ],
  "audio": [
    {
      "url": "https://tracking.feedpress.it/link/13444/1886708/nsfw067-these-go-to-eleven.m4a",
      "mimeType": "audio/mp4",
      "size": 58363798,
      "title": "Audio MP4"
    }
  ],
  "reference": {
    "share": "//podlove-player.surge.sh/share",
    "config": "//podlove-player.surge.sh/fixtures/c518fcd5.json",
    "origin": "http://not-safe-for-work.de/nsfw067-these-go-to-eleven/"
  },
  "theme": {
    "main": "rgb(242,156,148)"
  }
}
