{
  "title": "LS002 Der gute Ton",
  "subtitle": "Schallausbreitung, Mikrofonierung und Echtzeit-Signalbearbeitung bei der Aufnahme",
  "summary": "Die zweite Ausgabe des Lautsprechers widmet sich den Themen Schallausbreitung, Mikrofonierung und Echtzeit-Signalbearbeitung bei der Aufnahme. Mein Ko-Moderator in dieser Folge ist Fiedel, der unter anderem mit dem Bau von Tonstudios Erfahrung hat.",
  "publicationDate": "2011-05-05T20:54:25.000Z",
  "link": "http://der-lautsprecher.de/ls002",
  "show": {
    "title": "Der Lautsprecher",
    "subtitle": "Ein Podcast über das Senden und Empfangen werden",
    "summary": "Der Lautsprecher ist ein Forum für Podcaster und solche, die es vielleicht werden wollen. Tim Pritlove spricht mit ausgewählten Gästen über Technik, Kultur und Methoden des Podcastings.",
    "poster": "http://der-lautsprecher.de/wp-content/cache/podlove/f3/5801c434d3ae2e00e6b5ee5379b08b/der-lautsprecher_original.jpg",
    "link": "http://der-lautsprecher.de"
  },
  "duration": "01:55:42",
  "chapters": [],
  "audio": [
    {
      "url": "https://tracking.feedpress.it/link/12319/1327939/ls002-der-gute-ton.mp3",
      "mimeType": "audio/mpeg",
      "size": 55595091,
      "title": "Audio MP4"
    }
  ],
  "reference": {
    "share": "//podlove-player.surge.sh/share",
    "config": "//podlove-player.surge.sh/fixtures/c71da70d.json",
    "origin": "http://der-lautsprecher.de/ls002"
  },
  "theme": {
    "main": "rgb(116,185,248)"
  }
}
