{
  "title": "LNP193 Objektiv notwendige Optimierung",
  "subtitle": "LNP Spezial zur BEREC-Entscheidung zu Netzneutralität in Europa",
  "summary": "Was von vielen noch bezweifelt wurde, fand tatsächlich statt: das Gremium Europäischer Regulierungsstellen für elektronische Kommunikation (BEREC) hat aus der noch schwammigen formulierten  Verordnung aus Brüssel eine Vorgabe für die europäischen Telekommunikationsanbieter gestrickt, die die Netzneutralität in der EU auf hohem Maße sichert. Dieser Erfolg ist vor allem dem Druck der netzpolitischen Öffentlichkeit und besonders der Arbeit des AK Vorrat in Österreich zu verdanken, die energisch bis zur letzten Minute Paragraph für Paragraph auf sinnvolle Regelungen gedrungen hat. Wir sprechen mit Thomas Lohninger über seine Bewertung der Entscheidung.",
  "publicationDate": "2016-09-02T10:00:10.000Z",
  "show": {
    "title": "Logbuch:Netzpolitik",
    "subtitle": "Einblicke und Ausblicke in das netzpolitische Geschehen",
    "summary": "Logbuch:Netzpolitik ist ein in der Regel wöchentlich erscheinender Podcast, der im Dialog zwischen Linus Neumann und Tim Pritlove die wichtigsten Themen und Ereignisse mit netzpolitischem Bezug aufgreift und diskutiert.",
    "poster": "http://logbuch-netzpolitik.de/wp-content/cache/podlove/92/de7e775cef6431203e4666e628294b/logbuchnetzpolitik_original.jpg",
    "url": "http://logbuch-netzpolitik.de"
  },
  "duration": "00:55:04",
  "chapters": [
    {
      "start": "00:00:00.000",
      "title": "Intro"
    },
    {
      "start": "00:00:29.824",
      "title": "Prolog"
    },
    {
      "start": "00:02:40.149",
      "title": "Die BEREC-Entscheidung zu Netzneutralität"
    },
    {
      "start": "00:38:01.962",
      "title": "Der politische Prozess"
    },
    {
      "start": "00:42:59.551",
      "title": "3 Jahre Aktivismus"
    },
    {
      "start": "00:50:21.288",
      "title": "Epilog"
    }
  ],
  "audio": [
    "https://tracking.feedpress.it/link/13476/4315299/lnp193-objektiv-notwendige-optimierung.m4a"
  ],
  "theme": {
    "primary": "#F29D79"
  },
  "reference": {
    "share": "//podlove-player.surge.sh/share",
    "config": "//podlove-player.surge.sh/fixtures/c726eea5.json"
  }
}
