{
  "title": "LNP202 I will look into it at the time",
  "subtitle": "Feedback — Trump — Wahlcomputer — Merkel — Snowden — DDOS-Gegenmittel — Proxtube — .box TLD — 33C3 — Termine",
  "summary": "Unsere letzte Sendung zur US-Wahl erzeugte auffällig viel Feedback, auf das wir umfangreich eingehen. Während die Trump-Administration sich noch findet und dabei genau so rumeiert wie es Trump im Wahlkampf auch schon getan hatte, kommen Analysen auf, die mögliche Unregelmäßigkeiten bei der Wahl mit Wahlcomputern in einigen Swing States aufzeigen. Während sich für den Antritt Trumps die ersten desaströsen Entscheidungen abzeichnen bleibt Merkel bei ihrer erneuten Kandidatur für die Bundestagswahl noch unspezifisch in welche Richtung sie künftig marschieren möchte. Dann blicken wir kurz auf die Versuche, die technischen Schwächen des Netzes zu beheben, die DDOS-Attacken zu einem so großen Problem machen, wie sie es derzeit sind und auf ein putziges Problem, dem sich Besitzer einer Fritz!Box gegenüber sehen. Zum Schluß gibt es noch einen Blick auf die Ticketsituation des 33C3 und auf eine kommende Veranstaltung des FIff.",
  "publicationDate": "2016-11-23T13:24:30.000Z",
  "show": {
    "title": "Logbuch:Netzpolitik",
    "subtitle": "Einblicke und Ausblicke in das netzpolitische Geschehen",
    "summary": "Logbuch:Netzpolitik ist ein in der Regel wöchentlich erscheinender Podcast, der im Dialog zwischen Linus Neumann und Tim Pritlove die wichtigsten Themen und Ereignisse mit netzpolitischem Bezug aufgreift und diskutiert.",
    "poster": "http://logbuch-netzpolitik.de/wp-content/cache/podlove/92/de7e775cef6431203e4666e628294b/logbuchnetzpolitik_original.jpg",
    "url": "http://logbuch-netzpolitik.de"
  },
  "duration": "01:49:42",
  "chapters": [
    {
      "start": "00:00:00.000",
      "title": "Intro"
    },
    {
      "start": "00:00:27.064",
      "title": "Prolog"
    },
    {
      "start": "00:00:45.612",
      "title": "Feedback: Kommentarkultur"
    },
    {
      "start": "00:02:31.445",
      "title": "Feedback: US-Wahlergebnis"
    },
    {
      "start": "00:10:10.068",
      "title": "Feedback: Trumps Wahlkampf"
    },
    {
      "start": "00:30:15.108",
      "title": "Bericht über mögliche Unregelmäßigkeiten bei elektronischer Wahl"
    },
    {
      "start": "00:39:52.045",
      "title": "Erste Schritte auf dem Trumpelpfad"
    },
    {
      "start": "01:09:06.438",
      "title": "Merkel kandidiert wieder"
    },
    {
      "start": "01:15:37.909",
      "title": "NSA-UA darf Bundesregierung bitten, Snowden einzuladen"
    },
    {
      "start": "01:19:41.462",
      "title": "Frustrierter PlayStation-Spieler legte Teile des Internets lahm"
    },
    {
      "start": "01:27:19.384",
      "title": "Proxtube deinstallieren"
    },
    {
      "start": "01:28:29.992",
      "title": ".box TLD"
    },
    {
      "start": "01:34:09.718",
      "title": "33C3"
    },
    {
      "start": "01:46:28.489",
      "title": "Termine"
    },
    {
      "start": "01:48:33.858",
      "title": "Epilog"
    }
  ],
  "audio": [
    "https://tracking.feedpress.it/link/13476/4842790/lnp202-i-will-look-into-it-at-the-time.m4a"
  ],
  "theme": {
    "primary": "#7DF279"
  },
  "reference": {
    "share": "//podlove-player.surge.sh/share",
    "config": "//podlove-player.surge.sh/fixtures/c86b3acf.json"
  }
}
