{
  "title": "FS174 Legacy Keystroke Importer",
  "subtitle": "Datenvisualisierung — Porno — Metaebene Community — Blackberry — Klamotten und Accessoires — iPhone SE — iPad Pro — JavaScript — Star Wars — Genealogie — Editoren — FreeBSD — NASA Space App Challenge",
  "summary": "Die Ausfälle der Woche — Clemens ist auf Lustreise und Roddi hat sich mit einer Glastür angelegt — werden in dieser kurzweiligen Ausgabe der Freak Show durch unseren Gast Letty auf hohem Niveau ausgeglichen. In der Folge sprechen wir über Datenvisualisierung, Porno, die neue Metaebene Community, Blackberry, Taschen und Klamotten, den neuen iKram von Apple, das allgemeine JavaScript-Desaster, Star Wars (Spoiler Alert), Genealogie-Dienste, Editoren und anderen Klimbim.",
  "publicationDate": "2016-04-07T05:54:14.000Z",
  "link": "http://freakshow.fm/fs174-legacy-keystroke-importer",
  "show": {
    "title": "Freak Show",
    "subtitle": "Menschen! Technik! Sensationen!",
    "summary": "Die muntere Talk Show um Leben mit Technik, das Netz und Technikkultur. Bisweilen Apple-lastig aber selten einseitig. Wir leben und lieben Technologie und reden darüber. Mit Tim, hukl, roddi, Clemens und Denis. Freak Show hieß irgendwann mal mobileMacs.",
    "poster": "http://freakshow.fm/wp-content/cache/podlove/04/662a9d4edcf77ea2abe3c74681f509/freak-show_original.jpg",
    "link": "http://freakshow.fm"
  },
  "duration": "03:34:01",
  "chapters": [
    {
      "start": "00:00:00.000",
      "title": "Previously on Freak Show"
    },
    {
      "start": "00:01:01.261",
      "title": "Intro"
    },
    {
      "start": "00:01:23.456",
      "title": "Begrüßung"
    },
    {
      "start": "00:07:02.827",
      "title": "Gast"
    },
    {
      "start": "00:08:30.363",
      "title": "Dildo Generator"
    },
    {
      "start": "00:11:10.111",
      "title": "Pornoindustrie"
    },
    {
      "start": "00:20:38.794",
      "title": "Datenvisualisierung"
    },
    {
      "start": "00:41:39.232",
      "title": "Metaebene Community Slack"
    },
    {
      "start": "01:22:08.324",
      "title": "Blackberry Passport"
    },
    {
      "start": "01:31:11.534",
      "title": "Taschen und Accessories"
    },
    {
      "start": "01:43:29.734",
      "title": "Klamotten selber machen"
    },
    {
      "start": "01:51:37.258",
      "title": "Bingo"
    },
    {
      "start": "01:52:07.085",
      "title": "iPhone SE"
    },
    {
      "start": "02:02:59.034",
      "title": "iPad Pro"
    },
    {
      "start": "02:07:19.477",
      "title": "Das JavaScript Desaster"
    },
    {
      "start": "02:37:41.252",
      "title": "homebrew"
    },
    {
      "start": "02:52:15.797",
      "title": "Star Wars 7"
    },
    {
      "start": "03:11:10.759",
      "title": "FreeBSD 10.3"
    },
    {
      "start": "03:12:31.048",
      "title": "WikiTree"
    },
    {
      "start": "03:19:24.238",
      "title": "neovim"
    },
    {
      "start": "03:26:04.846",
      "title": "NASA Space App Challenge"
    },
    {
      "start": "03:31:00.928",
      "title": "Ausklang"
    }
  ],
  "audio": [
    {
      "url": "https://tracking.feedpress.it/link/13453/3021920/fs174-legacy-keystroke-importer.m4a",
      "mimeType": "audio/mp4",
      "size": 82377016,
      "title": "Audio MP4"
    }
  ],
  "reference": {
    "share": "//podlove-player.surge.sh/share",
    "config": "//podlove-player.surge.sh/fixtures/cb7c7f9e.json",
    "origin": "http://freakshow.fm/fs174-legacy-keystroke-importer"
  },
  "theme": {
    "main": "rgb(251,237,186)"
  }
}
