{
  "title": "LS005 Aufnahmekonzepte",
  "subtitle": "Welche Mikrofonierung sich für welche Art Podcast eignet",
  "summary": "Dieses Mal ist Podcaster Timo Hetzel zu Gast beim Lautsprecher und wir sprechen gemeinsam über seine Arbeit und seine eingesetzte Technik. Im Mittelpunkt stehen Aufnahmekonzepte, speziell für Gruppenpodcasts.",
  "publicationDate": "2011-11-03T13:54:53.000Z",
  "link": "http://der-lautsprecher.de/ls005",
  "show": {
    "title": "Der Lautsprecher",
    "subtitle": "Ein Podcast über das Senden und Empfangen werden",
    "summary": "Der Lautsprecher ist ein Forum für Podcaster und solche, die es vielleicht werden wollen. Tim Pritlove spricht mit ausgewählten Gästen über Technik, Kultur und Methoden des Podcastings.",
    "poster": "http://der-lautsprecher.de/wp-content/cache/podlove/f3/5801c434d3ae2e00e6b5ee5379b08b/der-lautsprecher_original.jpg",
    "link": "http://der-lautsprecher.de"
  },
  "duration": "01:48:47",
  "chapters": [],
  "audio": [
    {
      "url": "https://tracking.feedpress.it/link/12319/1327936/ls005-aufnahmekonzepte.mp3",
      "mimeType": "audio/mpeg",
      "size": 52275420,
      "title": "Audio MP4"
    }
  ],
  "reference": {
    "share": "//podlove-player.surge.sh/share",
    "config": "//podlove-player.surge.sh/fixtures/cb7e2686.json",
    "origin": "http://der-lautsprecher.de/ls005"
  },
  "theme": {
    "main": "rgb(116,185,248)"
  }
}
