{
  "title": "TLF001 Gold",
  "subtitle": "",
  "summary": "",
  "publicationDate": "2006-01-31T22:18:44.000Z",
  "link": "http://tim.pritlove.org/2006/01/31/tlf001/",
  "show": {
    "title": "The Lunatic Fringe",
    "subtitle": "Merkwürdiges und Denkwürdiges von Tim Pritlove",
    "summary": "Lunatic Fringe ist ein experimenteller Audiopodcast mit wechselnden Inhalten und Stimmungslagen.",
    "poster": "http://tim.pritlove.org/wp-content/cache/podlove/a3/5f409d7acf6bc487c2023915e3afd8/the-lunatic-fringe_original.jpg",
    "link": "http://tim.pritlove.org"
  },
  "duration": "00:47:27",
  "chapters": [],
  "audio": [
    {
      "url": "https://tracking.feedpress.it/link/13551/1926869/tlf001.m4a",
      "mimeType": "audio/mp4",
      "size": 29325483,
      "title": "Audio MP4"
    }
  ],
  "reference": {
    "share": "//podlove-player.surge.sh/share",
    "config": "//podlove-player.surge.sh/fixtures/cbae4f8a.json",
    "origin": "http://tim.pritlove.org/2006/01/31/tlf001/"
  },
  "theme": {
    "main": "rgb(228,184,167)"
  }
}
