{
  "title": "NSFW064 Stuhl im Hals",
  "subtitle": "",
  "summary": "Die zwei hoch sechste Sendung kommt ganz binär mit unterschiedlichen Meinungen der beiden Protagonisten zu nahezu allen Aspekten und lässt dabei kein Langweilerthema aus. Wir fachsimpeln über Piraten, Radio, Pferdepizza, Meteore und sprechende Schafe. Viel Spaß dabei.",
  "publicationDate": "2013-02-25T23:49:09.000Z",
  "link": "http://not-safe-for-work.de/nsfw064-stuhl-im-hals/",
  "show": {
    "title": "Not Safe For Work",
    "subtitle": "Die Internationale Unterhaltungsgala mit Tim Pritlove und Holger Klein",
    "summary": "NSFW ist unkonventionell, unregelmäßig, unsinnig und ungemein unanständig. Garantiert mindestens zwei Worte pro Sendung, die man nicht auf der Arbeit sagen sollte. NSFW sollte nicht zu ernst genommen werden und selbstverständlich als Richtlinie aller Eurer künftigen Handlungen gelten.",
    "poster": "http://not-safe-for-work.de/wp-content/cache/podlove/0f/63751ecd7feba0789d91d4f9a45191/not-safe-for-work_original.jpg",
    "link": "http://not-safe-for-work.de"
  },
  "duration": "03:27:31",
  "chapters": [
    {
      "start": "00:00:00.000",
      "title": "Intro, Begrüßung und Piraten"
    },
    {
      "start": "00:34:55.000",
      "title": "Radio, Podcasting und erzwungene Internetstörungen"
    },
    {
      "start": "01:11:05.000",
      "title": "Ein Herz für Podcasts"
    },
    {
      "start": "01:33:58.000",
      "title": "Roadkill, Pferdepizza und Soundschnipsel"
    },
    {
      "start": "01:56:36.000",
      "title": "Meteor in Russland"
    },
    {
      "start": "02:11:00.000",
      "title": "Geschenke"
    },
    {
      "start": "02:57:44.000",
      "title": "Verkehr und Leo Fischer"
    }
  ],
  "audio": [
    {
      "url": "https://tracking.feedpress.it/link/13444/1886711/nsfw064-stuhl-im-hals.m4a",
      "mimeType": "audio/mp4",
      "size": 77692473,
      "title": "Audio MP4"
    }
  ],
  "reference": {
    "share": "//podlove-player.surge.sh/share",
    "config": "//podlove-player.surge.sh/fixtures/d0f4307f.json",
    "origin": "http://not-safe-for-work.de/nsfw064-stuhl-im-hals/"
  },
  "theme": {
    "main": "rgb(242,156,148)"
  }
}
