{
  "title": "NSFW059 Der Titel dieser Sendung",
  "subtitle": "",
  "summary": "Endlich! Nach 5 Wochen Zwangspause geht die internationale Unterhaltungsgala wieder on air und versucht es wieder allen recht zu machen.",
  "publicationDate": "2012-11-30T18:59:14.000Z",
  "link": "http://not-safe-for-work.de/nsfw059-der-titel-dieser-sendung/",
  "show": {
    "title": "Not Safe For Work",
    "subtitle": "Die Internationale Unterhaltungsgala mit Tim Pritlove und Holger Klein",
    "summary": "NSFW ist unkonventionell, unregelmäßig, unsinnig und ungemein unanständig. Garantiert mindestens zwei Worte pro Sendung, die man nicht auf der Arbeit sagen sollte. NSFW sollte nicht zu ernst genommen werden und selbstverständlich als Richtlinie aller Eurer künftigen Handlungen gelten.",
    "poster": "http://not-safe-for-work.de/wp-content/cache/podlove/0f/63751ecd7feba0789d91d4f9a45191/not-safe-for-work_original.jpg",
    "link": "http://not-safe-for-work.de"
  },
  "duration": "03:32:54",
  "chapters": [
    {
      "start": "00:00:00.000",
      "title": "Intro"
    },
    {
      "start": "00:12:55.000",
      "title": "Tim erzählt von Kolumbien"
    },
    {
      "start": "00:52:00.000",
      "title": "Gadgets und Mobilität"
    },
    {
      "start": "01:10:00.000",
      "title": "WRINT"
    },
    {
      "start": "01:24:40.000",
      "title": "Podlove"
    },
    {
      "start": "01:36:00.000",
      "title": "Congress"
    },
    {
      "start": "01:44:00.000",
      "title": "Hörerpost und Apple Store-Eröffnungen"
    },
    {
      "start": "02:31:00.000",
      "title": "Flattr, Memes und mehr"
    },
    {
      "start": "03:29:56.000",
      "title": "Outro"
    }
  ],
  "audio": [
    {
      "url": "https://tracking.feedpress.it/link/13444/1886716/nsfw059-der-titel-dieser-sendung.m4a",
      "mimeType": "audio/mp4",
      "size": 79709627,
      "title": "Audio MP4"
    }
  ],
  "reference": {
    "share": "//podlove-player.surge.sh/share",
    "config": "//podlove-player.surge.sh/fixtures/d23e958a.json",
    "origin": "http://not-safe-for-work.de/nsfw059-der-titel-dieser-sendung/"
  },
  "theme": {
    "main": "rgb(242,156,148)"
  }
}
