{
  "title": "CRE200 Stadtplanung",
  "subtitle": "Die Geschichte der Stadt und die Herausforderung ihrer Gestaltung in der Gegenwart",
  "summary": "Die Städte spielen seit dem Übergang des Menschen von Jäger und Sammler zum Ackerbau die entscheidende Rolle in der Entwicklung der Menschheit und ihre Bedeutung nimmt im 21. Jahrhundert weiter zu.\n\nStädte stehen heute vor der Herausforderung, die großen ökologischen, ökonomischen und gesellschaftlichen Probleme der Zeit abzufedern und neue Innovationen zu gebären, um das Wachstum und den Klimawandel zu bewältigen.\n\nIm Gespräch mit Tim Pritlove erzählt der Architekt und Stadtplaner Thomas Stellmach von der Geschichte der Städte seit dem Alten Orient über die Antike, dem Römischen Reich, dem Mittelalter, dem Barock, der Renaissance bis zur Moderne und schildert die aktuellen Herausforderungen der Stadtplanung.",
  "publicationDate": "2013-02-05T00:16:12.000Z",
  "poster": "http://cre.fm/wp-content/cache/podlove/eb/58370a26439a271ee12d5802e2f375/cre200-stadtplanung_original.jpg",
  "link": "http://cre.fm/cre200-stadtplanung",
  "show": {
    "title": "CRE: Technik, Kultur, Gesellschaft",
    "subtitle": "Der Interview-Podcast mit Tim Pritlove",
    "summary": "Intensive und ausführliche Gespräche über Themen aus Technik, Kultur und Gesellschaft, das ist CRE. Interessante Gesprächspartner stehen Rede und Antwort zu Fragen, die man normalerweise selten gestellt bekommt. CRE möchte  aufklären, weiterbilden und unterhalten.",
    "poster": "http://cre.fm/wp-content/cache/podlove/6b/8074d85b886d8dedb4945715694ba7/cre-technik-kultur-gesellschaft_original.jpg",
    "link": "http://cre.fm"
  },
  "duration": "03:16:38",
  "chapters": [
    {
      "start": "00:00:00.000",
      "title": "Intro"
    },
    {
      "start": "00:01:36.000",
      "title": "Begrüßung und Einführung"
    },
    {
      "start": "00:16:36.339",
      "title": "Ursprung des Städtebaus"
    },
    {
      "start": "00:31:08.000",
      "title": "Städte im antiken Griechenland"
    },
    {
      "start": "00:38:39.250",
      "title": "Rom"
    },
    {
      "start": "00:45:51.375",
      "title": "Mittelalter"
    },
    {
      "start": "00:51:11.750",
      "title": "Die muslimische Stadt"
    },
    {
      "start": "01:02:02.464",
      "title": "Barock und Renaissance"
    },
    {
      "start": "01:08:14.615",
      "title": "Die Utopie der modernen Stadt"
    },
    {
      "start": "01:23:35.500",
      "title": "Chaos vs. Ordnung"
    },
    {
      "start": "01:29:37.875",
      "title": "New Town"
    },
    {
      "start": "01:50:14.500",
      "title": "Verkehr"
    },
    {
      "start": "01:57:26.031",
      "title": "Sicherheit und Lebensqualität"
    },
    {
      "start": "02:13:15.740",
      "title": "Die Größe der Stadt"
    },
    {
      "start": "02:22:31.115",
      "title": "Stadtplanung in der Ferne"
    },
    {
      "start": "02:29:43.625",
      "title": "Ökologie und Nachhaltigkeit"
    },
    {
      "start": "02:44:12.708",
      "title": "Informationssysteme und Forschung"
    },
    {
      "start": "03:03:19.083",
      "title": "Ausblick"
    },
    {
      "start": "03:07:41.958",
      "title": "Erfahrungen aus einer der ältesten Städte"
    },
    {
      "start": "03:15:03.583",
      "title": "Ende"
    }
  ],
  "audio": [
    {
      "url": "https://tracking.feedpress.it/link/13440/1885494/cre200-stadtplanung.m4a",
      "mimeType": "audio/mp4",
      "size": 73748416,
      "title": "Audio MP4"
    }
  ],
  "reference": {
    "share": "//podlove-player.surge.sh/share",
    "config": "//podlove-player.surge.sh/fixtures/d2e45da.json",
    "origin": "http://cre.fm/cre200-stadtplanung"
  }
}
