{
  "title": "CRE159 Nachrichtendienste",
  "subtitle": "Über die Geheimniskrämerei im Namen des Staates",
  "summary": "Nachrichten- oder auch Geheimdienste sind eine gesellschaftliche Realität und exisitieren in nahezu jeder Gesellschaft. Im Gespräch mit Tim Pritlove bietet Andreas Lehner einen Einblick in die Realitäten und Hintergründe der nachrichtendienstlichen Arbeit in Deutschland.\n\nThemen: Struktur und Aufgaben der Geheimdienste; Geheimhaltungsstufen und Sicherheitüberprüfungen; das Arbeiten mit Deckfirmen und Tarnnamen; Überwachung der Geheimdienste durch das Parlament und die Öffentlichkeit; Wikileaks als verteilter, öffentlicher Nachrichtendienst; wem man vertrauen kann und sollte.",
  "publicationDate": "2010-07-17T00:30:00.000Z",
  "poster": "http://cre.fm/wp-content/cache/podlove/07/ed46e069ffd70796191835377b9650/cre159-nachrichtendienste_original.jpg",
  "link": "http://cre.fm/cre159-nachrichtendienste",
  "show": {
    "title": "CRE: Technik, Kultur, Gesellschaft",
    "subtitle": "Der Interview-Podcast mit Tim Pritlove",
    "summary": "Intensive und ausführliche Gespräche über Themen aus Technik, Kultur und Gesellschaft, das ist CRE. Interessante Gesprächspartner stehen Rede und Antwort zu Fragen, die man normalerweise selten gestellt bekommt. CRE möchte  aufklären, weiterbilden und unterhalten.",
    "poster": "http://cre.fm/wp-content/cache/podlove/6b/8074d85b886d8dedb4945715694ba7/cre-technik-kultur-gesellschaft_original.jpg",
    "link": "http://cre.fm"
  },
  "duration": "02:19:39",
  "chapters": [],
  "audio": [
    {
      "url": "https://tracking.feedpress.it/link/13440/1885677/cre159-nachrichtendienste.m4a",
      "mimeType": "audio/mp4",
      "size": 52342978,
      "title": "Audio MP4"
    }
  ],
  "reference": {
    "share": "//podlove-player.surge.sh/share",
    "config": "//podlove-player.surge.sh/fixtures/d35801e3.json",
    "origin": "http://cre.fm/cre159-nachrichtendienste"
  },
  "theme": {
    "main": "rgb(108,140,188)"
  }
}
