{
  "title": "NSFW088 Lernbehinderte Fernbedienung",
  "subtitle": "Jugendkultur — Fußball-WM — Klickpedale — Postkarten für NSFW — Kaffee — Streaming — 5 Jahre NSFW  — Flattr",
  "summary": "Fünf Jahre ist es her, dass wir uns erstmalig zu einer Sendung Not Safe For Work zusammengefunden haben und wenn wir ehrlich sein sollen: es fühlt sich nicht so lange an. Irgendwie ist dank der begeisterten und engagierten Hörerinnen und Hörer und der stets neue Themen generierenden allgemeinen Stupidität der Welt nie langweilig geworden. Irgendwie putzig, dass die Jubiläumsausgabe die 88. Ausgabe dieses Machwerks ist. Wir würdigen das dann auch explizit.",
  "publicationDate": "2014-06-16T22:27:06.000Z",
  "link": "http://not-safe-for-work.de/nsfw088-lernbehinderte-fernbedienung/",
  "show": {
    "title": "Not Safe For Work",
    "subtitle": "Die Internationale Unterhaltungsgala mit Tim Pritlove und Holger Klein",
    "summary": "NSFW ist unkonventionell, unregelmäßig, unsinnig und ungemein unanständig. Garantiert mindestens zwei Worte pro Sendung, die man nicht auf der Arbeit sagen sollte. NSFW sollte nicht zu ernst genommen werden und selbstverständlich als Richtlinie aller Eurer künftigen Handlungen gelten.",
    "poster": "http://not-safe-for-work.de/wp-content/cache/podlove/0f/63751ecd7feba0789d91d4f9a45191/not-safe-for-work_original.jpg",
    "link": "http://not-safe-for-work.de"
  },
  "duration": "03:31:14",
  "chapters": [
    {
      "start": "00:00:00.000",
      "title": "Intro"
    },
    {
      "start": "00:04:45.000",
      "title": "Begrüßung"
    },
    {
      "start": "00:16:41.000",
      "title": "Neuer Mainstream oder immer noch Subkultur?"
    },
    {
      "start": "00:37:11.000",
      "title": "Fußball-WM"
    },
    {
      "start": "01:20:25.000",
      "title": "Erfreuliches"
    },
    {
      "start": "02:28:22.000",
      "title": "Käffchen, Heinz?"
    },
    {
      "start": "02:33:59.000",
      "title": "Podcast und Streaming"
    },
    {
      "start": "03:13:33.000",
      "title": "Fünf Jahre NSFW"
    },
    {
      "start": "03:26:38.000",
      "title": "Outro"
    }
  ],
  "audio": [
    {
      "url": "https://tracking.feedpress.it/link/13444/1886550/nsfw088-lernbehinderte-fernbedienung.m4a",
      "mimeType": "audio/mp4",
      "size": 79095445,
      "title": "Audio MP4"
    }
  ],
  "reference": {
    "share": "//podlove-player.surge.sh/share",
    "config": "//podlove-player.surge.sh/fixtures/d4f8a924.json",
    "origin": "http://not-safe-for-work.de/nsfw088-lernbehinderte-fernbedienung/"
  },
  "theme": {
    "main": "rgb(242,156,148)"
  }
}
