{
  "title": "CRE163 Ruby und Rails",
  "subtitle": "Die dynamische und agile Entwicklungsumgebung für Web- und andere Anwendungen",
  "summary": "Ruby hat sich in den letzten Jahren den Ruf einer der beliebtesten Programmiersprachen verdient und hat nachweislich die Anwendungen innovativer Webanwendungen spürbar nach vorne gebracht. Vor allem das Framework Ruby on Rails hat der Sprache viele neue Freunde eingebracht. Im Gespräch mit Tim Pritlove berichtet Martin Wöginger von seiner Liebe zu und seinen Erfahrungen mit Ruby und Ruby on Rails und stellt Eigenschaften, Vor- und Nachteile der Entwicklungsumgebung vor.\n\nThemen: Geschichte und verwandte Programmiersprache; Designprinzipien von Ruby; Syntax Sugar; Sprachkonzepte, Objektorientierung und Modularisierung; Erweitern von Basisklassen; Kontrollstrukturen und Closures; Eingebaute Datentypen; Vor- und Nachteile von Ruby; Implementierungen; Ruby on Rails; ORM und ActiveRecord; das Model-View-Controller-Modell; Hosting von Ruby-Anwendungen; Paketmanagement; Setup on Rails-Anwendungen; Programmieren mit Tests und Behaviour-driven Development; Anlegen und Migrieren von Datenbanken; Scaffolding; Restful Programming; Sicherheitsaspekte; Resourcen; Ruby und der Mac.",
  "publicationDate": "2010-10-01T13:00:00.000Z",
  "link": "http://cre.fm/cre163-ruby-und-rails",
  "show": {
    "title": "CRE: Technik, Kultur, Gesellschaft",
    "subtitle": "Der Interview-Podcast mit Tim Pritlove",
    "summary": "Intensive und ausführliche Gespräche über Themen aus Technik, Kultur und Gesellschaft, das ist CRE. Interessante Gesprächspartner stehen Rede und Antwort zu Fragen, die man normalerweise selten gestellt bekommt. CRE möchte  aufklären, weiterbilden und unterhalten.",
    "poster": "http://cre.fm/wp-content/cache/podlove/6b/8074d85b886d8dedb4945715694ba7/cre-technik-kultur-gesellschaft_original.jpg",
    "link": "http://cre.fm"
  },
  "duration": "02:24:28",
  "chapters": [],
  "audio": [
    {
      "url": "https://tracking.feedpress.it/link/13440/1885673/cre163-ruby-und-rails.m4a",
      "mimeType": "audio/mp4",
      "size": 54071111,
      "title": "Audio MP4"
    }
  ],
  "reference": {
    "share": "//podlove-player.surge.sh/share",
    "config": "//podlove-player.surge.sh/fixtures/d53a7643.json",
    "origin": "http://cre.fm/cre163-ruby-und-rails"
  },
  "theme": {
    "main": "rgb(212,188,147)"
  }
}
