{
  "title": "Remember, remember!",
  "subtitle": "LNP200 ante portas",
  "summary": "Ihr wartet ja sicherlich schon länger darauf: der große Event für Logbuch:Netzpolitik 200 ist jetzt in den Startlöchern und wir erzählen Euch, was Sache ist.",
  "publicationDate": "2016-10-18T21:59:00.000Z",
  "show": {
    "title": "Logbuch:Netzpolitik",
    "subtitle": "Einblicke und Ausblicke in das netzpolitische Geschehen",
    "summary": "Logbuch:Netzpolitik ist ein in der Regel wöchentlich erscheinender Podcast, der im Dialog zwischen Linus Neumann und Tim Pritlove die wichtigsten Themen und Ereignisse mit netzpolitischem Bezug aufgreift und diskutiert.",
    "poster": "http://logbuch-netzpolitik.de/wp-content/cache/podlove/92/de7e775cef6431203e4666e628294b/logbuchnetzpolitik_original.jpg",
    "url": "http://logbuch-netzpolitik.de"
  },
  "duration": "00:03:24",
  "chapters": [
    {
      "start": "00:00:00.000",
      "title": "Intro"
    },
    {
      "start": "00:00:21.634",
      "title": "Ankündigung LNP200"
    }
  ],
  "audio": [
    "https://tracking.feedpress.it/link/13476/4657989/remember-remember.m4a"
  ],
  "theme": {
    "primary": "#79F2A8"
  },
  "reference": {
    "share": "//podlove-player.surge.sh/share",
    "config": "//podlove-player.surge.sh/fixtures/d7c2aa28.json"
  }
}
