{
  "title": "NSFW052 Metaphernbeschleuniger",
  "subtitle": "",
  "summary": "Pünktlich zur Ankunft des Gottesteilchens finden sich Gottespodcaster Tim und Holgi im Olymp (Metaebene) ein, um vom Pferd zu predigen. Robert Helling ist kurz zu Gast und erklärt die Hintergründe der heutigen Verkündigungen am CERN zum Higgs-Boson.",
  "publicationDate": "2012-07-04T15:37:21.000Z",
  "link": "http://not-safe-for-work.de/nsfw052-metaphernbeschleuniger/",
  "show": {
    "title": "Not Safe For Work",
    "subtitle": "Die Internationale Unterhaltungsgala mit Tim Pritlove und Holger Klein",
    "summary": "NSFW ist unkonventionell, unregelmäßig, unsinnig und ungemein unanständig. Garantiert mindestens zwei Worte pro Sendung, die man nicht auf der Arbeit sagen sollte. NSFW sollte nicht zu ernst genommen werden und selbstverständlich als Richtlinie aller Eurer künftigen Handlungen gelten.",
    "poster": "http://not-safe-for-work.de/wp-content/cache/podlove/0f/63751ecd7feba0789d91d4f9a45191/not-safe-for-work_original.jpg",
    "link": "http://not-safe-for-work.de"
  },
  "duration": "02:47:44",
  "chapters": [],
  "audio": [
    {
      "url": "https://tracking.feedpress.it/link/13444/1886723/nsfw052-metaphernbeschleuniger.m4a",
      "mimeType": "audio/mp4",
      "size": 62813088,
      "title": "Audio MP4"
    }
  ],
  "reference": {
    "share": "//podlove-player.surge.sh/share",
    "config": "//podlove-player.surge.sh/fixtures/d9d153f6.json",
    "origin": "http://not-safe-for-work.de/nsfw052-metaphernbeschleuniger/"
  },
  "theme": {
    "main": "rgb(242,156,148)"
  }
}
