{
  "title": "NSFW081 Spermafleck auf Union Jack",
  "subtitle": "Audiosoftware — Getränkedosen — Mate — Bitcoin — Neuseeland — Schoki — Unperfekthaus u.v.m.",
  "summary": "Nach einer schier endlos langen Pause — Holgis Terminkalender ist schuld und er bittet um Nachsicht — nehmen wir wieder das Gespräch auf und kurven uns durch private Erlebnisse und eine umfangreiche Liste von interessanten Zusendungen aus aller Welt - von Kanada über Weißrußland und Neuseeland scheint mal wieder fast jeder Kontinent vertreten zu sein.",
  "publicationDate": "2014-02-24T23:02:01.000Z",
  "link": "http://not-safe-for-work.de/nsfw081-spermafleck-auf-union-jack/",
  "show": {
    "title": "Not Safe For Work",
    "subtitle": "Die Internationale Unterhaltungsgala mit Tim Pritlove und Holger Klein",
    "summary": "NSFW ist unkonventionell, unregelmäßig, unsinnig und ungemein unanständig. Garantiert mindestens zwei Worte pro Sendung, die man nicht auf der Arbeit sagen sollte. NSFW sollte nicht zu ernst genommen werden und selbstverständlich als Richtlinie aller Eurer künftigen Handlungen gelten.",
    "poster": "http://not-safe-for-work.de/wp-content/cache/podlove/0f/63751ecd7feba0789d91d4f9a45191/not-safe-for-work_original.jpg",
    "link": "http://not-safe-for-work.de"
  },
  "duration": "03:51:58",
  "chapters": [
    {
      "start": "00:00:00.000",
      "title": "Intro"
    },
    {
      "start": "00:23:50.000",
      "title": "Geschenk 1"
    },
    {
      "start": "01:01:45.000",
      "title": "Geschenk 2 aus Neuseeland"
    },
    {
      "start": "01:40:44.000",
      "title": "Geschenk 3"
    },
    {
      "start": "01:59:24.000",
      "title": "Geschenk 4"
    },
    {
      "start": "02:09:59.000",
      "title": "Geschenk 5"
    },
    {
      "start": "02:36:10.000",
      "title": "Geschenk 6"
    },
    {
      "start": "02:44:02.000",
      "title": "Geschenk 7"
    },
    {
      "start": "03:23:32.000",
      "title": "Geschenk 8"
    },
    {
      "start": "03:34:05.000",
      "title": "Geschenk 9"
    },
    {
      "start": "03:47:18.000",
      "title": "Verabschiedung"
    },
    {
      "start": "03:48:26.000",
      "title": "Outro"
    }
  ],
  "audio": [
    {
      "url": "https://tracking.feedpress.it/link/13444/1886694/nsfw081-spermafleck-auf-union-jack.m4a",
      "mimeType": "audio/mp4",
      "size": 87172329,
      "title": "Audio MP4"
    }
  ],
  "reference": {
    "share": "//podlove-player.surge.sh/share",
    "config": "//podlove-player.surge.sh/fixtures/d9f054ad.json",
    "origin": "http://not-safe-for-work.de/nsfw081-spermafleck-auf-union-jack/"
  },
  "theme": {
    "main": "rgb(242,156,148)"
  }
}
