{
  "title": "CRE171 Die Eisenbahn",
  "subtitle": "Wie Züge, Netze und Fahrpläne funktionieren",
  "summary": "Die Eisenbahn ist nach wie vor eine der wichtigsten Infrastrukturen der modernen Gesellschaft und ist deswegen auch immer im Gespräch, im Guten wie im Schlechten. Zeit, einmal hinter die Kulissen der Technik und Organisation zu schauen. Hannes Sowa und Marvin Blauth erläutern im Gespräch mit Tim Pritlove technische Details únd organisatorische Finessen der Bahnwelt. Ein Versuch, die komplexe Welt der Bahn etwas zusammenzufassen.\n\nThemen: Loktypen; Schienensysteme; Stromsysteme; Sicherheit und Streckenblöcke; Regulierung; Planung einer Strecke; Fahrplan-Planung; Zusammenstellung eines Zuges; Schutzweichen und warum man auch mal einen Zug in den Fluss leitet; wie man einen Zug bremst; Zuglängen; Räder; Sicherheitssysteme; Blöcke; Automatische Bremssysteme; Güterverkehr; die Eisenbahn als globale Technologie; Internet im Zug; Europäischer Streckenausbau; Schnellzüge; Internationale Großprojekte.",
  "publicationDate": "2010-12-02T01:20:00.000Z",
  "poster": "http://cre.fm/wp-content/cache/podlove/12/a84d8e68d7a6b712bcf38dc69a86e1/cre171-die-eisenbahn_original.jpg",
  "link": "http://cre.fm/cre171-die-eisenbahn",
  "show": {
    "title": "CRE: Technik, Kultur, Gesellschaft",
    "subtitle": "Der Interview-Podcast mit Tim Pritlove",
    "summary": "Intensive und ausführliche Gespräche über Themen aus Technik, Kultur und Gesellschaft, das ist CRE. Interessante Gesprächspartner stehen Rede und Antwort zu Fragen, die man normalerweise selten gestellt bekommt. CRE möchte  aufklären, weiterbilden und unterhalten.",
    "poster": "http://cre.fm/wp-content/cache/podlove/6b/8074d85b886d8dedb4945715694ba7/cre-technik-kultur-gesellschaft_original.jpg",
    "link": "http://cre.fm"
  },
  "duration": "02:18:45",
  "chapters": [],
  "audio": [
    {
      "url": "https://tracking.feedpress.it/link/13440/1885665/cre171-die-eisenbahn.m4a",
      "mimeType": "audio/mp4",
      "size": 51972852,
      "title": "Audio MP4"
    }
  ],
  "reference": {
    "share": "//podlove-player.surge.sh/share",
    "config": "//podlove-player.surge.sh/fixtures/db8ce13f.json",
    "origin": "http://cre.fm/cre171-die-eisenbahn"
  },
  "theme": {
    "main": "rgb(180,204,220)"
  }
}
