{
  "title": "LNP209 Das jüngste Gerücht",
  "subtitle": "Fake News — Social Bots — VDS-Gutachten — FBI-Datenzugriff im Ausland — Tobis Tricks versus Bild — Informationsfreiheitsauskünfte — Termine",
  "summary": "Tim ist wieder da und wir reden wie vielfach gewünscht nur über Netzpolitik und stören den Elefanten im Raum nicht daran, weiter den Porzellanladen zu zertrümmern. Stattdessen blicken wir auf die weiter latent aufgeregte geführte Debatte rund um Fake News und Social Bots, nehmen positiv ein Gutachten des Wissenschaftlichen Dienstes zur Vorratsdatenspeicherung zur Kenntnis und wundern uns über die widersprüchliche Rechtssprechung in den USA bezüglich des Datenzugriffs im Ausland.  Wir runden die Sendung ab mit einem kurzen und wie es scheint letzten Blick auf die gerichtliche Auseinandersetzung zwischen Springer und Tobis Tricks rund um Adblocker-Blocker und einer potentiellen Kostensenkung für zukünftige Anfragen nach dem Informationsfreiheitsgesetz.",
  "publicationDate": "2017-02-11T13:07:39.000Z",
  "link": "http://logbuch-netzpolitik.de/lnp209-das-juengste-geruecht",
  "show": {
    "title": "Logbuch:Netzpolitik",
    "subtitle": "Einblicke und Ausblicke in das netzpolitische Geschehen",
    "summary": "Logbuch:Netzpolitik ist ein in der Regel wöchentlich erscheinender Podcast, der im Dialog zwischen Linus Neumann und Tim Pritlove die wichtigsten Themen und Ereignisse mit netzpolitischem Bezug aufgreift und diskutiert.",
    "poster": "http://logbuch-netzpolitik.de/wp-content/cache/podlove/92/de7e775cef6431203e4666e628294b/logbuchnetzpolitik_original.jpg",
    "link": "http://logbuch-netzpolitik.de"
  },
  "duration": "01:28:27",
  "chapters": [
    {
      "start": "00:00:00.000",
      "title": "Intro"
    },
    {
      "start": "00:00:34.919",
      "title": "Prolog"
    },
    {
      "start": "00:03:47.030",
      "title": "Merkel-Selfie und Fake News"
    },
    {
      "start": "00:29:26.025",
      "title": "Social Bots Anhörung im Bundestag"
    },
    {
      "start": "00:46:49.903",
      "title": "VDS-Gutachten des Wissenschaftlichen Dienstes"
    },
    {
      "start": "00:56:37.762",
      "title": "FBI-Datenzugriff auf ausländische Konten"
    },
    {
      "start": "01:01:53.602",
      "title": "Tobis Tricks versus Bild: Adblocker-Blocker-Verbot"
    },
    {
      "start": "01:14:37.677",
      "title": "Rechtswidrige Gebühren für Informationsfreiheitsauskünfte"
    },
    {
      "start": "01:21:44.692",
      "title": "Termine"
    },
    {
      "start": "01:24:17.618",
      "title": "Epilog"
    },
    {
      "start": "01:27:27.203",
      "title": "Outro"
    }
  ],
  "audio": [
    {
      "url": "https://tracking.feedpress.it/link/13476/5300004/lnp209-das-juengste-geruecht.m4a",
      "mimeType": "audio/mp4",
      "size": 33214344,
      "title": "Audio MP4"
    }
  ],
  "reference": {
    "share": "//podlove-player.surge.sh/share",
    "config": "//podlove-player.surge.sh/fixtures/dbdebcf4.json",
    "origin": "http://logbuch-netzpolitik.de/lnp209-das-juengste-geruecht"
  },
  "theme": {
    "main": "rgb(218,207,164)"
  }
}
