{
  "title": "CRE184 Bundeswehr",
  "subtitle": "Die Deutschen Streitkräfte und ihr Verhältnis zur Gesellschaft und der Welt",
  "summary": "Die Bundeswehr ist fester Bestandteil der Deutschen Gesellschaft, wird aber auffallend wenig diskutiert und thematisiert - weder bei den Bürgern noch in den Medien. Nur in Krisen- und Katastrophenfällen oder bei außerordentlichen Kriegsvorfällen schafft es die Truppe in die Medien. Dabei hat sich durch die Abschaffung der Wehrpflicht und die zahlreichen Auslandseinsätze das Profil des deutschen Militärs deutlich geändert und werden die derzeitigen Aufgaben zwar kritisch gesehen, aber selten kritisch reflektiert.\n\nIm Gespräch mit Tim Pritlove berichtet der Journalist Thomas Wiegold über die Bundeswehr und ihre Auslandseinsätze. Thomas berichtet regelmäßig über Thema Bundeswehr in seinem eigenen Blog und hat sie auch in seiner klassischen Journalistentätigkeit zahlreiche Einsätze der Bundeswehr begleitet und nimmt auch in der Verteidigungs- und Sicherheitspolitik eine Beobachterrolle ein.\n\nThemen: Somalia-Einsatz; Bundeswehr-Geschichte; Verankerung in der Gesellschaft; Ausbildung in der Bundeswehr; Wehrpflicht und Berufsarmee; Kriegsdienstverweigerung; Schnupperkurse; Libyen-Konflikt und der Sicherheitsrat; Deutschland und seine Verbündeten; Kosovo-Konflikt; Politische Struktur; Internationale Einsätze; Cyberwar und Information Warfare; Verrat und Geheimhaltung.",
  "publicationDate": "2011-08-10T14:30:00.000Z",
  "poster": "http://cre.fm/wp-content/cache/podlove/f6/1c6d32c3da35d18907acf04e92a4bc/cre184-bundeswehr_original.jpg",
  "link": "http://cre.fm/cre184-bundeswehr",
  "show": {
    "title": "CRE: Technik, Kultur, Gesellschaft",
    "subtitle": "Der Interview-Podcast mit Tim Pritlove",
    "summary": "Intensive und ausführliche Gespräche über Themen aus Technik, Kultur und Gesellschaft, das ist CRE. Interessante Gesprächspartner stehen Rede und Antwort zu Fragen, die man normalerweise selten gestellt bekommt. CRE möchte  aufklären, weiterbilden und unterhalten.",
    "poster": "http://cre.fm/wp-content/cache/podlove/6b/8074d85b886d8dedb4945715694ba7/cre-technik-kultur-gesellschaft_original.jpg",
    "link": "http://cre.fm"
  },
  "duration": "01:54:41",
  "chapters": [],
  "audio": [
    {
      "url": "https://tracking.feedpress.it/link/13440/1885510/cre184-bundeswehr.m4a",
      "mimeType": "audio/mp4",
      "size": 43017077,
      "title": "Audio MP4"
    }
  ],
  "reference": {
    "share": "//podlove-player.surge.sh/share",
    "config": "//podlove-player.surge.sh/fixtures/dd078e2f.json",
    "origin": "http://cre.fm/cre184-bundeswehr"
  },
  "theme": {
    "main": "rgb(128,232,224)"
  }
}
