{
  "title": "LNP212 Alles voll mit Sexbombe",
  "subtitle": "Ein Logbuch:Netzpolitik Spezial zum NSA-Untersuchungsausschuss",
  "summary": "Wie angekündigt unterbrechen wir das normale Programm für eine weitere Spezialausgabe der Sendung und unterhalten uns mit Andre Meister über den NSA-Untersuchungsausschuss und versuchen, ein Resümee zu ziehen.",
  "publicationDate": "2017-02-27T21:33:27.000Z",
  "link": "http://logbuch-netzpolitik.de/lnp212-alles-voll-mit-sexbombe",
  "show": {
    "title": "Logbuch:Netzpolitik",
    "subtitle": "Einblicke und Ausblicke in das netzpolitische Geschehen",
    "summary": "Logbuch:Netzpolitik ist ein in der Regel wöchentlich erscheinender Podcast, der im Dialog zwischen Linus Neumann und Tim Pritlove die wichtigsten Themen und Ereignisse mit netzpolitischem Bezug aufgreift und diskutiert.",
    "poster": "http://logbuch-netzpolitik.de/wp-content/cache/podlove/92/de7e775cef6431203e4666e628294b/logbuchnetzpolitik_original.jpg",
    "link": "http://logbuch-netzpolitik.de"
  },
  "duration": "02:13:16",
  "chapters": [
    {
      "start": "00:00:00.000",
      "title": "Intro"
    },
    {
      "start": "00:00:30.018",
      "title": "Prolog"
    },
    {
      "start": "00:01:18.543",
      "title": "Feedback: Flüchtlingshandys"
    },
    {
      "start": "00:04:14.584",
      "title": "Feedback: Spamkontrolle"
    },
    {
      "start": "00:06:39.416",
      "title": "Feedback: Telekom-Router"
    },
    {
      "start": "00:09:28.031",
      "title": "Feedback: Dr. DOS"
    },
    {
      "start": "00:11:33.021",
      "title": "Puppe Cayla ist verboten"
    },
    {
      "start": "00:13:25.462",
      "title": "NSA-UA: Die Protokolle"
    },
    {
      "start": "00:28:15.244",
      "title": "NSA-UA: Der Auftrag und seine Erfüllung"
    },
    {
      "start": "00:40:44.750",
      "title": "NSA-UA: Geheimniskrämereien"
    },
    {
      "start": "01:15:09.152",
      "title": "NSA-UA: Erfolge"
    },
    {
      "start": "01:18:42.538",
      "title": "NSA-UA: Gesellschaftswandel möglich?"
    },
    {
      "start": "01:24:38.963",
      "title": "NSA-UA: Drohnenkriege"
    },
    {
      "start": "01:32:21.494",
      "title": "NSA-UA: Arbeit des Ausschusses"
    },
    {
      "start": "01:40:27.286",
      "title": "NSA-UA: Der Abschlussbericht"
    },
    {
      "start": "01:47:08.712",
      "title": "NSA-UA: Snowden"
    },
    {
      "start": "01:55:59.054",
      "title": "NSA-UA: Fazit"
    },
    {
      "start": "02:00:38.444",
      "title": "NSA-UA: Mediale Begleitung"
    },
    {
      "start": "02:06:46.102",
      "title": "NSA-UA: Kollegialität"
    },
    {
      "start": "02:12:10.169",
      "title": "Epilog"
    }
  ],
  "audio": [
    {
      "url": "https://tracking.feedpress.it/link/13476/5426421/lnp212-alles-voll-mit-sexbombe.m4a",
      "mimeType": "audio/mp4",
      "size": 49885070,
      "title": "Audio MP4"
    }
  ],
  "reference": {
    "share": "//podlove-player.surge.sh/share",
    "config": "//podlove-player.surge.sh/fixtures/ddb4f0f1.json",
    "origin": "http://logbuch-netzpolitik.de/lnp212-alles-voll-mit-sexbombe"
  },
  "theme": {
    "main": "rgb(218,207,164)"
  }
}
