{
  "title": "CRE166 Segeln",
  "subtitle": "Über die erforderliche Technik, Logistik und Einstellung zum Bereisen der Weltmeere",
  "summary": "Wenn einer eine Reise tut, dann kann er was erzählen. Und wenn einer mit dem Reisen gar nicht mehr aufhört, dann erst recht. Im Gespräch mit Tim Pritlove berichtet Jens-Uwe Mager vom Leben auf einem Boot und dem damit verbundenen Spaß an Technik, Logistik.\n\nThemen: was ein geeignetes Boot ausmacht; Verdränger und Gleiter; der Mast und die Höhenangst; Piraten; Hafenbilliard; Nachtwache; wie ein Boot Vortrieb generiert; Schlafzyklen bei Weltumrundungen; Müll in den Weltmeeren; wie Seemannsgarn entsteht; was man alles an Bord hat; Energieversorgung an Bord; Strom sparen mit Wind- und Sonnenenergie; Passatwinde und Windstille; Sensorik und Sensornetzwerke; Kurzwelle und Wetterfaxe; Satellitentelefone und weltweites Internet; Ortung per GPS; Einreisebestimmungen für Schiffsreisende in Kuba und anderen Ländern; WLANs an Häfen anzapfen.",
  "publicationDate": "2010-10-08T21:30:00.000Z",
  "poster": "http://cre.fm/wp-content/cache/podlove/b0/2f41eb3140158dcb38898f73d8154a/cre166-segeln_original.jpg",
  "link": "http://cre.fm/cre166-segeln",
  "show": {
    "title": "CRE: Technik, Kultur, Gesellschaft",
    "subtitle": "Der Interview-Podcast mit Tim Pritlove",
    "summary": "Intensive und ausführliche Gespräche über Themen aus Technik, Kultur und Gesellschaft, das ist CRE. Interessante Gesprächspartner stehen Rede und Antwort zu Fragen, die man normalerweise selten gestellt bekommt. CRE möchte  aufklären, weiterbilden und unterhalten.",
    "poster": "http://cre.fm/wp-content/cache/podlove/6b/8074d85b886d8dedb4945715694ba7/cre-technik-kultur-gesellschaft_original.jpg",
    "link": "http://cre.fm"
  },
  "duration": "01:59:45",
  "chapters": [],
  "audio": [
    {
      "url": "https://tracking.feedpress.it/link/13440/1885670/cre166-segeln.m4a",
      "mimeType": "audio/mp4",
      "size": 44862689,
      "title": "Audio MP4"
    }
  ],
  "reference": {
    "share": "//podlove-player.surge.sh/share",
    "config": "//podlove-player.surge.sh/fixtures/ddca25f6.json",
    "origin": "http://cre.fm/cre166-segeln"
  },
  "theme": {
    "main": "rgb(220,128,64)"
  }
}
