{
  "title": "FS199 Dieses Wochenende, nächstes Wochenende",
  "subtitle": "",
  "summary": "",
  "publicationDate": "2017-06-03T22:56:59.000Z",
  "link": "http://freakshow.fm/fs199-dieses-wochenende-naechstes-wochenende",
  "show": {
    "title": "Freak Show",
    "subtitle": "Menschen! Technik! Sensationen!",
    "summary": "Die muntere Talk Show um Leben mit Technik, das Netz und Technikkultur. Bisweilen Apple-lastig aber selten einseitig. Wir leben und lieben Technologie und reden darüber. Mit Tim, hukl, roddi, Clemens und Denis. Freak Show hieß irgendwann mal mobileMacs.",
    "poster": "http://freakshow.fm/wp-content/cache/podlove/04/662a9d4edcf77ea2abe3c74681f509/freak-show_original.jpg",
    "link": "http://freakshow.fm"
  },
  "duration": "03:24:05",
  "chapters": [
    {
      "start": "00:00:00.000",
      "title": "Intro"
    },
    {
      "start": "00:01:16.175",
      "title": "Begrüßung"
    },
    {
      "start": "00:04:43.278",
      "title": "FS200 doch nicht live"
    },
    {
      "start": "00:07:11.025",
      "title": "Dieses Wochenende, nächstes Wochenende"
    },
    {
      "start": "00:12:59.771",
      "title": "Arrays mit 0 oder 1"
    },
    {
      "start": "00:22:17.582",
      "title": "Geil, Danke"
    },
    {
      "start": "00:35:23.321",
      "title": "Michaela"
    },
    {
      "start": "00:39:56.961",
      "title": "Schwierigkeiten mit VR"
    },
    {
      "start": "00:45:40.649",
      "title": "Anwendungen für VR"
    },
    {
      "start": "00:58:02.966",
      "title": "JavaScript App Framworks"
    },
    {
      "start": "01:16:01.803",
      "title": "WebASM"
    },
    {
      "start": "01:19:08.693",
      "title": "Continous Integration"
    },
    {
      "start": "01:41:45.837",
      "title": "Editoren"
    },
    {
      "start": "01:53:13.928",
      "title": "Code schreiben und gut dabei fühlen"
    },
    {
      "start": "02:02:10.780",
      "title": "360 Grad Kameras"
    },
    {
      "start": "02:29:53.608",
      "title": "Stricken, Häkeln, Schneidern"
    },
    {
      "start": "03:14:04.806",
      "title": "WWDC Wünschdirwas"
    }
  ],
  "audio": [
    {
      "url": "https://tracking.feedpress.it/link/13453/5961033/fs199-dieses-wochenende-naechstes-wochenende.m4a",
      "mimeType": "audio/mp4",
      "size": 78451047,
      "title": "Audio MP4"
    }
  ],
  "reference": {
    "share": "//podlove-player.surge.sh/share",
    "config": "//podlove-player.surge.sh/fixtures/dfbd51f0.json",
    "origin": "http://freakshow.fm/fs199-dieses-wochenende-naechstes-wochenende"
  },
  "theme": {
    "main": "rgb(251,237,186)"
  }
}
