{
  "title": "LNP221 Ich glaub doch nichts, was die Regierung sagt!",
  "subtitle": "WannaCry — Vorratsdatenspeicherung — SMS-2FA — re:publica — Termine — 34C3",
  "summary": "Ein paar Tage später dran als gewohnt und genau richtig, um den Fallout der Ransomware WannaCry zusammenzufegen, die über das Wochenende ihr Unwesen auf den ungepatchten Windows-Computern der Welt getrieben hat. Dazu blicken wir auf die geplante vorzeitige Verschärfung der Vorratsdatenspeicherung und die Probleme, die Provider mit ihrer Umsetzung haben, die re:publica in Berlin. Dann verkünden wir noch ein paar Termine und besonders auf die neue Location des 34C3.",
  "publicationDate": "2017-05-15T13:51:21.000Z",
  "link": "http://logbuch-netzpolitik.de/lnp221-ich-glaub-doch-nichts-was-die-regierung-sagt",
  "show": {
    "title": "Logbuch:Netzpolitik",
    "subtitle": "Einblicke und Ausblicke in das netzpolitische Geschehen",
    "summary": "Logbuch:Netzpolitik ist ein in der Regel wöchentlich erscheinender Podcast, der im Dialog zwischen Linus Neumann und Tim Pritlove die wichtigsten Themen und Ereignisse mit netzpolitischem Bezug aufgreift und diskutiert.",
    "poster": "http://logbuch-netzpolitik.de/wp-content/cache/podlove/92/de7e775cef6431203e4666e628294b/logbuchnetzpolitik_original.jpg",
    "link": "http://logbuch-netzpolitik.de"
  },
  "duration": "02:23:16",
  "chapters": [
    {
      "start": "00:00:00.000",
      "title": "Intro"
    },
    {
      "start": "00:00:28.898",
      "title": "Prolog"
    },
    {
      "start": "00:01:28.063",
      "title": "Feedback: Wahlsoftware"
    },
    {
      "start": "00:05:28.668",
      "title": "WannaCry: Vorgeschichte"
    },
    {
      "start": "00:14:44.962",
      "title": "WannaCry: Verbreitungsweg"
    },
    {
      "start": "00:24:55.955",
      "title": "WannaCry: Auswirkungen"
    },
    {
      "start": "00:33:38.292",
      "title": "WannaCry: Politische Komponente"
    },
    {
      "start": "00:53:12.002",
      "title": "Vorratsdatenseicherung wird ausgeweitet"
    },
    {
      "start": "01:13:39.595",
      "title": "SMS-2nd-Factor-Hack"
    },
    {
      "start": "01:34:43.599",
      "title": "re:publica 2017"
    },
    {
      "start": "02:07:56.290",
      "title": "Termine"
    },
    {
      "start": "02:10:10.400",
      "title": "34C3 in Leipzig"
    },
    {
      "start": "02:16:21.233",
      "title": "Epilog"
    },
    {
      "start": "02:18:12.673",
      "title": "Bonus Track"
    }
  ],
  "audio": [
    {
      "url": "https://tracking.feedpress.it/link/13476/5838860/lnp221-ich-glaub-doch-nichts-was-die-regierung-sagt.m4a",
      "mimeType": "audio/mp4",
      "size": 53606538,
      "title": "Audio MP4"
    }
  ],
  "reference": {
    "share": "//podlove-player.surge.sh/share",
    "config": "//podlove-player.surge.sh/fixtures/e5becee1.json",
    "origin": "http://logbuch-netzpolitik.de/lnp221-ich-glaub-doch-nichts-was-die-regierung-sagt"
  },
  "theme": {
    "main": "rgb(218,207,164)"
  }
}
