{
  "title": "NSFW062 Hab’ ich extra gemacht",
  "subtitle": "",
  "summary": "Nach eine wiederholt längeren Pause setzen wir jetzt zu neuer Regelmäßgkeit und Ordnung an. Leider verlegt Tim immer noch die Geschenke und Holgi unterbricht. Aber was soll's, dafür reden wir über Österreichisch, Sexismus, dem CCC im Film, Pythagoras, Langzeitbelichtung, schreiende Schweden, Islam und wie man Deutscher wird.",
  "publicationDate": "2013-01-30T18:09:06.000Z",
  "link": "http://not-safe-for-work.de/nsfw062-hab-ich-extra-gemacht/",
  "show": {
    "title": "Not Safe For Work",
    "subtitle": "Die Internationale Unterhaltungsgala mit Tim Pritlove und Holger Klein",
    "summary": "NSFW ist unkonventionell, unregelmäßig, unsinnig und ungemein unanständig. Garantiert mindestens zwei Worte pro Sendung, die man nicht auf der Arbeit sagen sollte. NSFW sollte nicht zu ernst genommen werden und selbstverständlich als Richtlinie aller Eurer künftigen Handlungen gelten.",
    "poster": "http://not-safe-for-work.de/wp-content/cache/podlove/0f/63751ecd7feba0789d91d4f9a45191/not-safe-for-work_original.jpg",
    "link": "http://not-safe-for-work.de"
  },
  "duration": "03:22:25",
  "chapters": [
    {
      "start": "00:00:00.000",
      "title": "Intro"
    },
    {
      "start": "00:20:47.000",
      "title": "Sexismus-Debatte"
    },
    {
      "start": "01:00:32.000",
      "title": "Reisen"
    },
    {
      "start": "01:14:06.000",
      "title": "Panzer und Infokrieger"
    },
    {
      "start": "01:28:56.000",
      "title": "Podcast-, Fremdsprach- und App-Empfehlungen"
    },
    {
      "start": "01:48:07.000",
      "title": "Von Griechen, Muslimen und Schweden"
    },
    {
      "start": "01:56:16.000",
      "title": "Podlove und die Metaebene"
    },
    {
      "start": "02:13:30.000",
      "title": "Filmempfehlungen"
    },
    {
      "start": "02:22:08.000",
      "title": "Nationalitäten und Diskriminierung"
    },
    {
      "start": "02:54:26.000",
      "title": "Geschenke"
    },
    {
      "start": "03:19:08.000",
      "title": "Outro"
    }
  ],
  "audio": [
    {
      "url": "https://tracking.feedpress.it/link/13444/1886713/nsfw062-hab-ich-extra-gemacht.m4a",
      "mimeType": "audio/mp4",
      "size": 75784923,
      "title": "Audio MP4"
    }
  ],
  "reference": {
    "share": "//podlove-player.surge.sh/share",
    "config": "//podlove-player.surge.sh/fixtures/e6084a86.json",
    "origin": "http://not-safe-for-work.de/nsfw062-hab-ich-extra-gemacht/"
  },
  "theme": {
    "main": "rgb(242,156,148)"
  }
}
