{
  "title": "CRE161 Der CCC und die Öffentlichkeit",
  "subtitle": "Über das Verhältnis der Galaktischen Vereinigung ohne Struktur zur Gesellschaft, seinen Ansatz der Kommunikation und frühe Hacks",
  "summary": "Diese Ausgabe von Chaosradio Express ist eine Aufzeichnung eines Live-Gesprächs, was im Rahmen der Ars Electronica 2010 im \"Teleinternet\" Space auf der Bühne stattfand. Anlässlich der Verleihung der \"Golden Nica\" in der Kategorie \"Digital Communities\" an den Chaos Computer Club erzählen Peter \"Vic\" Franck und Andreas Lehner im Gespräch mit Tim Pritlove aus der Geschichte des Clubs, seinem Verhältnis zur Öffentlichkeit und der Gesellschaft, der Möglichkeit, andere zu erreichen und was Selbstverständnis des Hackers ist.\n\nThemen: Ars Electronica; Gründung des CCC; eine Welt ohne Netze; erste Schritte im Bildschirmtext; die Bedeutung von *655321#; wie es ist, ein Hacker zu sein; Neugier und Forschergeist; Revolution der weltweiten Kommunikation durch Netze; Datenreisen; der NASA-Hack und die Spaltung des Clubs; das Reiten auf der digitalkulturellen Schockwelle und der Hacker im Auge des Sturms; Kontakt mit der Außenwelt und die kompromissbehaftete Arbeit in Gremien; Nerds und die Politik und die Piratenpartei in Deutschland.",
  "publicationDate": "2010-09-07T10:30:00.000Z",
  "link": "http://cre.fm/cre161-ccc-oeffentlichkeit",
  "show": {
    "title": "CRE: Technik, Kultur, Gesellschaft",
    "subtitle": "Der Interview-Podcast mit Tim Pritlove",
    "summary": "Intensive und ausführliche Gespräche über Themen aus Technik, Kultur und Gesellschaft, das ist CRE. Interessante Gesprächspartner stehen Rede und Antwort zu Fragen, die man normalerweise selten gestellt bekommt. CRE möchte  aufklären, weiterbilden und unterhalten.",
    "poster": "http://cre.fm/wp-content/cache/podlove/6b/8074d85b886d8dedb4945715694ba7/cre-technik-kultur-gesellschaft_original.jpg",
    "link": "http://cre.fm"
  },
  "duration": "01:45:21",
  "chapters": [],
  "audio": [
    {
      "url": "https://tracking.feedpress.it/link/13440/1885675/cre161-ccc-oeffentlichkeit.m4a",
      "mimeType": "audio/mp4",
      "size": 39440687,
      "title": "Audio MP4"
    }
  ],
  "reference": {
    "share": "//podlove-player.surge.sh/share",
    "config": "//podlove-player.surge.sh/fixtures/e696f734.json",
    "origin": "http://cre.fm/cre161-ccc-oeffentlichkeit"
  },
  "theme": {
    "main": "rgb(212,188,147)"
  }
}
