{
  "title": "CRE197 IPv6",
  "subtitle": "Die neue Version des Internetprotokolls zieht die Lehren aus 30 Jahren Netzwerkrealität",
  "summary": "Das Internet wächst unaufhörlich und selbst die mutigsten Einschätzungen über seine Popularität zum Zeitpunkt seiner Erschaffung sind längst überholt. In diesen Tagen werden die letzten Adressvorräte des aktuellen Protokolls angebrochen und alles blickt auf den neuen Standard: IPv6.\n\nDie neue Version des Internetprotokolls verspricht nicht nur das Adressproblem zu lösen, auch sind in den Neuansatz zahlreiche andere Erkenntnisse aus fast dreißig Jahren Netzbetrieb eingeflossen. Die Umstellung ist zwar knifflig und langwierig, aber auch potentiell heilsbringend und darüber hinaus bitter nötig.\n\nIm Gespräch mit Tim Pritlove erläutert Clemens Schrimpe die notwendigen Grundlagen der Internetkommunikation und zeigt auf, welche konkreten Änderungen sich durch die Einführung von IPv6 ergeben, welche Möglichkeiten heute schon bestehen, davon zu profitieren und welche Vorkehrungen zu treffen sind, um einen reibungslosen Übergang zu organisieren.",
  "publicationDate": "2012-09-17T10:36:19.000Z",
  "poster": "http://cre.fm/wp-content/cache/podlove/b5/2897c2d7d38d8a013919549843693e/cre197-ipv6_original.jpg",
  "link": "http://cre.fm/cre197-ipv6",
  "show": {
    "title": "CRE: Technik, Kultur, Gesellschaft",
    "subtitle": "Der Interview-Podcast mit Tim Pritlove",
    "summary": "Intensive und ausführliche Gespräche über Themen aus Technik, Kultur und Gesellschaft, das ist CRE. Interessante Gesprächspartner stehen Rede und Antwort zu Fragen, die man normalerweise selten gestellt bekommt. CRE möchte  aufklären, weiterbilden und unterhalten.",
    "poster": "http://cre.fm/wp-content/cache/podlove/6b/8074d85b886d8dedb4945715694ba7/cre-technik-kultur-gesellschaft_original.jpg",
    "link": "http://cre.fm"
  },
  "duration": "03:50:21",
  "chapters": [
    {
      "start": "00:00:00.000",
      "title": "Einführung"
    },
    {
      "start": "00:05:28.250",
      "title": "Persönlicher Hintergrund"
    },
    {
      "start": "00:12:11.109",
      "title": "IP History"
    },
    {
      "start": "00:18:55.453",
      "title": "Adressklassifizierung"
    },
    {
      "start": "00:25:02.109",
      "title": "Routing im Internet"
    },
    {
      "start": "01:05:09.719",
      "title": "Das schwer benutzbare Netz"
    },
    {
      "start": "01:08:39.823",
      "title": "Adressvergabe und Name Resolution"
    },
    {
      "start": "01:15:19.073",
      "title": "Änderung der Paketstruktur in IPv6"
    },
    {
      "start": "01:23:59.448",
      "title": "Fragmentierung und MTU Discovery"
    },
    {
      "start": "01:30:56.526",
      "title": "Lokale Adressvergabe unter IPv6"
    },
    {
      "start": "01:44:47.823",
      "title": "Paketversandarten und Scope"
    },
    {
      "start": "01:52:48.948",
      "title": "Globale Adressvergabe unter IPv6"
    },
    {
      "start": "02:05:22.448",
      "title": "Hierarchische Adress-Struktuierung und Präfixe"
    },
    {
      "start": "02:14:07.323",
      "title": "IPv6 Privacy Extensions"
    },
    {
      "start": "02:26:13.573",
      "title": "Mehrere Router gleichzeitig nutzen"
    },
    {
      "start": "02:36:16.573",
      "title": "IPv4 und IPv6 im Parallelbetrieb"
    },
    {
      "start": "02:39:30.073",
      "title": "Multicast, Broadcast und die Neighbor Discovery im Ethernet"
    },
    {
      "start": "02:52:10.823",
      "title": "IPv6 Provider"
    },
    {
      "start": "02:56:38.698",
      "title": "IPv6 Tunnel & Transition Strategies"
    },
    {
      "start": "03:23:11.323",
      "title": "Leben ohne IPv4"
    },
    {
      "start": "03:30:52.073",
      "title": "IPv6-Unterstützung von Anwendungen"
    },
    {
      "start": "03:37:29.323",
      "title": "DHCPv6"
    },
    {
      "start": "03:40:27.698",
      "title": "Ankommen in der IPv6 Welt"
    },
    {
      "start": "03:42:34.448",
      "title": "Vorteile von IPv6 für den Anwender"
    },
    {
      "start": "03:48:01.073",
      "title": "Epilog"
    }
  ],
  "audio": [
    {
      "url": "https://tracking.feedpress.it/link/13440/1885497/cre197-ipv6.m4a",
      "mimeType": "audio/mp4",
      "size": 86334585,
      "title": "Audio MP4"
    }
  ],
  "reference": {
    "share": "//podlove-player.surge.sh/share",
    "config": "//podlove-player.surge.sh/fixtures/e6bebd57.json",
    "origin": "http://cre.fm/cre197-ipv6"
  },
  "theme": {
    "main": "rgb(107,140,188)"
  }
}
