{
  "title": "FS176 Sein Deutsch deterioriert zunehmend",
  "subtitle": "Diaabende — Currywurstbrunnen — EMF — CSD und Love Parade — IPv6 bei T-Mobile — re:publica — Malware und Ad-Networks — Flattr Plus — Podcasts und Werbung — Spiele — Audio — Bier",
  "summary": "Eine verrückte Sendung, in der wir nicht über Macs reden, dafür aber über viele andere lebenswichtige Dinge wie Currywurstbrunnen und Diaabende, Podcasting und Werbung berühren. Leider ohne Denis dafür aber wieder mit Letty! Aufnahme dieses Mal nicht so gut wie gewohnt, da vom Backup geholt. Die Festplatte hat mal wieder Streiche gespielt.",
  "publicationDate": "2016-05-12T17:13:39.000Z",
  "link": "http://freakshow.fm/fs176-sein-deutsch-deterioriert-zunehmend",
  "show": {
    "title": "Freak Show",
    "subtitle": "Menschen! Technik! Sensationen!",
    "summary": "Die muntere Talk Show um Leben mit Technik, das Netz und Technikkultur. Bisweilen Apple-lastig aber selten einseitig. Wir leben und lieben Technologie und reden darüber. Mit Tim, hukl, roddi, Clemens und Denis. Freak Show hieß irgendwann mal mobileMacs.",
    "poster": "http://freakshow.fm/wp-content/cache/podlove/04/662a9d4edcf77ea2abe3c74681f509/freak-show_original.jpg",
    "link": "http://freakshow.fm"
  },
  "duration": "03:52:44",
  "chapters": [
    {
      "start": "00:00:00.000",
      "title": "Intro"
    },
    {
      "start": "00:01:21.644",
      "title": "Begrüßung"
    },
    {
      "start": "00:07:32.886",
      "title": "Diaabend"
    },
    {
      "start": "00:13:31.065",
      "title": "Currywurstbrunnen"
    },
    {
      "start": "00:22:04.291",
      "title": "Electronic Magnetic Field"
    },
    {
      "start": "00:39:05.427",
      "title": "Location fürs internationale Meetings"
    },
    {
      "start": "00:48:01.064",
      "title": "CSD und Love Parade"
    },
    {
      "start": "00:54:58.595",
      "title": "IPv6 bei T-Mobile"
    },
    {
      "start": "01:08:33.831",
      "title": "Netz auf der re:publica"
    },
    {
      "start": "01:21:32.222",
      "title": "Protokolle für non-verbale Kommunikation"
    },
    {
      "start": "01:28:14.575",
      "title": "Malware und Ad-Networks"
    },
    {
      "start": "01:36:23.606",
      "title": "Captive Portals"
    },
    {
      "start": "01:45:32.352",
      "title": "Flattr Plus"
    },
    {
      "start": "02:30:10.055",
      "title": "Podcasts und Werbung"
    },
    {
      "start": "02:55:31.832",
      "title": "Don't Starve"
    },
    {
      "start": "02:59:01.454",
      "title": "TeamSpeak, Discord, Mumble & Rumble"
    },
    {
      "start": "03:07:21.620",
      "title": "Miegakure"
    },
    {
      "start": "03:19:00.909",
      "title": "Awards"
    },
    {
      "start": "03:26:22.879",
      "title": "Studio Link und VoIP"
    },
    {
      "start": "03:30:55.829",
      "title": "Billige Headsets & DIY Audio"
    },
    {
      "start": "03:39:54.528",
      "title": "Roddibier"
    },
    {
      "start": "03:45:53.296",
      "title": "The West Wing"
    },
    {
      "start": "03:50:22.559",
      "title": "Ausklang"
    }
  ],
  "audio": [
    {
      "url": "https://tracking.feedpress.it/link/13453/3313704/fs176-sein-deutsch-deterioriert-zunehmend.m4a",
      "mimeType": "audio/mp4",
      "size": 89327446,
      "title": "Audio MP4"
    }
  ],
  "reference": {
    "share": "//podlove-player.surge.sh/share",
    "config": "//podlove-player.surge.sh/fixtures/e761c5b.json",
    "origin": "http://freakshow.fm/fs176-sein-deutsch-deterioriert-zunehmend"
  },
  "theme": {
    "main": "rgb(251,237,186)"
  }
}
