{
  "title": "NSFW060 Schöne Beschämung",
  "subtitle": "",
  "summary": "Die vermutlich letzte Sendung vor dem Weltuntergang bringt Euch abermals ein Potpourri laienhafte Tiefpsychologie unserer Gesellschaft und sinnloses Geschmatze. Wir diskutieren  Datenträger, Talk Shows, Schulradios und anderen Quatsch.",
  "publicationDate": "2012-12-10T18:35:37.000Z",
  "link": "http://not-safe-for-work.de/nsfw060-schoene-beschaemung/",
  "show": {
    "title": "Not Safe For Work",
    "subtitle": "Die Internationale Unterhaltungsgala mit Tim Pritlove und Holger Klein",
    "summary": "NSFW ist unkonventionell, unregelmäßig, unsinnig und ungemein unanständig. Garantiert mindestens zwei Worte pro Sendung, die man nicht auf der Arbeit sagen sollte. NSFW sollte nicht zu ernst genommen werden und selbstverständlich als Richtlinie aller Eurer künftigen Handlungen gelten.",
    "poster": "http://not-safe-for-work.de/wp-content/cache/podlove/0f/63751ecd7feba0789d91d4f9a45191/not-safe-for-work_original.jpg",
    "link": "http://not-safe-for-work.de"
  },
  "duration": "03:35:46",
  "chapters": [
    {
      "start": "00:00:00.000",
      "title": "Intro, Begrüßung und schlechte Musik"
    },
    {
      "start": "00:30:20.000",
      "title": "Historische Audio-(Daten-)Träger"
    },
    {
      "start": "01:02:40.000",
      "title": "Geschenke"
    },
    {
      "start": "01:41:20.000",
      "title": "Pausenmusik von Polyeyed Phantom: Die Banane"
    },
    {
      "start": "01:45:30.000",
      "title": "Soziale Netzwerke und Kommunikation"
    },
    {
      "start": "01:50:40.000",
      "title": "Politik"
    },
    {
      "start": "02:16:40.000",
      "title": "Hausmeister und andere unterbezahlte Berufsgruppen"
    },
    {
      "start": "02:28:10.000",
      "title": "Talkformate"
    },
    {
      "start": "02:47:20.000",
      "title": "Bildungssysteme"
    },
    {
      "start": "03:13:55.000",
      "title": "App-Empfehlungen und Pläne für 2013"
    },
    {
      "start": "03:31:45.000",
      "title": "Outro: \"Africa for Norway\""
    }
  ],
  "audio": [
    {
      "url": "https://tracking.feedpress.it/link/13444/1886715/nsfw060-schoene-beschaemung.m4a",
      "mimeType": "audio/mp4",
      "size": 80780880,
      "title": "Audio MP4"
    }
  ],
  "reference": {
    "share": "//podlove-player.surge.sh/share",
    "config": "//podlove-player.surge.sh/fixtures/ea58e2d0.json",
    "origin": "http://not-safe-for-work.de/nsfw060-schoene-beschaemung/"
  },
  "theme": {
    "main": "rgb(242,156,148)"
  }
}
