{
  "title": "LNP196 Bundesnachrichtendienstleistung",
  "subtitle": "LNP200 — Lauri Love — BND-Gesetz — Cyberwehr — Drohnenmord — Open Access — Mobilfunkdatenverkauf — Termine",
  "summary": "In dieser Woche blicken wir kurz nach England, wo der Hacker Lauri Love in die USA ausgeliefert werden soll und auf die aufflammende Debatte innerhalb Deutschlands zur geplanten Reform des BND-Gesetzes. Cyber darf nicht fehlen: die Bundeswehr cyberte offenbar in Afghanistan und O2 möchte gerne in Euren Bewegungsdaten herumcybern. Derweil tut die Bundesregierung so, als läge Ihr Open Access am Herzen (Spoiler: tut es nicht).",
  "publicationDate": "2016-09-23T11:11:22.000Z",
  "show": {
    "title": "Logbuch:Netzpolitik",
    "subtitle": "Einblicke und Ausblicke in das netzpolitische Geschehen",
    "summary": "Logbuch:Netzpolitik ist ein in der Regel wöchentlich erscheinender Podcast, der im Dialog zwischen Linus Neumann und Tim Pritlove die wichtigsten Themen und Ereignisse mit netzpolitischem Bezug aufgreift und diskutiert.",
    "poster": "http://logbuch-netzpolitik.de/wp-content/cache/podlove/92/de7e775cef6431203e4666e628294b/logbuchnetzpolitik_original.jpg",
    "url": "http://logbuch-netzpolitik.de"
  },
  "duration": "00:58:55",
  "chapters": [
    {
      "start": "00:00:00.000",
      "title": "Intro"
    },
    {
      "start": "00:00:30.453",
      "title": "Prolog"
    },
    {
      "start": "00:03:32.874",
      "title": "Lauri Love"
    },
    {
      "start": "00:10:11.040",
      "title": "BND-Gesetzreform unter Feuer"
    },
    {
      "start": "00:15:43.274",
      "title": "BND als Nachrichtendienstleister"
    },
    {
      "start": "00:20:34.233",
      "title": "Deutsche Cyberwehr"
    },
    {
      "start": "00:32:52.986",
      "title": "Drohnenmord per Mobilfunk"
    },
    {
      "start": "00:40:57.503",
      "title": "Open Access Strategie"
    },
    {
      "start": "00:46:59.978",
      "title": "O2 will mal wieder Location-Daten verkaufen"
    },
    {
      "start": "00:53:01.919",
      "title": "Termine"
    },
    {
      "start": "00:54:34.499",
      "title": "Epilog"
    }
  ],
  "audio": [
    "https://tracking.feedpress.it/link/13476/4481995/lnp196-bundesnachrichtendienstleistung.m4a"
  ],
  "theme": {
    "primary": "#A179F2"
  },
  "reference": {
    "share": "//podlove-player.surge.sh/share",
    "config": "//podlove-player.surge.sh/fixtures/eb878db3.json"
  }
}
