{
  "title": "NSFW089 Spitzbübisch feixend",
  "subtitle": "Fußball-WM — Podkarten — Gesundheit und Wasserflaschen — Klappräder — Piratenpartei — Frank Schirrmacher",
  "summary": "Nach einer kleinen Pause nehmen wir unser launiges Programm wieder auf und Tim versucht vergeblich seine Begeisterung für die abgelaufene Fußball-WM bei Holgi an den Mann zu bringen. Einigen wir uns auf unentschieden. Dafür erfreuen wir uns über den nicht abreissenden Strom von Postkarten mit Geokoordinaten und rufen laut um Hilfe, um dieses Feedback mal angemessen digital zu verorten. Am Schluss widmen wir uns einem Nachruf des gescheiterten Piratenpartei-Projekts und einem weiteren auf Frank Schirrmacher,",
  "publicationDate": "2014-07-14T20:50:58.000Z",
  "link": "http://not-safe-for-work.de/nsfw089-spitzbuebisch-feixend/",
  "show": {
    "title": "Not Safe For Work",
    "subtitle": "Die Internationale Unterhaltungsgala mit Tim Pritlove und Holger Klein",
    "summary": "NSFW ist unkonventionell, unregelmäßig, unsinnig und ungemein unanständig. Garantiert mindestens zwei Worte pro Sendung, die man nicht auf der Arbeit sagen sollte. NSFW sollte nicht zu ernst genommen werden und selbstverständlich als Richtlinie aller Eurer künftigen Handlungen gelten.",
    "poster": "http://not-safe-for-work.de/wp-content/cache/podlove/0f/63751ecd7feba0789d91d4f9a45191/not-safe-for-work_original.jpg",
    "link": "http://not-safe-for-work.de"
  },
  "duration": "04:06:08",
  "chapters": [
    {
      "start": "00:00:00.000",
      "title": "Intro"
    },
    {
      "start": "00:02:15.000",
      "title": "Begrüßung"
    },
    {
      "start": "00:03:40.000",
      "title": "Fußball-Weltmeister Deutschland"
    },
    {
      "start": "00:33:20.000",
      "title": "Podkarten"
    },
    {
      "start": "02:00:30.000",
      "title": "Holgis Check-Up und Trinkflasche"
    },
    {
      "start": "03:21:02.000",
      "title": "Piratenpartei"
    },
    {
      "start": "03:55:26.000",
      "title": "Frank Schirrmacher"
    },
    {
      "start": "04:00:42.000",
      "title": "Verabschiedung"
    },
    {
      "start": "04:01:46.000",
      "title": "Outro"
    }
  ],
  "audio": [
    {
      "url": "https://tracking.feedpress.it/link/13444/1886549/nsfw089-spitzbuebisch-feixend.m4a",
      "mimeType": "audio/mp4",
      "size": 92148987,
      "title": "Audio MP4"
    }
  ],
  "reference": {
    "share": "//podlove-player.surge.sh/share",
    "config": "//podlove-player.surge.sh/fixtures/ebd16f0c.json",
    "origin": "http://not-safe-for-work.de/nsfw089-spitzbuebisch-feixend/"
  },
  "theme": {
    "main": "rgb(242,156,148)"
  }
}
