{
  "title": "FS180 Hypershitloop",
  "subtitle": "Brexit — Startups in Berlin — Connected Car — Nähmaschinen — Raumakustik-Optimierung — d3.js — JavaScript — Swift — Pro oder nicht pro — Wearables",
  "summary": "In dieser Sendung haben wir wieder mal einen Gast an Bord: wir begrüßen herzlich Lukas Weber, der uns von seiner Computer-Initiation und seinen umtriebigen Aktivitäten im Startup-Land und seinen Einblicken in die Welt der \"Connected Cars\" bietet. Die unterhaltsame Sendung hat dann auch prompt Überlänge.",
  "publicationDate": "2016-06-30T02:00:33.000Z",
  "link": "http://freakshow.fm/fs180-hypershitloop",
  "show": {
    "title": "Freak Show",
    "subtitle": "Menschen! Technik! Sensationen!",
    "summary": "Die muntere Talk Show um Leben mit Technik, das Netz und Technikkultur. Bisweilen Apple-lastig aber selten einseitig. Wir leben und lieben Technologie und reden darüber. Mit Tim, hukl, roddi, Clemens und Denis. Freak Show hieß irgendwann mal mobileMacs.",
    "poster": "http://freakshow.fm/wp-content/cache/podlove/04/662a9d4edcf77ea2abe3c74681f509/freak-show_original.jpg",
    "link": "http://freakshow.fm"
  },
  "duration": "04:29:31",
  "chapters": [
    {
      "start": "00:00:00.000",
      "title": "Intro"
    },
    {
      "start": "00:02:16.753",
      "title": "Brexit"
    },
    {
      "start": "00:20:40.586",
      "title": "Lukas"
    },
    {
      "start": "00:33:58.976",
      "title": "Berliner Startupkultur"
    },
    {
      "start": "00:44:12.297",
      "title": "Connected Car"
    },
    {
      "start": "01:04:08.321",
      "title": "OBD Hacking"
    },
    {
      "start": "01:39:21.577",
      "title": "Nähmaschinen"
    },
    {
      "start": "01:58:56.458",
      "title": "Raumakustik-Optimierung"
    },
    {
      "start": "02:52:27.978",
      "title": "d3.js"
    },
    {
      "start": "03:16:17.936",
      "title": "JavaScript"
    },
    {
      "start": "03:41:13.162",
      "title": "Swift 3 und API Evolution"
    },
    {
      "start": "03:59:34.604",
      "title": "hukl reacts to WWDC"
    },
    {
      "start": "04:14:08.605",
      "title": "Wearables"
    },
    {
      "start": "04:27:32.585",
      "title": "Ausklang"
    }
  ],
  "audio": [
    {
      "url": "https://tracking.feedpress.it/link/13453/3752501/fs180-hypershitloop.m4a",
      "mimeType": "audio/mp4",
      "size": 102987457,
      "title": "Audio MP4"
    }
  ],
  "reference": {
    "share": "//podlove-player.surge.sh/share",
    "config": "//podlove-player.surge.sh/fixtures/eca565a5.json",
    "origin": "http://freakshow.fm/fs180-hypershitloop"
  },
  "theme": {
    "main": "rgb(251,237,186)"
  }
}
