{
  "title": "LNP192 Viele Datenköche verderben die Demokratie",
  "subtitle": "Snowden und der NSA/UA — LNP Spezial zu den Datenbanken der EU",
  "summary": "Linus macht Pause und wir begrüßen stattdessen Markus Reuter und Matthias Monroy als Gäste, um uns mal ausführlich zu der Ist-Situation von Datenbanksystemen der EU zu unterhalten, die für Strafverfolgung, Verkehrs- und Grenzkontrollen in den letzten Jahren etabliert wurden und die die Innenminister der EU gerne weiter zusammengeführt und ausgebaut sehen würden.",
  "publicationDate": "2016-09-01T16:53:29.000Z",
  "show": {
    "title": "Logbuch:Netzpolitik",
    "subtitle": "Einblicke und Ausblicke in das netzpolitische Geschehen",
    "summary": "Logbuch:Netzpolitik ist ein in der Regel wöchentlich erscheinender Podcast, der im Dialog zwischen Linus Neumann und Tim Pritlove die wichtigsten Themen und Ereignisse mit netzpolitischem Bezug aufgreift und diskutiert.",
    "poster": "http://logbuch-netzpolitik.de/wp-content/cache/podlove/92/de7e775cef6431203e4666e628294b/logbuchnetzpolitik_original.jpg",
    "url": "http://logbuch-netzpolitik.de"
  },
  "duration": "01:46:57",
  "chapters": [
    {
      "start": "00:00:00.000",
      "title": "Intro"
    },
    {
      "start": "00:00:29.365",
      "title": "Prolog"
    },
    {
      "start": "00:09:11.765",
      "title": "Snowden im NSA/UA: Antrag beim Bundesgerichtshof"
    },
    {
      "start": "00:13:29.284",
      "title": "WhatsApp und die Telefonnummern"
    },
    {
      "start": "00:22:52.896",
      "title": "Die Datentöpfe der EU"
    },
    {
      "start": "01:44:41.408",
      "title": "Epilog"
    }
  ],
  "audio": [
    "https://tracking.feedpress.it/link/13476/4309436/lnp192-viele-datenkoeche-verderben-die-demokratie.m4a"
  ],
  "theme": {
    "primary": "#F279C0"
  },
  "reference": {
    "share": "//podlove-player.surge.sh/share",
    "config": "//podlove-player.surge.sh/fixtures/f2297aa7.json"
  }
}
