{
  "title": "CRE160 DDR",
  "subtitle": "Es war nicht alles schlecht in der Deutschen Demokratischen Republik",
  "summary": "Die Deutsche Demokratische Republik ist jetzt bald seit 20 Jahren Vergangenheit und Dinge geraten in Vergessenheit. Im Gespräch mit Tim Pritlove versuchen Frank Rieger und Martin Schramm das Gefühl, DDR-Bürger zu sein, wieder in Erinnerung zu rufen und zu erklären, worin sich das Leben im Osten vom Westen unterschieden hat.\n\nThemen: Agitatoren in der Schule, Altstoffsammlung (Crowdsourcing), Verkehr, Gemeinschaftsumschalter, Notizblöcke an der Tür (Anrufbeantworter aus Papier), Privatwirtschaft und das Verhältnis zur Gesellschaft, Bezahlen im Nahverkehr, Platzierung im Restaurant, Motivation und Frustration, Kreativität durch Mangel, Polytechnischer Unterricht, Computer in der DDR, Ausbildung Studium, Stasi und ihr Realitätsbezug, der Beginn des Niedergangs, die Wende.",
  "publicationDate": "2010-08-25T21:30:00.000Z",
  "poster": "http://cre.fm/wp-content/cache/podlove/26/cfff1e2e178aabc9c515388ad3d125/cre160-ddr_original.jpg",
  "link": "http://cre.fm/cre160-ddr",
  "show": {
    "title": "CRE: Technik, Kultur, Gesellschaft",
    "subtitle": "Der Interview-Podcast mit Tim Pritlove",
    "summary": "Intensive und ausführliche Gespräche über Themen aus Technik, Kultur und Gesellschaft, das ist CRE. Interessante Gesprächspartner stehen Rede und Antwort zu Fragen, die man normalerweise selten gestellt bekommt. CRE möchte  aufklären, weiterbilden und unterhalten.",
    "poster": "http://cre.fm/wp-content/cache/podlove/6b/8074d85b886d8dedb4945715694ba7/cre-technik-kultur-gesellschaft_original.jpg",
    "link": "http://cre.fm"
  },
  "duration": "03:06:22",
  "chapters": [],
  "audio": [
    {
      "url": "https://tracking.feedpress.it/link/13440/1885676/cre160-ddr.m4a",
      "mimeType": "audio/mp4",
      "size": 69783730,
      "title": "Audio MP4"
    }
  ],
  "reference": {
    "share": "//podlove-player.surge.sh/share",
    "config": "//podlove-player.surge.sh/fixtures/f82dd2b4.json",
    "origin": "http://cre.fm/cre160-ddr"
  }
}
