{
  "title": "CRE168 Wheelmap",
  "subtitle": "Ein Projekt zur Unterstützung von Rollstuhlfahrern im Öffentlichen Raum",
  "summary": "Der Alltag des Rollstuhlfahrers ist deutlich komplizierter als der ohne auf Hilfsmittel angewiesener Menschen und ein neues Projekt versucht aktuelle Technologie zu nutzen, um die Planung des Alltags im öffentlichen Raum für diese Gruppe einfacher zu gestalten. Im Gespräch mit Tim Pritlove schildern die \"Sozialhelden\" Rául Krauthausen und Christoph Bünte, wie es zu dem Projekt kam, wie sich der Alltag von Rollstuhlfahrern so darstellt und welche der auftretenden Probleme auch andere Menschen betrifft.\n\nThemen: Rollstuhlfahrer im Alltag, der Tanzschule und dem Berghain; Planung eines Tages; Treppen und Fahrstühle; Internetpranger für defekte Fahrstühle; Google Street View und Rollstuhlfahrer; OpenStreetMap API; wie die Daten in OpenStreetMap verankert werden; Tags; OpenStreetMap Vorschlagssystem; Anzapfen bestehender öffentlicher und privater Datenbestände; Schwierigkeiten beim Einpflegen externer Daten; Preise und Förderungen; Expertenmodus zum rollstuhlgerechten Taggen von Orten; Foursquare zum Protestieren nutzen und der Bürgermeister vom S-Bahnhof Griebnitzsee; Disability Studies.",
  "publicationDate": "2010-10-20T11:20:00.000Z",
  "poster": "http://cre.fm/wp-content/cache/podlove/3a/dafee6713c6d94e6cbafdcf011f4ea/cre168-wheelmap_original.jpg",
  "link": "http://cre.fm/cre168-wheelmap",
  "show": {
    "title": "CRE: Technik, Kultur, Gesellschaft",
    "subtitle": "Der Interview-Podcast mit Tim Pritlove",
    "summary": "Intensive und ausführliche Gespräche über Themen aus Technik, Kultur und Gesellschaft, das ist CRE. Interessante Gesprächspartner stehen Rede und Antwort zu Fragen, die man normalerweise selten gestellt bekommt. CRE möchte  aufklären, weiterbilden und unterhalten.",
    "poster": "http://cre.fm/wp-content/cache/podlove/6b/8074d85b886d8dedb4945715694ba7/cre-technik-kultur-gesellschaft_original.jpg",
    "link": "http://cre.fm"
  },
  "duration": "01:34:16",
  "chapters": [],
  "audio": [
    {
      "url": "https://tracking.feedpress.it/link/13440/1885668/cre168-wheelmap.m4a",
      "mimeType": "audio/mp4",
      "size": 35408359,
      "title": "Audio MP4"
    }
  ],
  "reference": {
    "share": "//podlove-player.surge.sh/share",
    "config": "//podlove-player.surge.sh/fixtures/f856e301.json",
    "origin": "http://cre.fm/cre168-wheelmap"
  }
}
