{
  "title": "LNP217 Märchen aus dem Cyberwald",
  "subtitle": "Feedback — StreamOn — Bundestagsnetz — Google Ads — Reisepass-Entschärfung — Informatik-Bildungsplan BaWü — VDS — Termine",
  "summary": "Neben einer Menge Feedback zur letzten Sendung stehen vor allem noch einmal die StreamOn-Pläne der Deutschen Telekom im Mittelpunkt, die vermutlich gegen die Netzneutralitäts-Richtlinien verstossen und auch darüberhinaus der allgemeinen Telekommunikations-Infrastruktur wenig zuträglich sind. Wir blicken dazu auf die Sicherheit des Bundestagsnetzes, die Probleme mit Googles Ad-Programm, Informatik-Initiativen für die Schule in Baden-Württemberg und verkünden einen Termin.",
  "publicationDate": "2017-04-13T15:18:28.000Z",
  "link": "http://logbuch-netzpolitik.de/lnp217-maerchen-aus-dem-cyberwald",
  "show": {
    "title": "Logbuch:Netzpolitik",
    "subtitle": "Einblicke und Ausblicke in das netzpolitische Geschehen",
    "summary": "Logbuch:Netzpolitik ist ein in der Regel wöchentlich erscheinender Podcast, der im Dialog zwischen Linus Neumann und Tim Pritlove die wichtigsten Themen und Ereignisse mit netzpolitischem Bezug aufgreift und diskutiert.",
    "poster": "http://logbuch-netzpolitik.de/wp-content/cache/podlove/92/de7e775cef6431203e4666e628294b/logbuchnetzpolitik_original.jpg",
    "link": "http://logbuch-netzpolitik.de"
  },
  "duration": "01:55:46",
  "chapters": [
    {
      "start": "00:00:00.000",
      "title": "Intro"
    },
    {
      "start": "00:00:37.413",
      "title": "Prolog"
    },
    {
      "start": "00:03:22.104",
      "title": "Feedback: BGH-Urteil"
    },
    {
      "start": "00:04:12.818",
      "title": "Feedback: Cyberwehr"
    },
    {
      "start": "00:21:39.468",
      "title": "Feedback: Cybermarsch"
    },
    {
      "start": "00:23:33.557",
      "title": "Feedback: Deklaration zur Meinungsfreiheit"
    },
    {
      "start": "00:28:14.365",
      "title": "StreamOn"
    },
    {
      "start": "01:01:47.624",
      "title": "Bundestagsnetz"
    },
    {
      "start": "01:18:52.715",
      "title": "Probleme mit Google Ads"
    },
    {
      "start": "01:35:27.912",
      "title": "Reisepass al dente"
    },
    {
      "start": "01:46:03.414",
      "title": "Informatik-Bildungsplan BaWü"
    },
    {
      "start": "01:47:36.091",
      "title": "Kein Eilverfahren gegen Vorratsdatenspeicherung"
    },
    {
      "start": "01:50:48.548",
      "title": "Termine"
    },
    {
      "start": "01:53:19.743",
      "title": "Epilog"
    }
  ],
  "audio": [
    {
      "url": "https://tracking.feedpress.it/link/13476/5669302/lnp217-maerchen-aus-dem-cyberwald.m4a",
      "mimeType": "audio/mp4",
      "size": 43375100,
      "title": "Audio MP4"
    }
  ],
  "reference": {
    "share": "//podlove-player.surge.sh/share",
    "config": "//podlove-player.surge.sh/fixtures/f91bb6c2.json",
    "origin": "http://logbuch-netzpolitik.de/lnp217-maerchen-aus-dem-cyberwald"
  },
  "theme": {
    "main": "rgb(218,207,164)"
  }
}
