{
  "title": "CRE212 Saudi Arabien",
  "subtitle": "Ein Bericht aus einer verschlossenen arabischen Welt",
  "summary": "Miriam ist Islamwissenschaftlerin und ist auf mehreren längeren Reisen und Tätigkeiten in arabischen Ländern und zuletzt vor allem in Saudi Arabien unterwegs. Wir sprechen über Politik, Kultur, Religion und die Zerrissenheit des Landes und die Wechselwirkungen der westlichen und arabischen Welt.",
  "publicationDate": "2016-05-27T09:50:51.000Z",
  "poster": "http://cre.fm/wp-content/cache/podlove/af/0a01d7f5886e614ed9da00d4b7afa1/cre212-saudi-arabien_original.jpg",
  "link": "http://cre.fm/cre212-saudi-arabien",
  "show": {
    "title": "CRE: Technik, Kultur, Gesellschaft",
    "subtitle": "Der Interview-Podcast mit Tim Pritlove",
    "summary": "Intensive und ausführliche Gespräche über Themen aus Technik, Kultur und Gesellschaft, das ist CRE. Interessante Gesprächspartner stehen Rede und Antwort zu Fragen, die man normalerweise selten gestellt bekommt. CRE möchte  aufklären, weiterbilden und unterhalten.",
    "poster": "http://cre.fm/wp-content/cache/podlove/6b/8074d85b886d8dedb4945715694ba7/cre-technik-kultur-gesellschaft_original.jpg",
    "link": "http://cre.fm"
  },
  "duration": "02:33:49",
  "chapters": [
    {
      "start": "00:00:00.000",
      "title": "Intro"
    },
    {
      "start": "00:01:28.019",
      "title": "Begrüßung"
    },
    {
      "start": "00:02:29.633",
      "title": "Vorstellung"
    },
    {
      "start": "00:09:07.011",
      "title": "Arabische Sprache"
    },
    {
      "start": "00:18:47.928",
      "title": "Arabischer Kulturraum"
    },
    {
      "start": "00:24:57.511",
      "title": "Leben in Ägypten"
    },
    {
      "start": "00:49:08.207",
      "title": "Saudi Arabien"
    },
    {
      "start": "00:56:16.291",
      "title": "Landesstruktur"
    },
    {
      "start": "01:04:22.468",
      "title": "Religion im Alltag"
    },
    {
      "start": "01:10:06.028",
      "title": "Mekka"
    },
    {
      "start": "01:16:52.603",
      "title": "Politisches System Saudi Arabiens"
    },
    {
      "start": "01:31:46.164",
      "title": "Transport und Alltag"
    },
    {
      "start": "01:44:39.860",
      "title": "Gesellschaftliche Normen und Kontrolle"
    },
    {
      "start": "01:52:06.586",
      "title": "Gerechtigkeit"
    },
    {
      "start": "01:56:41.560",
      "title": "Kulturunterschiede zum Westen"
    },
    {
      "start": "02:03:37.279",
      "title": "Regionale Beziehungen und Konflikte"
    },
    {
      "start": "02:16:24.429",
      "title": "Wo geht's hin?"
    },
    {
      "start": "02:25:24.461",
      "title": "Nächste Haltestelle"
    }
  ],
  "audio": [
    {
      "url": "https://tracking.feedpress.it/link/13440/3454075/cre212-saudi-arabien.m4a",
      "mimeType": "audio/mp4",
      "size": 58605413,
      "title": "Audio MP4"
    }
  ],
  "reference": {
    "share": "//podlove-player.surge.sh/share",
    "config": "//podlove-player.surge.sh/fixtures/f9333878.json",
    "origin": "http://cre.fm/cre212-saudi-arabien"
  }
}
