{
  "title": "NSFW050 Relativistische Atomhaubitzen",
  "subtitle": "",
  "summary": "Nach langer Pause feiern wir nun endlich die 50. Ausgabe unserer Internationalen Unterhaltungsgala. Wir blicken natürlich zurück auf das großartige Hörerinnengrillen in Dresden und diskutieren auch sonst alles durch, was sich popkulturell in den letzten Wochen uns feilgeboten hat. Zwei Pakete lagen übrigens ungünstig herum und wurden vergessen. Wir holen das nächstes Mal nach.",
  "publicationDate": "2012-06-05T12:40:03.000Z",
  "link": "http://not-safe-for-work.de/nsfw050-relativistische-atomhaubitzen/",
  "show": {
    "title": "Not Safe For Work",
    "subtitle": "Die Internationale Unterhaltungsgala mit Tim Pritlove und Holger Klein",
    "summary": "NSFW ist unkonventionell, unregelmäßig, unsinnig und ungemein unanständig. Garantiert mindestens zwei Worte pro Sendung, die man nicht auf der Arbeit sagen sollte. NSFW sollte nicht zu ernst genommen werden und selbstverständlich als Richtlinie aller Eurer künftigen Handlungen gelten.",
    "poster": "http://not-safe-for-work.de/wp-content/cache/podlove/0f/63751ecd7feba0789d91d4f9a45191/not-safe-for-work_original.jpg",
    "link": "http://not-safe-for-work.de"
  },
  "duration": "04:01:19",
  "chapters": [],
  "audio": [
    {
      "url": "https://tracking.feedpress.it/link/13444/1886725/nsfw050-relativistische-atomhaubitzen.m4a",
      "mimeType": "audio/mp4",
      "size": 121569896,
      "title": "Audio MP4"
    }
  ],
  "reference": {
    "share": "//podlove-player.surge.sh/share",
    "config": "//podlove-player.surge.sh/fixtures/faeee632.json",
    "origin": "http://not-safe-for-work.de/nsfw050-relativistische-atomhaubitzen/"
  },
  "theme": {
    "main": "rgb(242,156,148)"
  }
}
