<?xml version="1.0" encoding="UTF-8"?>
<?xml-stylesheet type="text/xsl" media="screen" href="/~files/feed-premium.xsl"?>

<channel>
    <feedpress:locale>en</feedpress:locale>
    <title>Freak Show</title>
    <link>http://freakshow.fm</link>
    <description>Menschen! Technik! Sensationen!</description>
    <lastBuildDate>Tue, 03 Jan 2017 16:12:54 +0000</lastBuildDate>
    <image>
      <url>http://freakshow.fm/wp-content/cache/podlove/04/662a9d4edcf77ea2abe3c74681f509/freak-show_original.jpg</url>
      <title>Freak Show</title>
      <link>http://freakshow.fm</link>
    </image>
    <atom:link rel="self" type="application/rss+xml" title="Freak Show (MPEG-4 AAC Audio)" href="https://feeds.metaebene.me/freakshow/m4a"/>
    <atom:link rel="alternate" type="application/rss+xml" title="Freak Show (MP3 Audio)" href="http://freakshow.fm/feed/mp3"/>
    <atom:link rel="alternate" type="application/rss+xml" title="Freak Show (Ogg Vorbis Audio)" href="http://freakshow.fm/feed/oga"/>
    <atom:link rel="alternate" type="application/rss+xml" title="Freak Show (Ogg Opus Audio)" href="http://freakshow.fm/feed/opus"/>
    <atom:link rel="next" href="http://freakshow.fm/feed/m4a?paged=2"/>
    <atom:link rel="first" href="http://freakshow.fm/feed/m4a"/>
    <atom:link rel="last" href="http://freakshow.fm/feed/m4a?paged=7"/>
    <language>de-DE</language>
    <fyyd:verify xmlns:fyyd="https://fyyd.de/fyyd-ns/">nb7iw45eqiWaHwbkg1ncdT3b2ynd86i5v4wlfZp2</fyyd:verify>
    <atom:link rel="hub" href="http://metaebene.superfeedr.com"/>
    <atom:link rel="payment" title="Flattr this!" href="https://flattr.com/submit/auto?user_id=timpritlove&amp;url=http%3A%2F%2Ffreakshow.fm%2F&amp;language=de_DE&amp;category=audio&amp;title=Freak+Show&amp;description=Menschen%21+Technik%21+Sensationen%21&amp;tags=podcast%2C+freakshow%2C+tim+pritlove%2C+metaebene" type="text/html"/>
    <atom:contributor>
      <atom:name>Tim Pritlove</atom:name>
      <atom:uri>http://tim.pritlove.org/</atom:uri>
    </atom:contributor>
    <generator>Podlove Podcast Publisher v2.4.0.build261</generator>
    <itunes:author>Metaebene Personal Media - Tim Pritlove</itunes:author>
    <itunes:summary>Die muntere Talk Show um Leben mit Technik, das Netz und Technikkultur. Bisweilen Apple-lastig aber selten einseitig. Wir leben und lieben Technologie und reden darüber. Mit Tim, hukl, roddi, Clemens und Denis. Freak Show hieß irgendwann mal mobileMacs.</itunes:summary>
    <itunes:category text="Technology">
      <itunes:category text="Tech News"/>
    </itunes:category>
    <itunes:category text="Society &amp; Culture"/>
    <itunes:category text="Technology">
      <itunes:category text="Gadgets"/>
    </itunes:category>
    <itunes:owner>
      <itunes:name>Tim Pritlove</itunes:name>
      <itunes:email>freakshow@metaebene.me</itunes:email>
    </itunes:owner>
    <itunes:image href="http://freakshow.fm/wp-content/cache/podlove/04/662a9d4edcf77ea2abe3c74681f509/freak-show_original.jpg"/>
    <itunes:subtitle>Menschen! Technik! Sensationen!</itunes:subtitle>
    <itunes:block>no</itunes:block>
    <itunes:explicit>no</itunes:explicit>
    <atom:link rel="payment" title="Flattr this!" href="https://flattr.com/submit/auto?user_id=timpritlove&amp;language=de_DE&amp;url=http%3A%2F%2Ffreakshow.fm&amp;title=Freak+Show&amp;description=Menschen%21+Technik%21+Sensationen%21" type="text/html"/>
    <item>
      <title>FS190 Bitte werfen Sie eine Münze ein</title>
      <link>http://freakshow.fm/fs190-bitte-werfen-sie-eine-muenze-ein</link>
      <pubDate>Tue, 03 Jan 2017 16:12:54 +0000</pubDate>
      <guid isPermaLink="false">podlove-2017-01-03t14:22:02+00:00-b013809b6c83887</guid>
      <description><![CDATA[Es war wieder Congress und wir entschlossen uns, eine weitere Freak Show auf der Bühne des Sendezentrums durchzuführen. Es geht um allerlei Belangloses und im Kern machen wir uns nur zum Horst. Aber das muss ja auch mal sein. Wir danken allen, die gekommen sind.]]></description>
      <atom:link rel="payment" title="Flattr this!" href="https://flattr.com/submit/auto?user_id=timpritlove&amp;url=http%3A%2F%2Ffreakshow.fm%2Ffs190-bitte-werfen-sie-eine-muenze-ein&amp;language=de_DE&amp;category=audio&amp;title=FS190+Bitte+werfen+Sie+eine+M%C3%BCnze+ein&amp;tags=podcast%2C+freakshow%2C+tim+pritlove%2C+metaebene" type="text/html"/>
      <atom:link rel="http://podlove.org/deep-link" href="http://freakshow.fm/fs190-bitte-werfen-sie-eine-muenze-ein#"/>
      <enclosure url="http://tracking.feedpress.it/link/13453/5074213/fs190-bitte-werfen-sie-eine-muenze-ein.m4a" length="37913008" type="audio/mp4" bitlove:guid="http://freakshow.fm/podlove/file/4752"/>
      <itunes:duration>01:34:15</itunes:duration>
      <itunes:author>Metaebene Personal Media - Tim Pritlove</itunes:author>
      <itunes:subtitle>Die Live-Show aus dem Sendezentrum auf dem 33C3</itunes:subtitle>
      <itunes:summary>Es war wieder Congress und wir entschlossen uns, eine weitere Freak Show auf der Bühne des Sendezentrums durchzuführen. Es geht um allerlei Belangloses und im Kern machen wir uns nur zum Horst. Aber das muss ja auch mal sein. Wir danken allen, die gekommen sind.</itunes:summary>
      <content:encoded><![CDATA[
<p><strong>Die Live-Show aus dem Sendezentrum auf dem 33C3</strong></p>

<p>Es war wieder Congress und wir entschlossen uns, eine weitere Freak Show auf der Bühne des Sendezentrums durchzuführen. Es geht um allerlei Belangloses und im Kern machen wir uns nur zum Horst. Aber das muss ja auch mal sein. Wir danken allen, die gekommen sind.</p>

<p><strong>Dauer:</strong> 1:34:15</p>



<table class="podlove-contributors-table">
<tbody>
<tr>
<th colspan="2" class="contributor-group">
On Air
</th>
</tr>
<tr>
<td class="avatar_cell">

<img class="avatar avatar-50 photo" alt="avatar" width="50" height="50" src="http://freakshow.fm/wp-content/cache/podlove/47/08928e3c26dcb1141d67ad75869619/tim-pritlove_50x50.jpg" srcset="http://freakshow.fm/wp-content/cache/podlove/47/08928e3c26dcb1141d67ad75869619/tim-pritlove_50x50.jpg 1x, http://freakshow.fm/wp-content/cache/podlove/47/08928e3c26dcb1141d67ad75869619/tim-pritlove_100x100.jpg 2x, http://freakshow.fm/wp-content/cache/podlove/47/08928e3c26dcb1141d67ad75869619/tim-pritlove_150x150.jpg 3x"/>

</td>
<td class="title_cell">
Tim Pritlove
</td>
<td class="social_cell">
<a target="_blank" title="Website" href="http://metaebene.me">

<img class="podlove-contributor-button" alt="Website Icon" width="20" height="20" src="http://freakshow.fm/wp-content/cache/podlove/57/c70d4194182f0ce312d6481d2cd2d1/website_20x20.png" srcset="http://freakshow.fm/wp-content/cache/podlove/57/c70d4194182f0ce312d6481d2cd2d1/website_20x20.png 1x, http://freakshow.fm/wp-content/cache/podlove/57/c70d4194182f0ce312d6481d2cd2d1/website_40x40.png 2x, http://freakshow.fm/wp-content/cache/podlove/57/c70d4194182f0ce312d6481d2cd2d1/website_60x60.png 3x"/>

</a>
<a target="_blank" title="App.net" href="https://alpha.app.net/timpritlove">

<img class="podlove-contributor-button" alt="App.net Icon" width="20" height="20" src="http://freakshow.fm/wp-content/cache/podlove/9f/e252e46017841477cfc51a4feff70a/app-net_20x20.png" srcset="http://freakshow.fm/wp-content/cache/podlove/9f/e252e46017841477cfc51a4feff70a/app-net_20x20.png 1x, http://freakshow.fm/wp-content/cache/podlove/9f/e252e46017841477cfc51a4feff70a/app-net_40x40.png 2x, http://freakshow.fm/wp-content/cache/podlove/9f/e252e46017841477cfc51a4feff70a/app-net_60x60.png 3x"/>

</a>
<a target="_blank" title="Twitter" href="https://twitter.com/timpritlove">

<img class="podlove-contributor-button" alt="Twitter Icon" width="20" height="20" src="http://freakshow.fm/wp-content/cache/podlove/c5/72e54d382c6c528667f3690521d54b/twitter_20x20.png" srcset="http://freakshow.fm/wp-content/cache/podlove/c5/72e54d382c6c528667f3690521d54b/twitter_20x20.png 1x, http://freakshow.fm/wp-content/cache/podlove/c5/72e54d382c6c528667f3690521d54b/twitter_40x40.png 2x, http://freakshow.fm/wp-content/cache/podlove/c5/72e54d382c6c528667f3690521d54b/twitter_60x60.png 3x"/>

</a>
</td>
<td class="donation_cell">
<a target="_blank" title="Bitcoin" href="bitcoin:19unDNWVNsChMpjfhDYYBsrCi2SmBgyKRV">

<img class="podlove-contributor-button" alt="Bitcoin Icon" width="20" height="20" src="http://freakshow.fm/wp-content/cache/podlove/eb/ba070d1032d6fb36948df4638bf842/bitcoin_20x20.png" srcset="http://freakshow.fm/wp-content/cache/podlove/eb/ba070d1032d6fb36948df4638bf842/bitcoin_20x20.png 1x, http://freakshow.fm/wp-content/cache/podlove/eb/ba070d1032d6fb36948df4638bf842/bitcoin_40x40.png 2x, http://freakshow.fm/wp-content/cache/podlove/eb/ba070d1032d6fb36948df4638bf842/bitcoin_60x60.png 3x"/>

</a>
<a target="_blank" title="Paypal" href="https://www.paypal.com/cgi-bin/webscr?cmd=_s-xclick&hosted_button_id=3QGDYX8LFLX4L">

<img class="podlove-contributor-button" alt="Paypal Icon" width="20" height="20" src="http://freakshow.fm/wp-content/cache/podlove/28/d02cff3816ef6b0c346dcf9beae902/paypal_20x20.png" srcset="http://freakshow.fm/wp-content/cache/podlove/28/d02cff3816ef6b0c346dcf9beae902/paypal_20x20.png 1x, http://freakshow.fm/wp-content/cache/podlove/28/d02cff3816ef6b0c346dcf9beae902/paypal_40x40.png 2x, http://freakshow.fm/wp-content/cache/podlove/28/d02cff3816ef6b0c346dcf9beae902/paypal_60x60.png 3x"/>

</a>
<a target="_blank" title="Amazon Wishlist" href="http://www.amazon.de/gp/registry/wishlist/2IRJRYW8WNRBR">

<img class="podlove-contributor-button" alt="Amazon Wishlist Icon" width="20" height="20" src="http://freakshow.fm/wp-content/cache/podlove/73/1a97f1a661ba2bc518de585ac7b1f0/amazon-wishlist_20x20.png" srcset="http://freakshow.fm/wp-content/cache/podlove/73/1a97f1a661ba2bc518de585ac7b1f0/amazon-wishlist_20x20.png 1x, http://freakshow.fm/wp-content/cache/podlove/73/1a97f1a661ba2bc518de585ac7b1f0/amazon-wishlist_40x40.png 2x, http://freakshow.fm/wp-content/cache/podlove/73/1a97f1a661ba2bc518de585ac7b1f0/amazon-wishlist_60x60.png 3x"/>

</a>
</td>
<td class="flattr_cell">
<a target="_blank"
class="FlattrButton"
style="display:none;"
title="Flattr Tim Pritlove @ FS190 Bitte werfen Sie eine Münze ein"
rel="flattr;uid:timpritlove;button:compact;popout:0"
href="http://freakshow.fm/fs190-bitte-werfen-sie-eine-muenze-ein#fcbef567f8cd34412d11d880e9642631">
Tim Pritlove @ FS190 Bitte werfen Sie eine Münze ein
</a>
</td>
</tr><tr>
<td class="avatar_cell">

<img class="avatar avatar-50 photo" alt="avatar" width="50" height="50" src="http://freakshow.fm/wp-content/cache/podlove/8e/f30cbe274c3f5e43dc4a7219676f50/hukl_50x50.jpg" srcset="http://freakshow.fm/wp-content/cache/podlove/8e/f30cbe274c3f5e43dc4a7219676f50/hukl_50x50.jpg 1x, http://freakshow.fm/wp-content/cache/podlove/8e/f30cbe274c3f5e43dc4a7219676f50/hukl_100x100.jpg 2x, http://freakshow.fm/wp-content/cache/podlove/8e/f30cbe274c3f5e43dc4a7219676f50/hukl_150x150.jpg 3x"/>

</td>
<td class="title_cell">
hukl
</td>
<td class="social_cell">
<a target="_blank" title="App.net" href="https://alpha.app.net/hukl">

<img class="podlove-contributor-button" alt="App.net Icon" width="20" height="20" src="http://freakshow.fm/wp-content/cache/podlove/9f/e252e46017841477cfc51a4feff70a/app-net_20x20.png" srcset="http://freakshow.fm/wp-content/cache/podlove/9f/e252e46017841477cfc51a4feff70a/app-net_20x20.png 1x, http://freakshow.fm/wp-content/cache/podlove/9f/e252e46017841477cfc51a4feff70a/app-net_40x40.png 2x, http://freakshow.fm/wp-content/cache/podlove/9f/e252e46017841477cfc51a4feff70a/app-net_60x60.png 3x"/>

</a>
<a target="_blank" title="SMYCK" href="http://smyck.net">

<img class="podlove-contributor-button" alt="SMYCK Icon" width="20" height="20" src="http://freakshow.fm/wp-content/cache/podlove/57/c70d4194182f0ce312d6481d2cd2d1/website_20x20.png" srcset="http://freakshow.fm/wp-content/cache/podlove/57/c70d4194182f0ce312d6481d2cd2d1/website_20x20.png 1x, http://freakshow.fm/wp-content/cache/podlove/57/c70d4194182f0ce312d6481d2cd2d1/website_40x40.png 2x, http://freakshow.fm/wp-content/cache/podlove/57/c70d4194182f0ce312d6481d2cd2d1/website_60x60.png 3x"/>

</a>
<a target="_blank" title="Twitter" href="https://twitter.com/hukl">

<img class="podlove-contributor-button" alt="Twitter Icon" width="20" height="20" src="http://freakshow.fm/wp-content/cache/podlove/c5/72e54d382c6c528667f3690521d54b/twitter_20x20.png" srcset="http://freakshow.fm/wp-content/cache/podlove/c5/72e54d382c6c528667f3690521d54b/twitter_20x20.png 1x, http://freakshow.fm/wp-content/cache/podlove/c5/72e54d382c6c528667f3690521d54b/twitter_40x40.png 2x, http://freakshow.fm/wp-content/cache/podlove/c5/72e54d382c6c528667f3690521d54b/twitter_60x60.png 3x"/>

</a>
</td>
<td class="donation_cell">
<a target="_blank" title="Thomann Wishlist" href="http://www.thomann.de/de/wishlist_4u_0af163b22f6e.html">

<img class="podlove-contributor-button" alt="Thomann Wishlist Icon" width="20" height="20" src="http://freakshow.fm/wp-content/cache/podlove/61/e90662f92e4c35b9b095a6c50be9a7/thomann-wishlist_20x20.png" srcset="http://freakshow.fm/wp-content/cache/podlove/61/e90662f92e4c35b9b095a6c50be9a7/thomann-wishlist_20x20.png 1x, http://freakshow.fm/wp-content/cache/podlove/61/e90662f92e4c35b9b095a6c50be9a7/thomann-wishlist_40x40.png 2x, http://freakshow.fm/wp-content/cache/podlove/61/e90662f92e4c35b9b095a6c50be9a7/thomann-wishlist_60x60.png 3x"/>

</a>
<a target="_blank" title="Amazon Wishlist" href="http://www.amazon.de/registry/wishlist/1V1E7XILCXWIR">

<img class="podlove-contributor-button" alt="Amazon Wishlist Icon" width="20" height="20" src="http://freakshow.fm/wp-content/cache/podlove/73/1a97f1a661ba2bc518de585ac7b1f0/amazon-wishlist_20x20.png" srcset="http://freakshow.fm/wp-content/cache/podlove/73/1a97f1a661ba2bc518de585ac7b1f0/amazon-wishlist_20x20.png 1x, http://freakshow.fm/wp-content/cache/podlove/73/1a97f1a661ba2bc518de585ac7b1f0/amazon-wishlist_40x40.png 2x, http://freakshow.fm/wp-content/cache/podlove/73/1a97f1a661ba2bc518de585ac7b1f0/amazon-wishlist_60x60.png 3x"/>

</a>
<a target="_blank" title="Bitcoin" href="bitcoin:1PcuTtgeoeqCAw4ys1krihUmFWqfSsThjJ">

<img class="podlove-contributor-button" alt="Bitcoin Icon" width="20" height="20" src="http://freakshow.fm/wp-content/cache/podlove/eb/ba070d1032d6fb36948df4638bf842/bitcoin_20x20.png" srcset="http://freakshow.fm/wp-content/cache/podlove/eb/ba070d1032d6fb36948df4638bf842/bitcoin_20x20.png 1x, http://freakshow.fm/wp-content/cache/podlove/eb/ba070d1032d6fb36948df4638bf842/bitcoin_40x40.png 2x, http://freakshow.fm/wp-content/cache/podlove/eb/ba070d1032d6fb36948df4638bf842/bitcoin_60x60.png 3x"/>

</a>
</td>
<td class="flattr_cell">
<a target="_blank"
class="FlattrButton"
style="display:none;"
title="Flattr hukl @ FS190 Bitte werfen Sie eine Münze ein"
rel="flattr;uid:hukl;button:compact;popout:0"
href="http://freakshow.fm/fs190-bitte-werfen-sie-eine-muenze-ein#1b7bfd8872e214c0d1a9bd2ffc050af6">
hukl @ FS190 Bitte werfen Sie eine Münze ein
</a>
</td>
</tr><tr>
<td class="avatar_cell">

<img class="avatar avatar-50 photo" alt="avatar" width="50" height="50" src="http://freakshow.fm/wp-content/cache/podlove/b2/425e5c8f180ddf548c95be1c2d7bcf/denis-ahrens_50x50.jpg" srcset="http://freakshow.fm/wp-content/cache/podlove/b2/425e5c8f180ddf548c95be1c2d7bcf/denis-ahrens_50x50.jpg 1x, http://freakshow.fm/wp-content/cache/podlove/b2/425e5c8f180ddf548c95be1c2d7bcf/denis-ahrens_100x100.jpg 2x, http://freakshow.fm/wp-content/cache/podlove/b2/425e5c8f180ddf548c95be1c2d7bcf/denis-ahrens_150x150.jpg 3x"/>

</td>
<td class="title_cell">
Denis Ahrens
</td>
<td class="social_cell">
<a target="_blank" title="Twitter" href="https://twitter.com/denis2342">

<img class="podlove-contributor-button" alt="Twitter Icon" width="20" height="20" src="http://freakshow.fm/wp-content/cache/podlove/c5/72e54d382c6c528667f3690521d54b/twitter_20x20.png" srcset="http://freakshow.fm/wp-content/cache/podlove/c5/72e54d382c6c528667f3690521d54b/twitter_20x20.png 1x, http://freakshow.fm/wp-content/cache/podlove/c5/72e54d382c6c528667f3690521d54b/twitter_40x40.png 2x, http://freakshow.fm/wp-content/cache/podlove/c5/72e54d382c6c528667f3690521d54b/twitter_60x60.png 3x"/>

</a>
</td>
<td class="donation_cell">
<a target="_blank" title="Amazon Wishlist" href="http://www.amazon.de/registry/wishlist/2ML0PY82TGHKE">

<img class="podlove-contributor-button" alt="Amazon Wishlist Icon" width="20" height="20" src="http://freakshow.fm/wp-content/cache/podlove/73/1a97f1a661ba2bc518de585ac7b1f0/amazon-wishlist_20x20.png" srcset="http://freakshow.fm/wp-content/cache/podlove/73/1a97f1a661ba2bc518de585ac7b1f0/amazon-wishlist_20x20.png 1x, http://freakshow.fm/wp-content/cache/podlove/73/1a97f1a661ba2bc518de585ac7b1f0/amazon-wishlist_40x40.png 2x, http://freakshow.fm/wp-content/cache/podlove/73/1a97f1a661ba2bc518de585ac7b1f0/amazon-wishlist_60x60.png 3x"/>

</a>
<a target="_blank" title="Bitcoin" href="bitcoin:1AF3itzDnBS2ks7KLnsLrSV32NxCWiEtvZ">

<img class="podlove-contributor-button" alt="Bitcoin Icon" width="20" height="20" src="http://freakshow.fm/wp-content/cache/podlove/eb/ba070d1032d6fb36948df4638bf842/bitcoin_20x20.png" srcset="http://freakshow.fm/wp-content/cache/podlove/eb/ba070d1032d6fb36948df4638bf842/bitcoin_20x20.png 1x, http://freakshow.fm/wp-content/cache/podlove/eb/ba070d1032d6fb36948df4638bf842/bitcoin_40x40.png 2x, http://freakshow.fm/wp-content/cache/podlove/eb/ba070d1032d6fb36948df4638bf842/bitcoin_60x60.png 3x"/>

</a>
</td>
<td class="flattr_cell">
<a target="_blank"
class="FlattrButton"
style="display:none;"
title="Flattr Denis Ahrens @ FS190 Bitte werfen Sie eine Münze ein"
rel="flattr;uid:denis2342;button:compact;popout:0"
href="http://freakshow.fm/fs190-bitte-werfen-sie-eine-muenze-ein#b5a01936058f8e7216bc9c2becffa476">
Denis Ahrens @ FS190 Bitte werfen Sie eine Münze ein
</a>
</td>
</tr><tr>
<td class="avatar_cell">

<img class="avatar avatar-50 photo" alt="avatar" width="50" height="50" src="http://freakshow.fm/wp-content/cache/podlove/9a/e990dd5df5a7252185e40a217cc858/roddi_50x50.jpg" srcset="http://freakshow.fm/wp-content/cache/podlove/9a/e990dd5df5a7252185e40a217cc858/roddi_50x50.jpg 1x, http://freakshow.fm/wp-content/cache/podlove/9a/e990dd5df5a7252185e40a217cc858/roddi_100x100.jpg 2x, http://freakshow.fm/wp-content/cache/podlove/9a/e990dd5df5a7252185e40a217cc858/roddi_150x150.jpg 3x"/>

</td>
<td class="title_cell">
roddi
</td>
<td class="social_cell">
<a target="_blank" title="App.net" href="https://alpha.app.net/roddi">

<img class="podlove-contributor-button" alt="App.net Icon" width="20" height="20" src="http://freakshow.fm/wp-content/cache/podlove/9f/e252e46017841477cfc51a4feff70a/app-net_20x20.png" srcset="http://freakshow.fm/wp-content/cache/podlove/9f/e252e46017841477cfc51a4feff70a/app-net_20x20.png 1x, http://freakshow.fm/wp-content/cache/podlove/9f/e252e46017841477cfc51a4feff70a/app-net_40x40.png 2x, http://freakshow.fm/wp-content/cache/podlove/9f/e252e46017841477cfc51a4feff70a/app-net_60x60.png 3x"/>

</a>
<a target="_blank" title="Website" href="http://winkenschuerfel.de">

<img class="podlove-contributor-button" alt="Website Icon" width="20" height="20" src="http://freakshow.fm/wp-content/cache/podlove/57/c70d4194182f0ce312d6481d2cd2d1/website_20x20.png" srcset="http://freakshow.fm/wp-content/cache/podlove/57/c70d4194182f0ce312d6481d2cd2d1/website_20x20.png 1x, http://freakshow.fm/wp-content/cache/podlove/57/c70d4194182f0ce312d6481d2cd2d1/website_40x40.png 2x, http://freakshow.fm/wp-content/cache/podlove/57/c70d4194182f0ce312d6481d2cd2d1/website_60x60.png 3x"/>

</a>
<a target="_blank" title="Twitter" href="https://twitter.com/roddi">

<img class="podlove-contributor-button" alt="Twitter Icon" width="20" height="20" src="http://freakshow.fm/wp-content/cache/podlove/c5/72e54d382c6c528667f3690521d54b/twitter_20x20.png" srcset="http://freakshow.fm/wp-content/cache/podlove/c5/72e54d382c6c528667f3690521d54b/twitter_20x20.png 1x, http://freakshow.fm/wp-content/cache/podlove/c5/72e54d382c6c528667f3690521d54b/twitter_40x40.png 2x, http://freakshow.fm/wp-content/cache/podlove/c5/72e54d382c6c528667f3690521d54b/twitter_60x60.png 3x"/>

</a>
</td>
<td class="donation_cell">
<a target="_blank" title="Amazon Wishlist" href="http://www.amazon.de/registry/wishlist/B592HHIU21KP">

<img class="podlove-contributor-button" alt="Amazon Wishlist Icon" width="20" height="20" src="http://freakshow.fm/wp-content/cache/podlove/73/1a97f1a661ba2bc518de585ac7b1f0/amazon-wishlist_20x20.png" srcset="http://freakshow.fm/wp-content/cache/podlove/73/1a97f1a661ba2bc518de585ac7b1f0/amazon-wishlist_20x20.png 1x, http://freakshow.fm/wp-content/cache/podlove/73/1a97f1a661ba2bc518de585ac7b1f0/amazon-wishlist_40x40.png 2x, http://freakshow.fm/wp-content/cache/podlove/73/1a97f1a661ba2bc518de585ac7b1f0/amazon-wishlist_60x60.png 3x"/>

</a>
<a target="_blank" title="Bitcoin" href="bitcoin:1Jqtu8fgruJt3NAm15K7WSfRKsN8vXoCND">

<img class="podlove-contributor-button" alt="Bitcoin Icon" width="20" height="20" src="http://freakshow.fm/wp-content/cache/podlove/eb/ba070d1032d6fb36948df4638bf842/bitcoin_20x20.png" srcset="http://freakshow.fm/wp-content/cache/podlove/eb/ba070d1032d6fb36948df4638bf842/bitcoin_20x20.png 1x, http://freakshow.fm/wp-content/cache/podlove/eb/ba070d1032d6fb36948df4638bf842/bitcoin_40x40.png 2x, http://freakshow.fm/wp-content/cache/podlove/eb/ba070d1032d6fb36948df4638bf842/bitcoin_60x60.png 3x"/>

</a>
</td>
<td class="flattr_cell">
<a target="_blank"
class="FlattrButton"
style="display:none;"
title="Flattr roddi @ FS190 Bitte werfen Sie eine Münze ein"
rel="flattr;uid:roddi;button:compact;popout:0"
href="http://freakshow.fm/fs190-bitte-werfen-sie-eine-muenze-ein#31162a674eb19e42f26fbaf582b21824">
roddi @ FS190 Bitte werfen Sie eine Münze ein
</a>
</td>
</tr><tr>
<td class="avatar_cell">

<img class="avatar avatar-50 photo" alt="avatar" width="50" height="50" src="http://freakshow.fm/wp-content/cache/podlove/0f/9c18f5e825496b9060337f92814142/clemens-schrimpe_50x50.jpg" srcset="http://freakshow.fm/wp-content/cache/podlove/0f/9c18f5e825496b9060337f92814142/clemens-schrimpe_50x50.jpg 1x, http://freakshow.fm/wp-content/cache/podlove/0f/9c18f5e825496b9060337f92814142/clemens-schrimpe_100x100.jpg 2x, http://freakshow.fm/wp-content/cache/podlove/0f/9c18f5e825496b9060337f92814142/clemens-schrimpe_150x150.jpg 3x"/>

</td>
<td class="title_cell">
Clemens Schrimpe
<br><em>via Satellit</em>
</td>
<td class="social_cell">
<a target="_blank" title="Twitter" href="https://twitter.com/csch42">

<img class="podlove-contributor-button" alt="Twitter Icon" width="20" height="20" src="http://freakshow.fm/wp-content/cache/podlove/c5/72e54d382c6c528667f3690521d54b/twitter_20x20.png" srcset="http://freakshow.fm/wp-content/cache/podlove/c5/72e54d382c6c528667f3690521d54b/twitter_20x20.png 1x, http://freakshow.fm/wp-content/cache/podlove/c5/72e54d382c6c528667f3690521d54b/twitter_40x40.png 2x, http://freakshow.fm/wp-content/cache/podlove/c5/72e54d382c6c528667f3690521d54b/twitter_60x60.png 3x"/>

</a>
</td>
<td class="donation_cell">
</td>
<td class="flattr_cell">
</td>
</tr><tr>
<th colspan="2" class="contributor-group">
Support
</th>
</tr>
<tr>
<td class="avatar_cell">

<img class="avatar avatar-50 photo" alt="avatar" width="50" height="50" src="http://freakshow.fm/wp-content/cache/podlove/b3/c8cc8a1989aa0fc4488d473517b1ee/david-scribane_50x50.jpg" srcset="http://freakshow.fm/wp-content/cache/podlove/b3/c8cc8a1989aa0fc4488d473517b1ee/david-scribane_50x50.jpg 1x, http://freakshow.fm/wp-content/cache/podlove/b3/c8cc8a1989aa0fc4488d473517b1ee/david-scribane_100x100.jpg 2x, http://freakshow.fm/wp-content/cache/podlove/b3/c8cc8a1989aa0fc4488d473517b1ee/david-scribane_150x150.jpg 3x"/>

</td>
<td class="title_cell">
David Scribane
</td>
<td class="social_cell">
<a target="_blank" title="Website" href="http://www.schwarmtaler.de/">

<img class="podlove-contributor-button" alt="Website Icon" width="20" height="20" src="http://freakshow.fm/wp-content/cache/podlove/57/c70d4194182f0ce312d6481d2cd2d1/website_20x20.png" srcset="http://freakshow.fm/wp-content/cache/podlove/57/c70d4194182f0ce312d6481d2cd2d1/website_20x20.png 1x, http://freakshow.fm/wp-content/cache/podlove/57/c70d4194182f0ce312d6481d2cd2d1/website_40x40.png 2x, http://freakshow.fm/wp-content/cache/podlove/57/c70d4194182f0ce312d6481d2cd2d1/website_60x60.png 3x"/>

</a>
<a target="_blank" title="App.net" href="https://alpha.app.net/david_1701">

<img class="podlove-contributor-button" alt="App.net Icon" width="20" height="20" src="http://freakshow.fm/wp-content/cache/podlove/9f/e252e46017841477cfc51a4feff70a/app-net_20x20.png" srcset="http://freakshow.fm/wp-content/cache/podlove/9f/e252e46017841477cfc51a4feff70a/app-net_20x20.png 1x, http://freakshow.fm/wp-content/cache/podlove/9f/e252e46017841477cfc51a4feff70a/app-net_40x40.png 2x, http://freakshow.fm/wp-content/cache/podlove/9f/e252e46017841477cfc51a4feff70a/app-net_60x60.png 3x"/>

</a>
<a target="_blank" title="Twitter" href="https://twitter.com/david_1701">

<img class="podlove-contributor-button" alt="Twitter Icon" width="20" height="20" src="http://freakshow.fm/wp-content/cache/podlove/c5/72e54d382c6c528667f3690521d54b/twitter_20x20.png" srcset="http://freakshow.fm/wp-content/cache/podlove/c5/72e54d382c6c528667f3690521d54b/twitter_20x20.png 1x, http://freakshow.fm/wp-content/cache/podlove/c5/72e54d382c6c528667f3690521d54b/twitter_40x40.png 2x, http://freakshow.fm/wp-content/cache/podlove/c5/72e54d382c6c528667f3690521d54b/twitter_60x60.png 3x"/>

</a>
<a target="_blank" title="Soundcloud" href="https://soundcloud.com/david1701">

<img class="podlove-contributor-button" alt="Soundcloud Icon" width="20" height="20" src="http://freakshow.fm/wp-content/cache/podlove/0e/c4fda65edb0920e82b0f72125b760d/soundcloud_20x20.png" srcset="http://freakshow.fm/wp-content/cache/podlove/0e/c4fda65edb0920e82b0f72125b760d/soundcloud_20x20.png 1x, http://freakshow.fm/wp-content/cache/podlove/0e/c4fda65edb0920e82b0f72125b760d/soundcloud_40x40.png 2x, http://freakshow.fm/wp-content/cache/podlove/0e/c4fda65edb0920e82b0f72125b760d/soundcloud_60x60.png 3x"/>

</a>
</td>
<td class="donation_cell">
<a target="_blank" title="Amazon Wishlist" href="http://www.amazon.de/registry/wishlist/242QWSRDTGS3R">

<img class="podlove-contributor-button" alt="Amazon Wishlist Icon" width="20" height="20" src="http://freakshow.fm/wp-content/cache/podlove/73/1a97f1a661ba2bc518de585ac7b1f0/amazon-wishlist_20x20.png" srcset="http://freakshow.fm/wp-content/cache/podlove/73/1a97f1a661ba2bc518de585ac7b1f0/amazon-wishlist_20x20.png 1x, http://freakshow.fm/wp-content/cache/podlove/73/1a97f1a661ba2bc518de585ac7b1f0/amazon-wishlist_40x40.png 2x, http://freakshow.fm/wp-content/cache/podlove/73/1a97f1a661ba2bc518de585ac7b1f0/amazon-wishlist_60x60.png 3x"/>

</a>
</td>
<td class="flattr_cell">
<a target="_blank"
class="FlattrButton"
style="display:none;"
title="Flattr David Scribane @ FS190 Bitte werfen Sie eine Münze ein"
rel="flattr;uid:david1701;button:compact;popout:0"
href="http://freakshow.fm/fs190-bitte-werfen-sie-eine-muenze-ein#ec543789a6c7125ec3ee324bba177a93">
David Scribane @ FS190 Bitte werfen Sie eine Münze ein
</a>
</td>
</tr><tr>
<td class="avatar_cell">

<img class="avatar avatar-50 photo" alt="avatar" width="50" height="50" src="http://freakshow.fm/wp-content/cache/podlove/45/ce6b75c64b8f9b2f129bf536daf95f/ccc-voc_50x50.jpg" srcset="http://freakshow.fm/wp-content/cache/podlove/45/ce6b75c64b8f9b2f129bf536daf95f/ccc-voc_50x50.jpg 1x, http://freakshow.fm/wp-content/cache/podlove/45/ce6b75c64b8f9b2f129bf536daf95f/ccc-voc_100x100.jpg 2x, http://freakshow.fm/wp-content/cache/podlove/45/ce6b75c64b8f9b2f129bf536daf95f/ccc-voc_150x150.jpg 3x"/>

</td>
<td class="title_cell">
CCC VOC
</td>
<td class="social_cell">
<a target="_blank" title="Website" href="http://c3voc.de">

<img class="podlove-contributor-button" alt="Website Icon" width="20" height="20" src="http://freakshow.fm/wp-content/cache/podlove/57/c70d4194182f0ce312d6481d2cd2d1/website_20x20.png" srcset="http://freakshow.fm/wp-content/cache/podlove/57/c70d4194182f0ce312d6481d2cd2d1/website_20x20.png 1x, http://freakshow.fm/wp-content/cache/podlove/57/c70d4194182f0ce312d6481d2cd2d1/website_40x40.png 2x, http://freakshow.fm/wp-content/cache/podlove/57/c70d4194182f0ce312d6481d2cd2d1/website_60x60.png 3x"/>

</a>
<a target="_blank" title="Twitter" href="https://twitter.com/c3voc">

<img class="podlove-contributor-button" alt="Twitter Icon" width="20" height="20" src="http://freakshow.fm/wp-content/cache/podlove/c5/72e54d382c6c528667f3690521d54b/twitter_20x20.png" srcset="http://freakshow.fm/wp-content/cache/podlove/c5/72e54d382c6c528667f3690521d54b/twitter_20x20.png 1x, http://freakshow.fm/wp-content/cache/podlove/c5/72e54d382c6c528667f3690521d54b/twitter_40x40.png 2x, http://freakshow.fm/wp-content/cache/podlove/c5/72e54d382c6c528667f3690521d54b/twitter_60x60.png 3x"/>

</a>
<a target="_blank" title="GitHub" href="https://github.com/voc">

<img class="podlove-contributor-button" alt="GitHub Icon" width="20" height="20" src="http://freakshow.fm/wp-content/cache/podlove/bf/27ad80c5e819166336cda15fd00acc/github_20x20.png" srcset="http://freakshow.fm/wp-content/cache/podlove/bf/27ad80c5e819166336cda15fd00acc/github_20x20.png 1x, http://freakshow.fm/wp-content/cache/podlove/bf/27ad80c5e819166336cda15fd00acc/github_40x40.png 2x, http://freakshow.fm/wp-content/cache/podlove/bf/27ad80c5e819166336cda15fd00acc/github_60x60.png 3x"/>

</a>
</td>
<td class="donation_cell">
</td>
<td class="flattr_cell">
</td>
</tr></tbody>
</table>

<script type="text/javascript">
(function() {
var s = document.createElement('script'), t = document.getElementsByTagName('script')[0];
s.type = 'text/javascript';
s.async = true;
s.src = 'https://api.flattr.com/js/0.6/load.js?mode=auto';
t.parentNode.insertBefore(s, t);
})();
</script>


<strong>Shownotes:</strong>

<div id="osf_usnid_9074_blockstyle">
<div class="osf_chapterbox">  <h2></h2> <span class="osf_chaptertime" data-time=""></span><p class="osf_items">
<a href="https://en.wikipedia.org/wiki/Silent_disco">Silent Disco</a>&nbsp;—&#32;<a href="https://www.youtube.com/watch?v=xr78TygsNZk">Kein Pardon</a>&nbsp;—&#32;<a href="https://ourworldindata.org">Our World in Data</a>&nbsp;—&#32;<a href="http://www.windows93.net">Windows 93</a>&nbsp;—&#32;<a href="http://blank.org">blank.org</a>&nbsp;—&#32;<a href="https://www.amazon.de/gp/product/B01JXV99DU/?ie=UTF8&amp;linkCode=as2&amp;tag=mobilemacs-21">Professional XML</a>&nbsp;—&#32;<a href="https://www.amazon.de/gp/product/0470192747/?ie=UTF8&amp;linkCode=as2&amp;tag=mobilemacs-21">XSLT 2.0 and XPath 2.0 Programmer&#039;s Reference</a>.</p></div></div>


<hr/>

<p><iframe width="560" height="315" src="https://www.youtube.com/embed/-wOv3P9Am3g" frameborder="0" allowfullscreen></iframe></p>
]]></content:encoded>
      <psc:chapters xmlns:psc="http://podlove.org/simple-chapters" version="1.2">
        <psc:chapter start="00:00:00.000" title="Intro"/>
        <psc:chapter start="00:01:23.494" title="Opener"/>
        <psc:chapter start="00:01:48.396" title="Begrüßung"/>
        <psc:chapter start="00:04:31.088" title="Passwörter"/>
        <psc:chapter start="00:07:32.367" title="Kopfhörer"/>
        <psc:chapter start="00:08:59.677" title="Clemens ruft an"/>
        <psc:chapter start="00:16:10.764" title="Kopfhörerpartys"/>
        <psc:chapter start="00:21:37.158" title="33C3 Lounge"/>
        <psc:chapter start="00:25:07.297" title="Glücksmelodieautomat"/>
        <psc:chapter start="00:27:14.426" title="There is no game"/>
        <psc:chapter start="00:30:09.298" title="Luftqualität"/>
        <psc:chapter start="00:34:14.713" title="Carrie Fisher"/>
        <psc:chapter start="00:38:10.653" title="33C3 Kidspace"/>
        <psc:chapter start="00:39:59.788" title="Edward Snowden war da"/>
        <psc:chapter start="00:41:59.188" title="Optimismus"/>
        <psc:chapter start="00:52:42.660" title="Webverzeichnis"/>
        <psc:chapter start="00:59:22.804" title="Startseiten"/>
        <psc:chapter start="01:04:15.255" title="Verhinderte Kunstprojekte"/>
        <psc:chapter start="01:07:14.609" title="Kram"/>
        <psc:chapter start="01:13:10.023" title="Einhornliebe"/>
        <psc:chapter start="01:15:09.346" title="Ardutouch Synthesizer"/>
        <psc:chapter start="01:17:53.400" title="Tims Marotten"/>
        <psc:chapter start="01:23:56.074" title="Soziale Feedbackschleife"/>
        <psc:chapter start="01:28:45.944" title="Ausklang"/>
      </psc:chapters>
      <atom:link rel="payment" title="Flattr this!" href="https://flattr.com/submit/auto?user_id=timpritlove&amp;language=de_DE&amp;url=http%3A%2F%2Ffreakshow.fm%2Ffs190-bitte-werfen-sie-eine-muenze-ein&amp;title=FS190+Bitte+werfen+Sie+eine+M%C3%BCnze+ein&amp;description=Es+war+wieder+Congress+und+wir+entschlossen+uns%2C+eine+weitere+Freak+Show+auf+der+B%C3%BChne+des+Sendezentrums+durchzuf%C3%BChren.+Es+geht+um+allerlei+Belangloses+und+im+Kern+machen+wir+uns+nur+zum+Horst.+Aber+das+muss+ja+auch+mal+sein.+Wir+danken+allen%2C+die+gekommen+sind." type="text/html"/>
      <atom:contributor>
        <atom:name>Tim Pritlove</atom:name>
        <atom:uri>http://tim.pritlove.org/</atom:uri>
      </atom:contributor>
    </item>
  </channel>
